time,robot_id,x,y,vx,vy
0.0000,0,64.989974,37.698585,0.000000,0.000000
0.0000,1,64.377290,38.899843,0.000000,0.000000
0.0000,2,65.686762,38.092553,0.000000,0.000000
0.0000,3,64.299597,38.103191,0.000000,0.000000
0.0000,4,65.152687,38.700387,0.000000,0.000000
0.0000,5,113.098947,37.686101,0.000000,0.000000
0.0000,6,112.109700,37.602028,0.000000,0.000000
0.0000,7,113.101230,38.799999,0.000000,0.000000
0.0000,8,111.723403,38.635135,0.000000,0.000000
0.0000,9,112.459490,38.321590,0.000000,0.000000
0.0200,0,64.997156,37.715452,0.699109,1.538192
0.0200,1,64.388405,38.916874,1.106143,1.793884
0.0200,2,65.697471,38.077181,1.164125,-1.453385
0.0200,3,64.306562,38.119504,0.567318,1.542619
0.0200,4,65.170870,38.692689,1.787535,-0.755764
0.0200,5,113.084349,37.674826,-1.438064,-1.104250
0.0200,6,112.090769,37.593612,-1.918308,-0.933392
0.0200,7,113.102572,38.780709,0.229498,-1.822661
0.0200,8,111.707261,38.623290,-1.588111,-1.161824
0.0200,9,112.459742,38.302625,-0.016169,-1.827272
0.0400,0,65.012853,37.759335,0.963436,2.775331
0.0400,1,64.420380,38.965254,2.075230,3.020726
0.0400,2,65.734972,38.036337,2.568587,-2.623073
0.0400,3,64.324567,38.167620,1.116634,3.298930
0.0400,4,65.223043,38.670759,3.403114,-1.421017
0.0400,5,113.042180,37.642911,-2.761052,-2.063255
0.0400,6,112.035359,37.567808,-3.606487,-1.627850
0.0400,7,113.108275,38.726852,0.331168,-3.536999
0.0400,8,111.660815,38.589625,-3.036890,-2.177097
0.0400,9,112.459635,38.248937,-0.226794,-3.413207
0.0600,0,65.033015,37.827499,1.152663,3.976508
0.0600,1,64.470701,39.036871,2.958611,4.250526
0.0600,2,65.799463,37.972323,3.857514,-3.782861
0.0600,3,64.353054,38.248879,1.598866,4.730516
0.0600,4,65.306013,38.636561,4.870388,-1.982095
0.0600,5,112.974675,37.593106,-3.879256,-2.997426
0.0600,6,111.948826,37.531573,-5.026724,-1.976497
0.0600,7,113.113776,38.639005,0.220425,-5.215667
0.0600,8,111.586358,38.537568,-4.397121,-2.991170
0.0600,9,112.441898,38.170119,-1.623317,-4.339043
0.0800,0,65.056732,37.919961,1.291353,5.136443
0.0800,1,64.539295,39.139013,3.885564,5.786387
0.0800,2,65.888200,37.884738,4.860148,-4.978097
0.0800,3,64.389660,38.349388,2.068103,5.439604
0.0800,4,65.416969,38.592132,6.273906,-2.312789
0.0800,5,112.891157,37.519976,-4.462535,-4.292793
0.0800,6,111.835016,37.489622,-6.337373,-2.194986
0.0800,7,113.117147,38.519463,0.117981,-6.708608
0.0800,8,111.485227,38.471809,-5.703627,-3.550176
0.0800,9,112.391625,38.080581,-3.390871,-4.581829
0.1000,0,65.090346,38.024739,2.010738,5.333344
0.1000,1,64.625755,39.261431,4.776364,6.411947
0.1000,2,65.988220,37.773705,5.135451,-6.102758
0.1000,3,64.432085,38.473364,2.174733,6.926655
0.1000,4,65.559544,38.549586,7.986883,-1.980840
0.1000,5,112.796358,37.422524,-5.017882,-5.418662
0.1000,6,111.695953,37.444812,-7.552683,-2.264563
0.1000,7,113.118547,38.371814,0.023267,-8.027574
0.1000,8,111.358202,38.403205,-6.995287,-3.130271
0.1000,9,112.306886,37.987976,-5.062733,-4.658190
0.1200,0,65.130789,38.136639,1.898513,5.952831
0.1200,1,64.730946,39.393693,5.762789,6.757806
0.1200,2,66.093376,37.641496,5.373121,-7.097693
0.1200,3,64.480896,38.622334,2.801374,7.875777
0.1200,4,65.734359,38.507189,9.409401,-2.416863
0.1200,5,112.690325,37.304669,-5.591616,-6.326876
0.1200,6,111.533624,37.399509,-8.667645,-2.224071
0.1200,7,113.118126,38.199576,-0.064194,-9.164983
0.1200,8,111.206402,38.346967,-8.159755,-2.479746
0.1200,9,112.189883,37.895002,-6.628660,-4.607312
0.1400,0,65.166054,38.264104,1.642189,6.825621
0.1400,1,64.857289,39.528795,6.892372,6.666167
0.1400,2,66.202903,37.490595,5.574462,-7.972888
0.1400,3,64.543791,38.787542,3.490156,8.618276
0.1400,4,65.931375,38.448140,10.201709,-3.564667
0.1400,5,112.570497,37.173473,-6.477224,-6.651278
0.1400,6,111.349693,37.358530,-9.708555,-1.827867
0.1400,7,113.115157,38.006497,-0.332237,-10.092308
0.1400,8,111.032814,38.304633,-9.176900,-1.747637
0.1400,9,112.043792,37.803031,-7.890658,-4.654607
0.1600,0,65.202419,38.410849,2.132567,7.844273
0.1600,1,65.008183,39.659074,8.251432,6.385469
0.1600,2,66.316604,37.323525,5.818701,-8.703152
0.1600,3,64.619361,38.963719,3.999066,8.876998
0.1600,4,66.136272,38.363251,10.140246,-4.935159
0.1600,5,112.429659,37.042097,-7.599435,-6.454567
0.1600,6,111.146127,37.328228,-10.622455,-1.149565
0.1600,7,113.099281,37.799028,-1.345789,-10.571914
0.1600,8,110.840096,38.276993,-10.085387,-1.049726
0.1600,9,111.876280,37.707928,-8.854739,-4.823772
0.1800,0,65.261766,38.557621,3.939096,6.460810
0.1800,1,65.186742,39.780698,9.516394,5.599183
0.1800,2,66.436243,37.143544,6.143522,-9.276872
0.1800,3,64.700427,39.145546,4.213068,9.361101
0.1800,4,66.335919,38.251390,9.807792,-6.229717
0.1800,5,112.266916,36.916294,-8.662839,-6.107026
0.1800,6,110.925926,37.314246,-11.371831,-0.224433
0.1800,7,113.059594,37.586363,-2.634984,-10.648791
0.1800,8,110.629674,38.261058,-10.942448,-0.553239
0.1800,9,111.689777,37.611542,-9.790049,-4.778535
0.2000,0,65.355026,38.673592,5.360811,5.150681
0.2000,1,65.387656,39.880734,10.463405,4.263641
0.2000,2,66.563838,36.954164,6.690025,-9.585266
0.2000,3,64.792911,39.332585,5.144324,9.383296
0.2000,4,66.528265,38.115043,9.424496,-7.378946
0.2000,5,112.083620,36.798574,-9.655449,-5.643605
0.2000,6,110.692092,37.319539,-11.990969,0.759043
0.2000,7,112.994141,37.374135,-3.901727,-10.550515
0.2000,8,110.403000,38.254731,-11.713077,-0.094008
0.2000,9,111.485051,37.517753,-10.677238,-4.537635
0.2200,0,65.475247,38.764330,6.639483,3.942239
0.2200,1,65.603951,39.950164,11.135803,2.665716
0.2200,2,66.706367,36.763687,7.607531,-9.369999
0.2200,3,64.907669,39.517269,6.361284,8.970103
0.2200,4,66.712961,37.957229,9.047023,-8.380672
0.2200,5,111.881151,36.691432,-10.579473,-5.049785
0.2200,6,110.447052,37.344700,-12.498912,1.749728
0.2200,7,112.903824,37.165327,-5.121761,-10.306993
0.2200,8,110.161465,38.256008,-12.433890,0.174177
0.2200,9,111.262931,37.433242,-11.517129,-3.852311
0.2400,0,65.619803,38.832098,7.791410,2.837871
0.2400,1,65.831985,39.987167,11.652498,1.050886
0.2400,2,66.869022,36.582610,8.665836,-8.657721
0.2400,3,65.047609,39.687397,7.618954,7.971517
0.2400,4,66.890183,37.780625,8.676664,-9.260033
0.2400,5,111.660963,36.597047,-11.426463,-4.369105
0.2400,6,110.192429,37.388752,-12.985666,2.411384
0.2400,7,112.789604,36.962765,-6.294416,-9.921228
0.2400,8,109.906720,38.255252,-13.016765,-0.361603
0.2400,9,111.025334,37.366216,-12.215188,-2.804973
0.2600,0,65.785579,38.877013,8.746212,1.622671
0.2600,1,66.070112,39.993915,12.151042,-0.352913
0.2600,2,67.052869,36.420368,9.704535,-7.509322
0.2600,3,65.211532,39.833764,8.744588,6.614846
0.2600,4,67.060609,37.587742,8.404166,-9.997767
0.2600,5,111.424627,36.518301,-12.191130,-3.468471
0.2600,6,109.926772,37.432979,-13.572158,2.027939
0.2600,7,112.652184,36.769867,-7.441265,-9.338107
0.2600,8,109.641064,38.242305,-13.536855,-0.931255
0.2600,9,110.775255,37.321857,-12.773213,-1.625277
0.2800,0,65.967538,38.895291,9.393125,0.168023
0.2800,1,66.317016,39.972879,12.512228,-1.755948
0.2800,2,67.256497,36.283125,10.642110,-6.234949
0.2800,3,65.396180,39.950604,9.688396,5.044936
0.2800,4,67.235505,37.392432,9.275795,-9.265044
0.2800,5,111.174013,36.459305,-12.851025,-2.406845
0.2800,6,109.650024,37.469564,-14.090324,1.620269
0.2800,7,112.492318,36.590277,-8.534393,-8.599408
0.2800,8,109.365738,38.217991,-13.987467,-1.490100
0.2800,9,110.515222,37.301474,-13.213164,-0.414115
0.3000,0,66.159405,38.883080,9.752219,-1.394281
0.3000,1,66.569306,39.923315,12.680506,-3.210591
0.3000,2,67.477947,36.170137,11.486119,-5.055551
0.3000,3,65.597765,40.034745,10.439785,3.359628
0.3000,4,67.430920,37.216647,10.248591,-8.326429
0.3000,5,110.911466,36.423091,-13.379116,-1.188879
0.3000,6,109.365519,37.492875,-14.307425,0.622029
0.3000,7,112.311321,36.426490,-9.552507,-7.764159
0.3000,8,109.079373,38.189880,-14.706435,-1.126120
0.3000,9,110.247151,37.304763,-13.617373,0.495162
0.3200,0,66.355641,38.839235,9.816570,-2.996189
0.3200,1,66.822865,39.844289,12.643704,-4.690860
0.3200,2,67.715189,36.081842,12.221150,-3.768155
0.3200,3,65.812623,40.084829,11.022279,1.654436
0.3200,4,67.644889,37.060733,11.134235,-7.232039
0.3200,5,110.639858,36.412573,-13.758158,0.148784
0.3200,6,109.077901,37.496553,-14.449954,-0.196989
0.3200,7,112.110732,36.280329,-10.493365,-6.835947
0.3200,8,108.777449,38.174471,-15.479057,-0.417514
0.3200,9,109.969460,37.313006,-14.146199,0.350518
0.3400,0,66.549972,38.763301,9.580727,-4.584939
0.3400,1,67.073747,39.735805,12.409630,-6.153331
0.3400,2,67.966492,36.017321,12.903630,-2.781095
0.3400,3,66.038263,40.101985,11.542680,0.103563
0.3400,4,67.875706,36.926796,11.933650,-6.202812
0.3400,5,110.361885,36.429060,-14.023073,1.494976
0.3400,6,108.787698,37.486692,-14.567478,-0.765545
0.3400,7,111.892121,36.153684,-11.353703,-5.820766
0.3400,8,108.460613,38.172529,-16.193282,0.207501
0.3400,9,109.681726,37.318415,-14.616269,0.178250
0.3600,0,66.738668,38.656861,9.283444,-6.034061
0.3600,1,67.318016,39.598513,11.985867,-7.564736
0.3600,2,68.230800,35.967208,13.507013,-2.302083
0.3600,3,66.273837,40.089753,11.987753,-1.330730
0.3600,4,68.121621,36.810286,12.640786,-5.501308
0.3600,5,110.079630,36.472241,-14.253693,2.605568
0.3600,6,108.495217,37.466714,-14.740682,-1.088822
0.3600,7,111.657147,36.047818,-12.128770,-4.744125
0.3600,8,108.130277,38.181631,-16.763608,0.538016
0.3600,9,109.385124,37.320218,-15.041116,0.031513
0.3800,0,66.920468,38.522709,8.877317,-7.361176
0.3800,1,67.551786,39.433691,11.357908,-8.902355
0.3800,2,68.506072,35.923499,14.033258,-2.200254
0.3800,3,66.516630,40.048587,12.260890,-2.790268
0.3800,4,68.380637,36.705085,13.218786,-4.934131
0.3800,5,109.789588,36.524471,-14.741263,2.601338
0.3800,6,108.195896,37.447963,-15.183361,-0.812809
0.3800,7,111.407651,35.965061,-12.802421,-3.508727
0.3800,8,107.792982,38.187809,-16.954484,0.053436
0.3800,9,109.080159,37.321541,-15.450850,0.145192
0.4000,0,67.093354,38.363371,8.408803,-8.544895
0.4000,1,67.771158,39.243147,10.571604,-10.128712
0.4000,2,68.792942,35.875020,14.656663,-2.614638
0.4000,3,66.762934,39.977956,12.334782,-4.275600
0.4000,4,68.648565,36.616237,13.553407,-3.973726
0.4000,5,109.490292,36.576388,-15.181680,2.611811
0.4000,6,107.888260,37.432581,-15.569151,-0.765466
0.4000,7,111.145772,35.908004,-13.366300,-2.184891
0.4000,8,107.452514,38.183070,-17.085994,-0.529872
0.4000,9,108.767357,37.326954,-15.822805,0.396040
0.4200,0,67.256930,38.182084,7.953684,-9.554832
0.4200,1,67.974579,39.029520,9.756835,-11.211481
0.4200,2,69.092349,35.820340,15.271932,-2.890434
0.4200,3,67.008746,39.877655,12.215386,-5.749157
0.4200,4,68.922406,36.546163,13.832360,-3.006027
0.4200,5,109.182614,36.630128,-15.577675,2.791864
0.4200,6,107.573545,37.416324,-15.894903,-0.867670
0.4200,7,110.873837,35.878230,-13.805549,-0.780928
0.4200,8,107.109650,38.166966,-17.197731,-1.072225
0.4200,9,108.447488,37.337091,-16.158201,0.616471
0.4400,0,67.411667,37.982286,7.524172,-10.401314
0.4400,1,68.161054,38.795606,9.188095,-11.949069
0.4400,2,69.403129,35.757112,15.799369,-3.413906
0.4400,3,67.250310,39.748284,11.913328,-7.176842
0.4400,4,69.202007,36.497268,14.119145,-1.913219
0.4400,5,108.867533,36.688837,-15.923037,3.083823
0.4400,6,107.252687,37.397919,-16.185263,-0.972834
0.4400,7,110.594444,35.877148,-14.111086,0.679551
0.4400,8,106.764596,38.140847,-17.317565,-1.486145
0.4400,9,108.121245,37.351160,-16.460299,0.752650
0.4600,0,67.568676,37.778272,8.428035,-9.706687
0.4600,1,68.353387,38.559920,10.026191,-11.627743
0.4600,2,69.724210,35.685567,16.267610,-3.575718
0.4600,3,67.484130,39.591072,11.432110,-8.533032
0.4600,4,69.486380,36.466308,14.337823,-1.371885
0.4600,5,108.545911,36.753146,-16.234202,3.337162
0.4600,6,106.926301,37.377627,-16.453041,-1.029675
0.4600,7,110.310241,35.905499,-14.292361,2.149853
0.4600,8,106.416545,38.110085,-17.488110,-1.565004
0.4600,9,107.789405,37.365223,-16.714362,0.616918
0.4800,0,67.748058,37.594211,9.491617,-8.712286
0.4800,1,68.561385,38.330269,10.755758,-11.340370
0.4800,2,70.052237,35.619636,16.532056,-3.015784
0.4800,3,67.706259,39.407543,10.757023,-9.800688
0.4800,4,69.776623,36.436861,14.685997,-1.554404
0.4800,5,108.218353,36.821936,-16.518791,3.511916
0.4800,6,106.594529,37.358514,-16.722352,-0.843049
0.4800,7,110.023329,35.962757,-14.459804,3.361171
0.4800,8,106.065211,38.078177,-17.642035,-1.626346
0.4800,9,107.452945,37.375286,-16.927451,0.390392
0.5000,0,67.947586,37.428669,10.442123,-7.873388
0.5000,1,68.782910,38.106226,11.378470,-11.068042
0.5000,2,70.385386,35.565059,16.781050,-2.431513
0.5000,3,67.913791,39.199914,9.989187,-10.938796
0.5000,4,70.073904,36.405151,15.040795,-1.600440
0.5000,5,107.885284,36.891302,-16.782031,3.372872
0.5000,6,106.257566,37.344436,-16.969617,-0.572909
0.5000,7,109.729351,36.031597,-14.929671,3.524446
0.5000,8,105.710960,38.045189,-17.781214,-1.665531
0.5000,9,107.112475,37.380837,-17.116168,0.168309
0.5200,0,68.164956,37.277857,11.275267,-7.240930
0.5200,1,69.015704,37.887072,11.880673,-10.862412
0.5200,2,70.723425,35.523161,17.020373,-1.744679
0.5200,3,68.105433,38.970909,9.162897,-11.939078
0.5200,4,70.378101,36.373168,15.375379,-1.589268
0.5200,5,107.547320,36.956016,-17.009739,3.095516
0.5200,6,105.915910,37.335210,-17.192080,-0.354025
0.5200,7,109.426485,36.104289,-15.347986,3.761460
0.5200,8,105.354009,38.012035,-17.911973,-1.645188
0.5200,9,106.768277,37.382995,-17.306075,0.093564
0.5400,0,68.397823,37.137845,11.991962,-6.789060
0.5400,1,69.257592,37.671526,12.325261,-10.643082
0.5400,2,71.066012,35.494420,17.225730,-1.204861
0.5400,3,68.291728,38.731152,9.739221,-11.839380
0.5400,4,70.688868,36.342232,15.702911,-1.474792
0.5400,5,107.205078,37.014975,-17.210331,2.798178
0.5400,6,105.570027,37.330219,-17.392780,-0.140724
0.5400,7,109.115818,36.182780,-15.708573,4.105229
0.5400,8,104.994657,37.978762,-18.015357,-1.714615
0.5400,9,106.420237,37.386230,-17.495149,0.242585
0.5600,0,68.643769,37.004981,12.579533,-6.531311
0.5600,1,69.509575,37.463705,12.861082,-10.146456
0.5600,2,71.411916,35.472419,17.361814,-1.000324
0.5600,3,68.494273,38.497089,10.497860,-11.572842
0.5600,4,71.006204,36.315131,16.023908,-1.244337
0.5600,5,106.858984,37.068508,-17.398813,2.590704
0.5600,6,105.220329,37.329621,-17.573567,0.061997
0.5600,7,108.798499,36.268835,-16.017415,4.493216
0.5600,8,104.633787,37.942091,-18.063095,-1.974779
0.5600,9,106.068600,37.392386,-17.665523,0.364539
0.5800,0,68.900302,36.875846,13.068844,-6.372482
0.5800,1,69.771122,37.264373,13.272929,-9.811883
0.5800,2,71.760663,35.455489,17.518138,-0.651534
0.5800,3,68.710949,38.268097,11.152167,-11.327763
0.5800,4,71.329233,36.290690,16.260121,-1.249800
0.5800,5,106.509179,37.120258,-17.578560,2.608556
0.5800,6,104.867307,37.330977,-17.720368,0.025871
0.5800,7,108.475278,36.361907,-16.300151,4.803983
0.5800,8,104.272281,37.899611,-18.086989,-2.267022
0.5800,9,105.713730,37.400667,-17.818827,0.463485
0.6000,0,69.166892,36.751994,13.597707,-5.963049
0.6000,1,70.040022,37.070893,13.623680,-9.510924
0.6000,2,72.112701,35.447530,17.682037,-0.160489
0.6000,3,68.939625,38.043826,11.694379,-11.109697
0.6000,4,71.655994,36.263909,16.411503,-1.429247
0.6000,5,106.155960,37.172786,-17.740769,2.629887
0.6000,6,104.511821,37.329502,-17.725692,-0.263516
0.6000,7,108.146620,36.460330,-16.566867,4.981811
0.6000,8,103.910370,37.851520,-18.207339,-2.435337
0.6000,9,105.355941,37.411141,-17.957656,0.582145
0.6200,0,69.443701,36.636678,14.057053,-5.626430
0.6200,1,70.316481,36.885277,14.024192,-9.032317
0.6200,2,72.467232,35.445578,17.748265,-0.118756
0.6200,3,69.177940,37.823234,12.126043,-10.950548
0.6200,4,71.986165,36.235329,16.619629,-1.367811
0.6200,5,105.799653,37.225125,-17.887469,2.601246
0.6200,6,104.162163,37.317440,-17.242742,-0.930475
0.6200,7,107.812630,36.558379,-16.827262,4.789502
0.6200,8,103.539666,37.807749,-18.866326,-1.901947
0.6200,9,104.995551,37.423022,-18.075573,0.562790
0.6400,0,69.728412,36.525675,14.410555,-5.466617
0.6400,1,70.600966,36.710118,14.425713,-8.463857
0.6400,2,72.822483,35.442458,17.785931,-0.164863
0.6400,3,69.425666,37.608441,12.665796,-10.476334
0.6400,4,72.320820,36.209945,16.834796,-1.203328
0.6400,5,105.440558,37.276883,-18.019656,2.576492
0.6400,6,103.819660,37.295029,-17.115106,-1.187578
0.6400,7,107.473718,36.651617,-17.059326,4.527460
0.6400,8,103.158132,37.773773,-19.183277,-1.574541
0.6400,9,104.633251,37.431910,-18.147584,0.302285
0.6600,0,70.020302,36.419084,14.780266,-5.171111
0.6600,1,70.893692,36.548064,14.848069,-7.715999
0.6600,2,73.178848,35.439640,17.851876,-0.109227
0.6600,3,69.683782,37.403148,13.121656,-10.086242
0.6600,4,72.658743,36.184888,16.932406,-1.358132
0.6600,5,105.078960,37.327619,-18.136240,2.458847
0.6600,6,103.475277,37.273548,-17.321186,-0.939154
0.6600,7,107.130436,36.739202,-17.265682,4.238750
0.6600,8,102.774525,37.743139,-19.175288,-1.507146
0.6600,9,104.269747,37.435047,-18.201389,0.014593
0.6800,0,70.319538,36.319257,15.140528,-4.803225
0.6800,1,71.194591,36.401097,15.226060,-7.023399
0.6800,2,73.536684,35.438678,17.936232,0.035991
0.6800,3,69.949742,37.204080,13.468056,-9.819101
0.6800,4,72.997393,36.154379,16.937433,-1.676208
0.6800,5,104.715398,37.373327,-18.212155,2.078626
0.6800,6,103.126945,37.257428,-17.636488,-0.702797
0.6800,7,106.783173,36.822149,-17.457907,4.089396
0.6800,8,102.391360,37.712013,-19.132963,-1.643049
0.6800,9,103.905241,37.432641,-18.125510,-0.199138
0.7000,0,70.625869,36.227513,15.493544,-4.345638
0.7000,1,71.501944,36.265124,15.494247,-6.604514
0.7000,2,73.896465,35.442128,18.043674,0.327009
0.7000,3,70.222866,37.011571,13.852830,-9.402079
0.7000,4,73.336778,36.119190,17.006895,-1.823056
0.7000,5,104.350623,37.410488,-18.263697,1.640743
0.7000,6,102.767755,37.244761,-18.151605,-0.561780
0.7000,7,106.432273,36.903925,-17.628596,4.097501
0.7000,8,102.009463,37.676509,-19.055656,-1.909396
0.7000,9,103.546635,37.429683,-17.864993,-0.084436
0.7200,0,70.939272,36.146419,15.841474,-3.766816
0.7200,1,71.814242,36.136955,15.748040,-6.164677
0.7200,2,74.258393,35.451800,18.145387,0.620817
0.7200,3,70.503886,36.828617,14.249141,-8.879101
0.7200,4,73.677896,36.082282,17.114097,-1.834750
0.7200,5,103.984954,37.438916,-18.173073,1.217474
0.7200,6,102.403838,37.233748,-18.231800,-0.584773
0.7200,7,106.078124,36.985628,-17.784150,4.059453
0.7200,8,101.629089,37.635841,-18.982821,-2.152345
0.7200,9,103.187992,37.429021,-18.128305,0.015538
0.7400,0,71.262160,36.070779,16.510327,-3.954774
0.7400,1,72.132366,36.020900,16.063242,-5.428948
0.7400,2,74.621974,35.465432,18.200373,0.693301
0.7400,3,70.789804,36.661730,14.265958,-7.675368
0.7400,4,74.021702,36.047288,17.269793,-1.643549
0.7400,5,103.625659,37.461068,-17.892269,1.048137
0.7400,6,102.038720,37.220506,-18.278207,-0.740405
0.7400,7,105.721001,37.066014,-17.925737,3.975733
0.7400,8,101.249759,37.591926,-18.964433,-2.168504
0.7400,9,102.819363,37.430184,-18.601091,0.085106
0.7600,0,71.599525,35.987237,17.227600,-4.379016
0.7600,1,72.456297,35.918190,16.306178,-4.915303
0.7600,2,74.985857,35.477810,18.176479,0.515689
0.7600,3,71.074068,36.521874,14.147947,-6.342858
0.7600,4,74.368598,36.016510,17.413790,-1.451065
0.7600,5,103.266502,37.481729,-18.021033,1.016762
0.7600,6,101.672747,37.204224,-18.318672,-0.883433
0.7600,7,105.361192,37.144761,-18.052998,3.896182
0.7600,8,100.870326,37.550231,-18.974611,-2.030995
0.7600,9,102.446922,37.430956,-18.635195,-0.049817
0.7800,0,71.951560,35.898434,17.977570,-4.417604
0.7800,1,72.783613,35.821814,16.420232,-4.729973
0.7800,2,75.348871,35.485728,18.134603,0.302421
0.7800,3,71.355228,36.405462,13.957359,-5.371317
0.7800,4,74.717854,35.988062,17.498126,-1.430226
0.7800,5,102.904902,37.501732,-18.136603,0.977667
0.7800,6,101.305767,37.186476,-18.386529,-0.830754
0.7800,7,104.998968,37.220760,-18.164759,3.654231
0.7800,8,100.491092,37.508995,-18.940012,-2.127600
0.7800,9,102.074240,37.427094,-18.630261,-0.342277
0.8000,0,72.314144,35.815078,18.165369,-3.886263
0.8000,1,73.113536,35.730182,16.578494,-4.412408
0.8000,2,75.711980,35.492203,18.294771,0.311258
0.8000,3,71.636180,36.301659,14.233152,-5.101737
0.8000,4,75.067939,35.957976,17.390099,-1.526282
0.8000,5,102.541209,37.519838,-18.224472,0.790751
0.8000,6,100.937208,37.172328,-18.466436,-0.607726
0.8000,7,104.634895,37.289151,-18.236523,3.164053
0.8000,8,100.112910,37.464534,-18.878702,-2.315644
0.8000,9,101.701733,37.417379,-18.619460,-0.628327
0.8200,0,72.672072,35.740236,17.493647,-3.626948
0.8200,1,73.452007,35.645148,17.392044,-4.084778
0.8200,2,76.084731,35.495761,18.860486,0.119772
0.8200,3,71.924768,36.202642,14.637527,-4.741819
0.8200,4,75.409035,35.929110,16.841107,-1.432832
0.8200,5,102.176315,37.531825,-18.258400,0.391361
0.8200,6,100.567378,37.160137,-18.632054,-0.695016
0.8200,7,104.269616,37.347266,-18.289060,2.648202
0.8200,8,99.735919,37.416506,-18.824077,-2.473615
0.8200,9,101.329273,37.402897,-18.513792,-0.712660
0.8400,0,73.014617,35.670527,16.917361,-3.337018
0.8400,1,73.808953,35.567928,18.160317,-3.591723
0.8400,2,76.461785,35.499268,18.840727,0.210884
0.8400,3,72.221801,36.113423,15.057222,-4.192440
0.8400,4,75.747031,35.900163,16.978194,-1.402030
0.8400,5,101.810946,37.535567,-18.277652,-0.011963
0.8400,6,100.192393,37.143807,-18.741295,-0.898573
0.8400,7,103.903391,37.395246,-18.337203,2.179311
0.8400,8,99.359368,37.368232,-18.841862,-2.296674
0.8400,9,100.960693,37.390700,-18.465918,-0.562227
0.8600,0,73.354339,35.606598,17.057894,-3.041169
0.8600,1,74.173061,35.502713,18.249175,-2.937850
0.8600,2,76.838260,35.503713,18.806274,0.229365
0.8600,3,72.526381,36.033086,15.375122,-3.904746
0.8600,4,76.088229,35.873597,17.138084,-1.259019
0.8600,5,101.445229,37.531590,-18.301645,-0.347740
0.8600,6,99.817733,37.124251,-18.725930,-1.049951
0.8600,7,103.535878,37.436538,-18.416709,1.989050
0.8600,8,98.982312,37.324179,-18.857222,-2.148873
0.8600,9,100.590930,37.378607,-18.500658,-0.690807
0.8800,0,73.697128,35.549814,17.225842,-2.608677
0.8800,1,74.538740,35.449310,18.308490,-2.451612
0.8800,2,77.214037,35.508348,18.771428,0.231963
0.8800,3,72.835788,35.955197,15.559894,-3.887331
0.8800,4,76.432327,35.849304,17.264719,-1.186462
0.8800,5,101.078437,37.524330,-18.380447,-0.349816
0.8800,6,99.443019,37.103547,-18.754277,-0.957687
0.8800,7,103.166758,37.475150,-18.493928,1.872356
0.8800,8,98.605440,37.280612,-18.822603,-2.234638
0.8800,9,100.220961,37.362110,-18.494471,-0.960147
0.9000,0,74.043461,35.503133,17.406280,-2.054672
0.9000,1,74.904867,35.402574,18.292589,-2.258462
0.9000,2,77.589137,35.512974,18.738611,0.228534
0.9000,3,73.149200,35.878885,15.786659,-3.722406
0.9000,4,76.778586,35.825657,17.357829,-1.182609
0.9000,5,100.710197,37.516578,-18.434656,-0.467930
0.9000,6,99.067506,37.086616,-18.792643,-0.773839
0.9000,7,102.796177,37.511380,-18.561414,1.731894
0.9000,8,98.229466,37.234640,-18.775978,-2.357774
0.9000,9,99.851146,37.340407,-18.486659,-1.206890
0.9200,0,74.393217,35.467021,17.562212,-1.589274
0.9200,1,75.270187,35.358213,18.246708,-2.160529
0.9200,2,77.963591,35.517444,18.710256,0.228984
0.9200,3,73.467277,35.806754,16.024355,-3.470609
0.9200,4,77.126567,35.801993,17.438684,-1.183753
0.9200,5,100.341452,37.504162,-18.433242,-0.790767
0.9200,6,98.691621,37.070647,-18.788218,-0.857079
0.9200,7,102.424553,37.542851,-18.591949,1.374599
0.9200,8,97.854372,37.186438,-18.741587,-2.431234
0.9200,9,99.481223,37.315067,-18.517770,-1.259874
0.9400,0,74.745474,35.437658,17.649551,-1.393011
0.9400,1,75.635440,35.318228,18.291302,-1.790237
0.9400,2,78.337980,35.524000,18.737260,0.469149
0.9400,3,73.790373,35.741200,16.288958,-3.055904
0.9400,4,77.476087,35.778357,17.512453,-1.177848
0.9400,5,99.972916,37.485021,-18.420402,-1.117339
0.9400,6,98.316109,37.051879,-18.762858,-1.018111
0.9400,7,102.052798,37.565421,-18.580696,0.878976
0.9400,8,97.479259,37.140126,-18.775067,-2.166409
0.9400,9,99.110245,37.291441,-18.575902,-1.128117
0.9600,0,75.098710,35.409990,17.666691,-1.390657
0.9600,1,76.001961,35.287177,18.359310,-1.323617
0.9600,2,78.713004,35.535670,18.756681,0.650813
0.9600,3,74.118837,35.685202,16.554033,-2.544394
0.9600,4,77.827001,35.754857,17.578070,-1.170697
0.9600,5,99.604604,37.459784,-18.421882,-1.357709
0.9600,6,97.941142,37.029872,-18.737699,-1.166212
0.9600,7,101.681358,37.578182,-18.562022,0.399840
0.9600,8,97.103566,37.098423,-18.782681,-2.062366
0.9600,9,98.738507,37.268204,-18.588577,-1.232774
0.9800,0,75.452350,35.382632,17.713747,-1.294353
0.9800,1,76.369677,35.264518,18.407911,-0.965364
0.9800,2,79.087766,35.548034,18.709025,0.550950
0.9800,3,74.452286,35.638742,16.780979,-2.135132
0.9800,4,78.179337,35.732078,17.667466,-1.055453
0.9800,5,99.235527,37.433453,-18.487225,-1.260839
0.9800,6,97.566132,37.007706,-18.770839,-0.998920
0.9800,7,101.310115,37.582408,-18.575471,0.093083
0.9800,8,96.728613,37.055352,-18.704215,-2.024305
0.9800,9,98.366959,37.241339,-18.565346,-1.453395
1.0000,0,75.807774,35.360231,17.831254,-0.929046
1.0000,1,76.738140,35.247883,18.436818,-0.706576
1.0000,2,79.461570,35.558321,18.689165,0.542882
1.0000,3,74.789533,35.598075,16.928877,-1.970946
1.0000,4,78.534023,35.714266,17.796900,-0.741160
1.0000,5,98.865358,37.407998,-18.520437,-1.325166
1.0000,6,97.190366,36.989514,-18.797064,-0.875855
1.0000,7,100.938053,37.583818,-18.627349,0.030108
1.0000,8,96.356075,37.028204,-18.502089,-0.626305
1.0000,9,97.995890,37.210214,-18.542400,-1.652996
1.0200,0,76.165515,35.345208,17.938752,-0.590179
1.0200,1,77.107118,35.236049,18.460082,-0.482236
1.0200,2,79.835683,35.571303,18.722970,0.760884
1.0200,3,75.128900,35.558689,16.998532,-1.984990
1.0200,4,78.890828,35.700847,17.870049,-0.646655
1.0200,5,98.495085,37.379181,-18.501609,-1.569777
1.0200,6,96.814857,36.970038,-18.743285,-1.105346
1.0200,7,100.565347,37.581955,-18.633276,-0.254063
1.0200,8,95.990367,37.032040,-18.044703,1.015562
1.0200,9,97.624828,37.177093,-18.576328,-1.591386
1.0400,0,76.525105,35.335713,18.015595,-0.377023
1.0400,1,77.476534,35.228481,18.481193,-0.277799
1.0400,2,80.210592,35.589827,18.767707,1.089689
1.0400,3,75.469603,35.519147,17.089753,-1.915145
1.0400,4,79.248304,35.686959,17.877637,-0.739454
1.0400,5,98.125316,37.345305,-18.474822,-1.815231
1.0400,6,96.441140,36.955235,-18.598536,-0.100086
1.0400,7,100.193031,37.572797,-18.596369,-0.662482
1.0400,8,95.634507,37.068227,-17.565745,2.559043
1.0400,9,97.252763,37.147227,-18.622877,-1.439074
1.0600,0,76.886032,35.329773,18.075571,-0.221495
1.0600,1,77.846333,35.224735,18.499516,-0.095344
1.0600,2,80.586021,35.612308,18.757086,1.081169
1.0600,3,75.813088,35.484299,17.261097,-1.551929
1.0600,4,79.606643,35.673783,17.968797,-0.526504
1.0600,5,97.756015,37.306964,-18.470292,-1.953398
1.0600,6,96.072705,36.968105,-18.205186,1.417579
1.0600,7,99.821475,37.555721,-18.559202,-1.039967
1.0600,8,95.285403,37.130955,-17.425003,3.555910
1.0600,9,96.880478,37.117039,-18.590184,-1.627524
1.0800,0,77.248068,35.326680,18.127068,-0.090337
1.0800,1,78.216698,35.225456,18.544136,0.212305
1.0800,2,80.959899,35.630371,18.596868,0.660369
1.0800,3,76.159934,35.456871,17.418884,-1.204948
1.0800,4,79.967023,35.665936,18.071427,-0.226413
1.0800,5,97.385997,37.269688,-18.529448,-1.782435
1.0800,6,95.713734,37.011984,-17.692970,2.949690
1.0800,7,99.450301,37.532648,-18.573207,-1.195089
1.0800,8,94.935369,37.203699,-17.587806,3.620943
1.0800,9,96.509664,37.091748,-18.460403,-0.612827
1.1000,0,77.611082,35.326079,18.172797,0.025523
1.1000,1,78.588215,35.234124,18.603693,0.623302
1.1000,2,81.328328,35.636455,18.213947,-0.086584
1.1000,3,76.509589,35.435239,17.540775,-0.976496
1.1000,4,80.329547,35.665341,18.173564,0.115973
1.1000,5,97.015205,37.233826,-18.534619,-1.859462
1.1000,6,95.358481,37.082752,-17.788275,3.982815
1.1000,7,99.078350,37.509149,-18.616259,-1.184746
1.1000,8,94.579574,37.273474,-18.095628,3.320080
1.1000,9,96.151584,37.095311,-17.323779,0.981199
1.1200,0,77.974962,35.327666,18.218210,0.146579
1.1200,1,78.960482,35.248147,18.610754,0.725186
1.1200,2,81.687131,35.625846,17.627767,-0.999086
1.1200,3,76.861421,35.417445,17.640301,-0.806759
1.1200,4,80.693380,35.667864,18.187473,0.066480
1.1200,5,96.645178,37.193741,-18.450976,-1.875973
1.1200,6,94.999593,37.164957,-17.885742,4.068319
1.1200,7,98.706005,37.483714,-18.608687,-1.390208
1.1200,8,94.214386,37.335386,-18.537677,3.047879
1.1200,9,95.814088,37.130397,-16.565963,2.496153
1.1400,0,78.340121,35.333675,18.302843,0.491060
1.1400,1,79.332437,35.262322,18.597143,0.742859
1.1400,2,82.038148,35.603894,17.606178,-1.006781
1.1400,3,77.215126,35.402842,17.728507,-0.656252
1.1400,4,81.055869,35.665415,18.027053,-0.367784
1.1400,5,96.278920,37.171538,-17.995671,-0.300090
1.1400,6,94.640576,37.243748,-18.007117,3.738702
1.1400,7,98.334275,37.452832,-18.563529,-1.696411
1.1400,8,93.843439,37.399733,-18.558525,3.245095
1.1400,9,95.485042,37.193189,-16.523899,3.698290
1.1600,0,78.706972,35.346700,18.373659,0.759803
1.1600,1,79.704875,35.280217,18.647713,1.055082
1.1600,2,82.391315,35.585526,17.707712,-0.836115
1.1600,3,77.570511,35.391141,17.808292,-0.517224
1.1600,4,81.412964,35.651291,17.644539,-1.080908
1.1600,5,95.931083,37.181379,-16.800787,1.253349
1.1600,6,94.279622,37.313050,-18.092605,3.292018
1.1600,7,97.963438,37.416092,-18.521453,-1.969786
1.1600,8,93.473861,37.454997,-18.305358,2.120323
1.1600,9,95.145478,37.273004,-17.462026,4.138756
1.1800,0,79.074578,35.361898,18.377092,0.726267
1.1800,1,80.078357,35.304796,18.701561,1.427189
1.1800,2,82.746304,35.570039,17.794945,-0.692414
1.1800,3,77.927400,35.382056,17.881726,-0.384281
1.1800,4,81.760305,35.621218,17.199778,-1.742631
1.1800,5,95.600362,37.220490,-16.444379,2.605336
1.1800,6,93.917396,37.382555,-18.131016,3.618139
1.1800,7,97.592821,37.376452,-18.554734,-1.928033
1.1800,8,93.114905,37.481544,-17.520038,0.503827
1.1800,9,94.791967,37.354367,-17.752329,3.920593
1.2000,0,79.442260,35.376495,18.406040,0.796624
1.2000,1,80.452851,35.336448,18.738812,1.664008
1.2000,2,83.103513,35.560478,17.929489,-0.224188
1.2000,3,78.286060,35.377218,17.991274,-0.052259
1.2000,4,82.105752,35.588852,17.341841,-1.499562
1.2000,5,95.271045,37.281388,-16.541159,3.342512
1.2000,6,93.559888,37.447569,-17.418668,2.674718
1.2000,7,97.221277,37.338973,-18.591560,-1.859739
1.2000,8,92.769752,37.475490,-17.080828,-1.095976
1.2000,9,94.435812,37.427238,-17.854294,3.334671
1.2200,0,79.811072,35.395195,18.474684,1.073465
1.2200,1,80.827002,35.367744,18.642990,1.379404
1.2200,2,83.463398,35.560852,18.056866,0.256076
1.2200,3,78.647017,35.380031,18.096821,0.288041
1.2200,4,82.453895,35.561150,17.468829,-1.279026
1.2200,5,94.937669,37.348972,-16.798518,3.334788
1.2200,6,93.224070,37.485779,-16.112020,1.121567
1.2200,7,96.849702,37.300027,-18.549058,-2.081430
1.2200,8,92.431975,37.438079,-16.686038,-2.634097
1.2200,9,94.077741,37.493348,-17.950493,3.430106
1.2400,0,80.181293,35.420574,18.547412,1.469643
1.2400,1,81.196930,35.388851,18.307080,0.677424
1.2400,2,83.825702,35.570345,18.170260,0.667383
1.2400,3,79.009468,35.386594,18.136088,0.325965
1.2400,4,82.804398,35.537488,17.589378,-1.037387
1.2400,5,94.599388,37.412355,-17.017023,2.943503
1.2400,6,92.911667,37.491929,-15.213718,-0.515125
1.2400,7,96.480499,37.267003,-18.325190,-0.898345
1.2400,8,92.108800,37.370917,-15.486544,-4.053880
1.2400,9,93.717668,37.560944,-18.040598,3.127084
1.2600,0,80.552706,35.451525,18.576680,1.541231
1.2600,1,81.557837,35.393521,17.747318,-0.234976
1.2600,2,84.189980,35.585865,18.198094,1.103646
1.2600,3,79.372354,35.392768,18.166357,0.347659
1.2600,4,83.157795,35.522119,17.748987,-0.489209
1.2600,5,94.257358,37.465712,-17.186625,2.536933
1.2600,6,92.611599,37.464852,-14.917210,-2.194090
1.2600,7,96.118118,37.265189,-17.902033,0.709305
1.2600,8,91.802020,37.284366,-15.447577,-4.406741
1.2600,9,93.364115,37.612378,-17.118267,1.946621
1.2800,0,80.923196,35.478752,18.439682,1.115390
1.2800,1,81.911407,35.387286,17.737373,-0.196133
1.2800,2,84.551860,35.622898,18.011771,2.543406
1.2800,3,79.736580,35.402679,18.256036,0.646966
1.2800,4,83.514258,35.517700,17.894962,0.041897
1.2800,5,93.912067,37.520041,-17.345277,2.817608
1.2800,6,92.315103,37.404507,-14.701883,-3.835506
1.2800,7,95.763973,37.294121,-17.540302,2.134058
1.2800,8,91.491000,37.194972,-15.655373,-4.517665
1.2800,9,93.035603,37.637417,-15.690847,0.547728
1.3000,0,81.288910,35.494120,18.087994,0.373016
1.3000,1,82.267204,35.385302,17.840493,-0.005809
1.3000,2,84.911308,35.685245,17.953976,3.626675
1.3000,3,80.102606,35.419145,18.347575,1.023529
1.3000,4,83.873489,35.523269,18.024373,0.484923
1.3000,5,93.564199,37.570302,-17.380595,2.039631
1.3000,6,92.025075,37.311769,-14.535835,-5.225463
1.3000,7,95.414694,37.347438,-17.445005,3.077614
1.3000,8,91.175866,37.104023,-15.855167,-4.571851
1.3000,9,92.737124,37.634768,-14.148404,-0.800093
1.3200,0,81.645104,35.492310,17.500537,-0.571158
1.3200,1,82.624904,35.386690,17.927100,0.138297
1.3200,2,85.270803,35.765148,18.010037,4.293491
1.3200,3,80.470344,35.442543,18.413277,1.236058
1.3200,4,84.234965,35.535221,18.061745,0.933983
1.3200,5,93.224969,37.597536,-16.333959,0.619589
1.3200,6,91.728986,37.205769,-14.942628,-5.316583
1.3200,7,95.064439,37.411600,-17.595341,3.231868
1.3200,8,90.856896,37.012317,-16.039311,-4.593486
1.3200,9,92.459618,37.604068,-13.843383,-2.304596
1.3400,0,81.993808,35.479087,17.501988,-0.557519
1.3400,1,82.984521,35.392408,18.041542,0.493948
1.3400,2,85.632064,35.854359,18.119286,4.575473
1.3400,3,80.838161,35.465044,18.335978,0.938380
1.3400,4,84.594145,35.569300,17.878268,2.417243
1.3400,5,92.913344,37.594516,-14.792590,-0.909886
1.3400,6,91.427398,37.099616,-15.214592,-5.288217
1.3400,7,94.710925,37.474120,-17.747819,2.957080
1.3400,8,90.534387,36.920482,-16.209428,-4.585360
1.3400,9,92.183286,37.543080,-13.779285,-3.784498
1.3600,0,82.345084,35.469849,17.622792,-0.372263
1.3600,1,83.346552,35.407172,18.159523,0.976362
1.3600,2,85.995565,35.946251,18.227734,4.561474
1.3600,3,81.202356,35.477702,18.045631,0.280699
1.3600,4,84.951014,35.629432,17.831412,3.527363
1.3600,5,92.634729,37.561647,-13.054889,-2.355011
1.3600,6,91.120539,36.994458,-15.467940,-5.222757
1.3600,7,94.355026,37.527615,-17.837207,2.385022
1.3600,8,90.208604,36.829080,-16.366781,-4.550584
1.3600,9,91.909521,37.453021,-13.834610,-5.023650
1.3800,0,82.698557,35.463747,17.723876,-0.235272
1.3800,1,83.710826,35.431205,18.265939,1.412914
1.3800,2,86.360896,36.034728,18.298043,4.250719
1.3800,3,81.558399,35.474771,17.520046,-0.600958
1.3800,4,85.308197,35.707509,17.900812,4.210604
1.3800,5,92.390012,37.501514,-11.455010,-3.633006
1.3800,6,90.808810,36.890889,-15.701902,-5.129847
1.3800,7,93.997642,37.577039,-17.907866,2.655654
1.3800,8,89.879793,36.738616,-16.512453,-4.492197
1.3800,9,91.620815,37.349644,-14.997959,-5.305007
1.4000,0,83.054369,35.462796,17.863200,0.194911
1.4000,1,84.077061,35.462380,18.351346,1.655177
1.4000,2,86.727414,36.116239,18.354020,3.909301
1.4000,3,81.907650,35.461304,17.530026,-0.557956
1.4000,4,85.667379,35.795302,18.020344,4.517511
1.4000,5,92.170885,37.415986,-10.577713,-4.925609
1.4000,6,90.492582,36.789422,-15.918027,-5.013158
1.4000,7,93.638504,37.626871,-17.972448,2.157408
1.4000,8,89.548177,36.649530,-16.647418,-4.413057
1.4000,9,91.315809,37.242568,-15.367757,-5.366673
1.4200,0,83.413005,35.471543,17.998125,0.674119
1.4200,1,84.442380,35.506171,18.133842,2.938923
1.4200,2,87.095070,36.191499,18.416832,3.673675
1.4200,3,82.259461,35.452101,17.649131,-0.364798
1.4200,4,86.029001,35.886266,18.138551,4.524568
1.4200,5,91.967532,37.305310,-10.023176,-5.925415
1.4200,6,90.172198,36.690497,-16.117677,-4.876217
1.4200,7,93.281652,37.658065,-17.637157,0.877648
1.4200,8,89.213970,36.562194,-16.770140,-4.321970
1.4200,9,91.006222,37.135218,-15.588205,-5.362283
1.4400,0,83.774208,35.489502,18.119627,1.103212
1.4400,1,84.803387,35.577629,17.994179,4.139639
1.4400,2,87.464230,36.265391,18.497935,3.720051
1.4400,3,82.613487,35.446387,17.750440,-0.214360
1.4400,4,86.392643,35.974187,18.219182,4.236200
1.4400,5,91.759549,37.187043,-10.763046,-5.896022
1.4400,6,89.847976,36.594486,-16.302058,-4.722389
1.4400,7,92.935570,37.660459,-16.911434,-0.659176
1.4400,8,88.877526,36.476518,-16.875771,-4.235372
1.4400,9,90.692385,37.028306,-15.793049,-5.323557
1.4600,0,84.137618,35.514196,18.213258,1.313524
1.4600,1,85.163157,35.668861,18.003162,4.910495
1.4600,2,87.834934,36.340215,18.404126,3.744033
1.4600,3,82.969688,35.444883,17.877387,0.126637
1.4600,4,86.757706,36.055755,18.286833,3.927484
1.4600,5,91.537364,37.069902,-11.447815,-5.805799
1.4600,6,89.520211,36.501693,-16.472288,-4.554739
1.4600,7,92.606634,37.631748,-15.950328,-2.203219
1.4600,8,88.538242,36.395487,-16.898247,-3.799225
1.4600,9,90.374595,36.922479,-15.983577,-5.254304
1.4800,0,84.500468,35.550930,18.033020,2.575685
1.4800,1,85.524063,35.771301,18.095307,5.270526
1.4800,2,88.174945,36.415674,12.340312,8.244058
1.4800,3,83.328596,35.452420,18.011102,0.620964
1.4800,4,87.124142,36.131805,18.361324,3.736566
1.4800,5,91.301991,36.955133,-12.079732,-5.666607
1.4800,6,89.189184,36.412338,-16.626131,-4.384915
1.4800,7,92.298308,37.572929,-14.879720,-3.657132
1.4800,8,88.227186,36.322570,-10.945005,-7.998100
1.4800,9,90.053130,36.818312,-16.160894,-5.158232
1.5000,0,84.859911,35.614800,17.935757,3.744996
1.5000,1,85.887087,35.877507,18.206335,5.300668
1.5000,2,88.365648,36.698848,10.242312,15.367511
1.5000,3,83.690048,35.469482,18.131848,1.072583
1.5000,4,87.492250,36.207225,18.076601,3.854464
1.5000,5,91.054539,36.843420,-12.656704,-5.500498
1.5000,6,88.858202,36.325611,-16.184032,-4.465882
1.5000,7,92.011921,37.486244,-13.746252,-4.991351
1.5000,8,88.059770,36.042773,-9.152739,-14.949648
1.5000,9,89.728241,36.716305,-16.325953,-5.038927
1.5200,0,85.218771,35.697946,17.968556,4.495547
1.5200,1,86.252138,35.981166,18.291420,5.016574
1.5200,2,88.573742,37.002387,10.666493,14.820105
1.5200,3,84.053736,35.494112,18.231051,1.344589
1.5200,4,87.840783,36.297761,16.839850,5.375878
1.5200,5,90.796056,36.735265,-13.183610,-5.311594
1.5200,6,88.538371,36.230733,-15.824909,-4.983641
1.5200,7,91.738291,37.381399,-13.866814,-5.301679
1.5200,8,87.880233,35.742723,-8.951697,-15.094116
1.5200,9,89.400167,36.616890,-16.479540,-4.899933
1.5400,0,85.579140,35.791806,18.073780,4.832839
1.5400,1,86.618552,36.077419,18.349090,4.613152
1.5400,2,88.792978,37.284875,11.259013,13.352428
1.5400,3,84.416863,35.531883,18.035210,2.643023
1.5400,4,88.160631,36.421679,15.115578,7.493170
1.5400,5,90.527500,36.631080,-13.664687,-5.104217
1.5400,6,88.238996,36.126277,-14.057196,-6.144101
1.5400,7,91.457383,37.274642,-14.222216,-5.359827
1.5400,8,87.690530,35.446235,-10.021506,-14.276126
1.5400,9,89.070997,36.518378,-16.442792,-4.944704
1.5600,0,85.941770,35.889335,18.187340,4.868189
1.5600,1,86.986056,36.165803,18.404403,4.254968
1.5600,2,89.025952,37.537671,12.024063,11.937080
1.5600,3,84.776051,35.597583,17.910260,3.859856
1.5600,4,88.458923,36.593819,14.372832,9.258645
1.5600,5,90.249749,36.531192,-14.103766,-4.882432
1.5600,6,87.952151,35.981252,-14.918594,-7.601992
1.5600,7,91.169562,37.167347,-14.555194,-5.363713
1.5600,8,87.481338,35.176772,-10.884862,-12.679437
1.5600,9,88.749708,36.420669,-15.068301,-5.123181
1.5800,0,86.306411,35.984306,18.269483,4.587292
1.5800,1,87.348955,36.253034,17.722957,4.733789
1.5800,2,89.273338,37.762427,12.700359,10.542309
1.5800,3,85.134200,35.683544,17.923571,4.667077
1.5800,4,88.739352,36.807842,14.313862,11.781067
1.5800,5,89.963606,36.435853,-14.504318,-4.650026
1.5800,6,87.654751,35.831077,-14.568325,-7.553608
1.5800,7,90.875351,37.060334,-14.861731,-5.331832
1.5800,8,87.255605,34.938826,-11.678682,-11.110712
1.5800,9,88.457319,36.286704,-14.902935,-8.016294
1.6000,0,86.672417,36.072450,18.216989,4.300790
1.6000,1,87.696578,36.363014,17.013911,6.248001
1.6000,2,89.533453,37.959695,13.299133,9.194313
1.6000,3,85.493562,35.781488,18.021106,5.061748
1.6000,4,89.032449,37.035822,14.885017,10.876095
1.6000,5,89.669811,36.345239,-14.869495,-4.410507
1.6000,6,87.362696,35.671769,-14.758922,-8.298724
1.6000,7,90.575252,36.954287,-15.144272,-5.267876
1.6000,8,87.014540,34.733020,-12.417875,-9.447370
1.6000,9,88.158317,36.130425,-14.607487,-7.574631
1.6200,0,87.030811,36.162891,17.739137,4.890674
1.6200,1,88.027507,36.508734,16.376691,8.224733
1.6200,2,89.804855,38.130622,13.830541,7.906777
1.6200,3,85.855169,35.883885,18.138935,5.129249
1.6200,4,89.334401,37.242869,15.301404,9.826102
1.6200,5,89.369043,36.259460,-15.201777,-4.168253
1.6200,6,87.069176,35.504362,-14.646839,-8.394628
1.6200,7,90.269726,36.849807,-15.404846,-5.175724
1.6200,8,86.759371,34.561581,-13.086116,-7.691500
1.6200,9,87.875005,35.964773,-14.076106,-9.069693
1.6400,0,87.379919,36.267821,17.073918,5.688335
1.6400,1,88.359104,36.671021,16.701860,7.718883
1.6400,2,90.086278,38.276231,14.302448,6.661747
1.6400,3,86.218959,35.984451,18.232638,4.877429
1.6400,4,89.644185,37.428970,15.607589,8.923365
1.6400,5,89.062018,36.178282,-15.494124,-3.954732
1.6400,6,86.771990,35.344969,-15.079822,-7.325192
1.6400,7,89.959193,36.747421,-15.583207,-5.193283
1.6400,8,86.491579,34.424959,-13.681786,-5.987218
1.6400,9,87.594846,35.782204,-13.756551,-9.194315
1.6600,0,87.722398,36.392593,17.287245,6.497350
1.6600,1,88.691751,36.821694,16.548832,7.477263
1.6600,2,90.376606,38.397438,14.722167,5.468373
1.6600,3,86.582778,36.082949,18.151687,4.961547
1.6600,4,89.958550,37.599767,15.884321,8.028770
1.6600,5,88.752660,36.096387,-15.447212,-4.312810
1.6600,6,86.467693,35.206359,-15.346686,-6.530981
1.6600,7,89.646395,36.642492,-15.755526,-5.162269
1.6600,8,86.212555,34.321649,-14.209775,-4.356130
1.6600,9,87.316174,35.594587,-14.221012,-9.282109
1.6800,0,88.070091,36.519257,17.349800,6.315574
1.6800,1,89.018922,36.969668,16.032506,7.455060
1.6800,2,90.674862,38.495383,15.096389,4.338857
1.6800,3,86.943363,36.182761,17.899402,5.157327
1.6800,4,90.279300,37.750406,16.184635,7.042702
1.6800,5,88.440297,36.013940,-15.668908,-3.954819
1.6800,6,86.156875,35.089010,-15.728435,-5.216466
1.6800,7,89.335046,36.538167,-15.220230,-5.490847
1.6800,8,85.923422,34.248571,-14.697740,-3.050655
1.6800,9,87.030459,35.414442,-14.344480,-8.822469
1.7000,0,88.415808,36.652139,17.209204,6.941266
1.7000,1,89.339297,37.126759,16.226841,8.114594
1.7000,2,90.980199,38.571569,15.495704,3.413125
1.7000,3,87.302315,36.286344,18.013420,5.110512
1.7000,4,90.605710,37.881796,16.386471,5.985732
1.7000,5,88.126610,35.928475,-15.865766,-4.566169
1.7000,6,85.838848,34.995470,-16.063580,-4.212805
1.7000,7,89.031343,36.416007,-15.191236,-6.663659
1.7000,8,85.625323,34.195174,-15.018671,-2.496193
1.7000,9,86.739046,35.248652,-14.807097,-7.598443
1.7200,0,88.750160,36.797498,16.375659,7.663153
1.7200,1,89.667757,37.283370,16.558457,7.422830
1.7200,2,91.295409,38.647878,15.984836,4.467733
1.7200,3,87.658450,36.392275,17.544476,5.704481
1.7200,4,90.931992,37.985530,16.239635,4.401670
1.7200,5,87.811011,35.834095,-15.579722,-4.991235
1.7200,6,85.514866,34.918049,-16.282843,-3.470632
1.7200,7,88.735764,36.271986,-14.531911,-7.744793
1.7200,8,85.326093,34.142672,-14.929333,-2.883460
1.7200,9,86.438473,35.110382,-15.242648,-6.237092
1.7400,0,89.082881,36.954370,16.887775,7.775231
1.7400,1,90.001431,37.423856,16.804085,6.630801
1.7400,2,91.619367,38.749203,16.400293,5.629770
1.7400,3,88.009165,36.515911,17.408020,6.539278
1.7400,4,91.255391,38.058696,16.108723,2.943152
1.7400,5,87.496099,35.727762,-15.969430,-5.385547
1.7400,6,85.190092,34.857781,-16.144455,-2.663928
1.7400,7,88.440347,36.114980,-14.811682,-7.809848
1.7400,8,85.027026,34.075293,-14.989329,-3.818286
1.7400,9,86.129639,34.999096,-15.633907,-4.907567
1.7600,0,89.422904,37.102977,17.109669,7.081909
1.7600,1,90.339739,37.548818,17.022377,5.871128
1.7600,2,91.948892,38.866565,16.498163,5.958971
1.7600,3,88.353554,36.654803,17.248185,7.270889
1.7600,4,91.577609,38.114506,16.092393,3.058459
1.7600,5,87.174241,35.625304,-16.215464,-4.853675
1.7600,6,84.870252,34.803010,-15.818431,-2.982054
1.7600,7,88.145434,35.954587,-14.893079,-8.226926
1.7600,8,84.725931,33.997934,-15.154788,-3.676501
1.7600,9,85.813414,34.911599,-15.977407,-3.922772
1.7800,0,89.767100,37.237733,17.306026,6.397445
1.7800,1,90.682165,37.658945,17.216524,5.147901
1.7800,2,92.279881,38.986020,16.617500,5.938513
1.7800,3,88.700799,36.794524,17.424277,6.540852
1.7800,4,91.897715,38.185870,15.929077,4.046851
1.7800,5,86.847260,35.535092,-16.487083,-4.121349
1.7800,6,84.558104,34.738082,-15.398891,-3.503173
1.7800,7,87.843037,35.795409,-15.291246,-7.567056
1.7800,8,84.419077,33.934075,-15.535894,-2.577895
1.7800,9,85.491113,34.839651,-16.227670,-3.349146
1.8000,0,90.115000,37.359035,17.480547,5.737110
1.8000,1,91.028258,37.754999,17.389468,4.464367
1.8000,2,92.613943,39.102777,16.795972,5.700035
1.8000,3,89.050824,36.919078,17.586667,5.983669
1.8000,4,92.215267,38.275060,15.838932,4.838430
1.8000,5,86.514817,35.461207,-16.753226,-3.270043
1.8000,6,84.249352,34.677226,-15.583319,-2.219484
1.8000,7,87.534036,35.651493,-15.605117,-6.826421
1.8000,8,84.104521,33.894822,-15.938322,-1.533385
1.8000,9,85.166087,34.773635,-16.208044,-3.352479
1.8200,0,90.466193,37.467405,17.635723,5.104775
1.8200,1,91.377621,37.837801,17.543833,3.822685
1.8200,2,92.951975,39.212454,17.010532,5.222170
1.8200,3,89.404138,37.033897,17.741186,5.493707
1.8200,4,92.531781,38.378041,15.832707,5.412945
1.8200,5,86.177285,35.404379,-16.996022,-2.420329
1.8200,6,83.935526,34.648593,-15.787242,-0.736641
1.8200,7,87.219020,35.522106,-15.894197,-6.110246
1.8200,8,83.781127,33.865553,-16.391303,-1.441624
1.8200,9,84.845328,34.702764,-15.840019,-3.756224
1.8400,0,90.820315,37.563435,17.773874,4.503708
1.8400,1,91.729931,37.908357,17.593210,3.532584
1.8400,2,93.294399,39.309849,17.228365,4.490754
1.8400,3,89.760354,37.138856,17.877811,5.004977
1.8400,4,92.849549,38.489311,15.963148,5.661694
1.8400,5,85.835227,35.362568,-17.199693,-1.824816
1.8400,6,83.617352,34.639913,-16.046031,-0.284105
1.8400,7,86.898142,35.408214,-16.197141,-5.234104
1.8400,8,83.450174,33.841935,-16.673978,-0.806158
1.8400,9,84.532555,34.623500,-15.462080,-4.145429
1.8600,0,91.177048,37.647779,17.897124,3.936499
1.8600,1,92.077539,37.990343,17.175943,4.642996
1.8600,2,93.640902,39.391059,17.411816,3.588987
1.8600,3,90.119152,37.234216,17.999664,4.534237
1.8600,4,93.171058,38.602065,16.201677,5.554508
1.8600,5,85.489815,35.329133,-17.326117,-1.568894
1.8600,6,83.293930,34.636807,-16.291082,-0.033665
1.8600,7,86.571188,35.313808,-16.493802,-4.207252
1.8600,8,83.114354,33.832711,-16.904958,-0.120769
1.8600,9,84.221678,34.548741,-15.728695,-3.103952
1.8800,0,91.536113,37.721132,18.007716,3.407256
1.8800,1,92.418127,38.092304,16.907333,5.510882
1.8800,2,93.990245,39.451436,17.508859,2.424374
1.8800,3,90.480253,37.320364,18.108465,4.084216
1.8800,4,93.497917,38.709122,16.486834,5.082726
1.8800,5,85.143138,35.297437,-17.307441,-1.666875
1.8800,6,82.965911,34.638254,-16.509432,0.183760
1.8800,7,86.238577,35.239740,-16.762748,-3.203208
1.8800,8,82.774015,33.837687,-17.127586,0.644733
1.8800,9,83.903674,34.496011,-16.059093,-2.249932
1.9000,0,91.893236,37.795851,17.611779,4.332176
1.9000,1,92.754458,38.209379,16.757047,6.137141
1.9000,2,94.340519,39.487023,17.493650,1.101633
1.9000,3,90.843414,37.397738,18.205786,3.657160
1.9000,4,93.830383,38.803453,16.750477,4.307370
1.9000,5,84.799131,35.260099,-17.046028,-2.119159
1.9000,6,82.633361,34.645518,-16.750196,0.586833
1.9000,7,85.900873,35.184494,-16.999411,-2.387333
1.9000,8,82.429378,33.859335,-17.332273,1.519614
1.9000,9,83.579805,34.456668,-16.320541,-1.704320
1.9200,0,92.240766,37.893639,17.151946,5.421717
1.9200,1,93.089771,38.335066,16.800802,6.361549
1.9200,2,94.690966,39.499101,17.581643,0.198625
1.9200,3,91.208418,37.466816,18.293048,3.254855
1.9200,4,94.167272,38.879047,16.914553,3.195999
1.9200,5,84.463039,35.211184,-16.527935,-2.793805
1.9200,6,82.295950,34.662381,-16.950824,1.214834
1.9200,7,85.559083,35.141513,-17.164350,-1.967796
1.9200,8,82.080852,33.897641,-17.553084,2.160884
1.9200,9,83.251028,34.427507,-16.552747,-1.220764
1.9400,0,92.580530,38.010962,16.850463,6.270257
1.9400,1,93.427450,38.460724,16.980826,6.132389
1.9400,2,95.046848,39.498263,18.078878,-0.208319
1.9400,3,91.575077,37.528101,18.371747,2.880514
1.9400,4,94.502535,38.925907,16.553064,1.518759
1.9400,5,84.138815,35.148073,-16.051733,-3.275117
1.9400,6,81.956906,34.698156,-16.950247,2.338303
1.9400,7,85.215232,35.103178,-17.183518,-1.942332
1.9400,8,81.725985,33.940400,-17.930116,2.102750
1.9400,9,82.917848,34.407551,-16.766385,-0.759548
1.9600,0,92.915817,38.142674,16.717391,6.831579
1.9600,1,93.769262,38.577512,17.198430,5.479671
1.9600,2,95.413660,39.489889,18.584106,-0.659275
1.9600,3,91.943276,37.582572,18.324120,2.868778
1.9600,4,94.830641,38.944746,16.253592,0.357465
1.9600,5,83.815013,35.088380,-16.312998,-2.748429
1.9600,6,81.617255,34.752243,-17.046454,2.915766
1.9600,7,84.873757,35.060787,-16.910899,-2.355641
1.9600,8,81.364684,33.982752,-18.158681,2.232694
1.9600,9,82.580211,34.398693,-16.998185,-0.093201
1.9800,0,93.250763,38.280991,16.808881,6.909352
1.9800,1,94.114937,38.677129,17.349922,4.418437
1.9800,2,95.785607,39.467331,18.499125,-1.699773
1.9800,3,92.303602,37.653628,17.726424,4.204967
1.9800,4,95.156328,38.943497,16.398969,-0.410513
1.9800,5,83.486800,35.036698,-16.501502,-2.434369
1.9800,6,81.274617,34.810565,-17.147132,3.181643
1.9800,7,84.540517,35.007535,-16.386831,-2.984421
1.9800,8,81.000771,34.036144,-18.173065,3.300067
1.9800,9,82.238040,34.403895,-17.214806,0.594662
2.0000,0,93.589002,38.415539,17.022462,6.470600
2.0000,1,94.462226,38.752153,17.396063,3.192387
2.0000,2,96.152812,39.421217,18.200556,-2.924324
2.0000,3,92.652663,37.749835,17.197713,5.384350
2.0000,4,95.486057,38.927566,16.558029,-1.203355
2.0000,5,83.155080,34.990853,-16.667315,-2.154235
2.0000,6,80.933589,34.889780,-16.981865,4.678000
2.0000,7,84.218475,34.941522,-15.972820,-3.352659
2.0000,8,80.641023,34.119957,-17.762693,5.100589
2.0000,9,81.891774,34.421777,-17.408356,1.182361
2.0200,0,93.931632,38.537000,17.230087,5.604252
2.0200,1,94.811868,38.809313,17.560172,2.492761
2.0200,2,96.512728,39.349940,17.770757,-4.208081
2.0200,3,92.992989,37.867039,16.873258,6.282124
2.0200,4,95.817883,38.894431,16.602746,-2.133170
2.0200,5,82.820205,34.950434,-16.827348,-1.857364
2.0200,6,80.593587,34.993660,-17.059725,5.582200
2.0200,7,83.895930,34.882214,-16.267534,-2.644368
2.0200,8,80.289854,34.238704,-17.466369,6.497128
2.0200,9,81.541866,34.450363,-17.575251,1.631415
2.0400,0,94.277475,38.637123,17.328783,4.354628
2.0400,1,95.164278,38.850935,17.670801,1.649159
2.0400,2,96.862819,39.252831,17.215169,-5.504133
2.0400,3,93.329562,37.998050,16.832644,6.728587
2.0400,4,96.149107,38.841261,16.490775,-3.205678
2.0400,5,82.481549,34.918722,-17.040784,-1.287851
2.0400,6,80.250362,35.108112,-17.263182,5.748087
2.0400,7,83.568321,34.833768,-16.484770,-2.223031
2.0400,8,79.938824,34.368989,-17.633557,6.517780
2.0400,9,81.189002,34.485762,-17.639154,2.169962
2.0600,0,94.625367,38.715447,17.485819,3.589344
2.0600,1,95.518209,38.874414,17.706068,0.672834
2.0600,2,97.200345,39.129805,16.513385,-6.794711
2.0600,3,93.667675,38.132407,17.002351,6.596865
2.0600,4,96.476412,38.765618,16.213485,-4.367738
2.0600,5,82.138714,34.898587,-17.238359,-0.741199
2.0600,6,79.905522,35.224817,-17.220956,5.896445
2.0600,7,83.236720,34.792945,-16.671732,-1.865279
2.0600,8,79.582538,34.495703,-17.987372,6.164595
2.0600,9,80.839402,34.547336,-17.321015,3.960906
2.0800,0,94.976596,38.779316,17.627955,2.770204
2.0800,1,95.871744,38.876801,17.625685,-0.457263
2.0800,2,97.522623,38.981415,15.997947,-7.803569
2.0800,3,94.009904,38.257562,17.209488,5.820049
2.0800,4,96.796544,38.666292,15.651266,-5.620415
2.0800,5,81.792153,34.888674,-17.414330,-0.260602
2.0800,6,79.561350,35.344676,-17.247054,5.977119
2.0800,7,82.901600,34.758889,-16.842064,-1.528371
2.0800,8,79.219521,34.615708,-18.258829,5.976017
2.0800,9,80.494644,34.641201,-17.223190,5.276326
2.1000,0,95.330088,38.825428,17.709593,1.820908
2.1000,1,96.222138,38.855117,17.384064,-1.732522
2.1000,2,97.851305,38.826630,16.755430,-7.652370
2.1000,3,94.355036,38.361657,17.310931,4.692461
2.1000,4,97.096888,38.539012,14.493943,-7.044844
2.1000,5,81.442381,34.887125,-17.497487,0.350442
2.1000,6,79.214613,35.461514,-17.427521,5.757581
2.1000,7,82.562695,34.733668,-17.053671,-0.950879
2.1000,8,78.853562,34.739061,-18.331601,6.383939
2.1000,9,80.148437,34.750719,-17.404465,5.527763
2.1200,0,95.684328,38.851097,17.694231,0.717778
2.1200,1,96.566022,38.807010,16.979367,-3.084077
2.1200,2,98.188605,38.676482,16.972022,-7.355630
2.1200,3,94.703178,38.450339,17.498887,4.137786
2.1200,4,97.387697,38.395366,14.744014,-7.118078
2.1200,5,81.094693,34.912443,-17.282226,2.139617
2.1200,6,78.864276,35.577200,-17.603143,5.803750
2.1200,7,82.219541,34.720938,-17.257387,-0.340102
2.1200,8,78.486178,34.869595,-18.410142,6.592685
2.1200,9,79.798697,34.860276,-17.569007,5.447223
2.1400,0,96.036988,38.853211,17.543920,-0.531805
2.1400,1,96.900240,38.731609,16.416109,-4.456188
2.1400,2,98.530119,38.532879,17.176675,-6.999872
2.1400,3,95.054716,38.525530,17.646193,3.352280
2.1400,4,97.686168,38.253833,15.094130,-7.036503
2.1400,5,80.749900,34.969892,-17.233973,3.512447
2.1400,6,78.513090,35.696270,-17.514773,6.041304
2.1400,7,81.872552,34.719501,-17.438478,0.188292
2.1400,8,78.114766,34.995848,-18.723487,6.039650
2.1400,9,79.445730,34.969019,-17.724778,5.421611
2.1600,0,96.384891,38.828964,17.218999,-1.904980
2.1600,1,97.221828,38.629007,15.721335,-5.796042
2.1600,2,98.875495,38.396134,17.355509,-6.688971
2.1600,3,95.408623,38.583445,17.730717,2.410482
2.1600,4,97.991807,38.116892,15.479244,-6.576266
2.1600,5,80.403934,35.048231,-17.383546,4.187880
2.1600,6,78.161440,35.812628,-17.645596,5.585609
2.1600,7,81.522169,34.727748,-17.592004,0.597190
2.1600,8,77.739820,35.117439,-18.769860,6.154342
2.1600,9,79.089759,35.077926,-17.869016,5.527165
2.1800,0,96.724739,38.776783,16.738631,-3.316558
2.1800,1,97.535573,38.508123,15.817106,-6.098934
2.1800,2,99.224078,38.264650,17.495352,-6.476942
2.1800,3,95.763162,38.620537,17.698145,1.262407
2.1800,4,98.305115,37.991221,15.845614,-5.987739
2.1800,5,80.054551,35.132582,-17.544018,4.168302
2.1800,6,77.807103,35.921632,-17.791709,5.364035
2.1800,7,81.171610,34.753017,-17.398372,2.179260
2.1800,8,77.364029,35.242227,-18.808540,6.316997
2.1800,9,78.731127,35.191394,-17.993846,5.784147
2.2000,0,97.053372,38.696302,16.103529,-4.725006
2.2000,1,97.854178,38.384822,16.056474,-6.151752
2.2000,2,99.575025,38.136485,17.602911,-6.309535
2.2000,3,96.115542,38.632863,17.509865,-0.054493
2.2000,4,98.625414,37.877639,16.178828,-5.371458
2.2000,5,79.702305,35.214714,-17.683407,4.073597
2.2000,6,77.449855,36.027462,-17.930678,5.217132
2.2000,7,80.825808,34.813302,-17.215554,3.776346
2.2000,8,76.987498,35.369782,-18.844030,6.432048
2.2000,9,78.370056,35.306759,-18.108414,5.697036
2.2200,0,97.368078,38.588147,15.534305,-5.875042
2.2200,1,98.178372,38.265348,16.358548,-5.786644
2.2200,2,99.928607,38.015463,17.757680,-5.746600
2.2200,3,96.462285,38.617527,17.134826,-1.490535
2.2200,4,98.952032,37.775730,16.476560,-4.844336
2.2200,5,79.347267,35.295750,-17.819022,4.036842
2.2200,6,77.092970,36.134391,-17.763303,5.465183
2.2200,7,80.481108,34.899579,-17.296236,4.709190
2.2200,8,76.607283,35.495083,-19.169397,6.101381
2.2200,9,78.006947,35.418428,-18.203704,5.502991
2.2400,0,97.681414,38.469239,15.790064,-6.023114
2.2400,1,98.508356,38.153763,16.635748,-5.363122
2.2400,2,100.285236,37.906690,17.902915,-5.125891
2.2400,3,96.799838,38.573034,16.597195,-2.956815
2.2400,4,99.284181,37.682642,16.730059,-4.495269
2.2400,5,78.989528,35.378471,-17.953516,4.284198
2.2400,6,76.736263,36.241673,-17.904851,5.261763
2.2400,7,80.133335,34.996070,-17.475871,4.828783
2.2400,8,76.223876,35.617749,-19.171886,6.145651
2.2400,9,77.641857,35.528725,-18.303640,5.540841
2.2600,0,98.000167,38.350224,16.098473,-5.797894
2.2600,1,98.843613,38.050726,16.884363,-4.954789
2.2600,2,100.644631,37.810393,18.034117,-4.523257
2.2600,3,97.125159,38.499380,15.909881,-4.402737
2.2600,4,99.620939,37.595050,16.946405,-4.232525
2.2600,5,78.629201,35.466229,-18.076806,4.437643
2.2600,6,76.376876,36.344730,-18.030913,5.033592
2.2600,7,79.782350,35.091151,-17.623453,4.701744
2.2600,8,75.840393,35.739937,-19.176384,6.055478
2.2600,9,77.274867,35.639937,-18.393821,5.573983
2.2800,0,98.325174,38.237724,16.397850,-5.442486
2.2800,1,99.183470,37.954705,17.093238,-4.676131
2.2800,2,101.006475,37.724499,18.145455,-4.105010
2.2800,3,97.442729,38.405789,16.010226,-4.754955
2.2800,4,99.962142,37.516096,17.170648,-3.627903
2.2800,5,78.266675,35.553891,-18.169346,4.291626
2.2800,6,76.015169,36.442372,-18.136228,4.716722
2.2800,7,79.428417,35.184631,-17.767362,4.643684
2.2800,8,75.456825,35.859783,-19.178448,5.971648
2.2800,9,76.906164,35.751545,-18.475142,5.582645
2.3000,0,98.655916,38.132915,16.671640,-5.038699
2.3000,1,99.527014,37.862629,17.257444,-4.535275
2.3000,2,101.370221,37.644808,18.228078,-3.862787
2.3000,3,97.765168,38.308788,16.240043,-4.894730
2.3000,4,100.307602,37.449990,17.371506,-2.984186
2.3000,5,77.902406,35.638546,-18.261661,4.226180
2.3000,6,75.651529,36.533233,-18.133925,4.486074
2.3000,7,79.071653,35.278165,-17.907421,4.768766
2.3000,8,75.073561,35.981704,-19.238435,6.151840
2.3000,9,76.535914,35.863061,-18.548561,5.563230
2.3200,0,98.991812,38.035665,16.911387,-4.705908
2.3200,1,99.873998,37.775911,17.445219,-4.069314
2.3200,2,101.735734,37.572565,18.323539,-3.303156
2.3200,3,98.092812,38.213265,16.523344,-4.627796
2.3200,4,100.656853,37.396644,17.550880,-2.367048
2.3200,5,77.536212,35.723996,-18.356165,4.320111
2.3200,6,75.291500,36.626644,-17.960366,4.813176
2.3200,7,78.712227,35.376058,-18.034093,4.980165
2.3200,8,74.685461,36.103251,-19.483169,6.053095
2.3200,9,76.164269,35.973572,-18.614423,5.467192
2.3400,0,99.332048,37.943596,17.103643,-4.527997
2.3400,1,100.224698,37.700141,17.621637,-3.509184
2.3400,2,102.103067,37.512943,18.407732,-2.661960
2.3400,3,98.425928,38.123873,16.784494,-4.300462
2.3400,4,101.009555,37.353953,17.715861,-1.949831
2.3400,5,77.168222,35.811150,-18.441441,4.392926
2.3400,6,74.931080,36.723030,-18.081071,4.797054
2.3400,7,78.350432,35.475054,-18.139115,4.869546
2.3400,8,74.296098,36.223741,-19.455234,5.953088
2.3400,9,75.791410,36.080973,-18.670018,5.264801
2.3600,0,99.675764,37.854226,17.273710,-4.345548
2.3600,1,100.578740,37.635579,17.779810,-2.956499
2.3600,2,102.471967,37.465978,18.481477,-2.049165
2.3600,3,98.764034,38.041420,17.021231,-3.955855
2.3600,4,101.365284,37.316941,17.854662,-1.752951
2.3600,5,76.798610,35.899623,-18.518378,4.450323
2.3600,6,74.568315,36.817314,-18.192472,4.597601
2.3600,7,77.986810,35.570210,-18.225818,4.686518
2.3600,8,73.907245,36.340348,-19.430337,5.700487
2.3600,9,75.417477,36.184744,-18.719297,5.186653
2.3800,0,100.023201,37.772603,17.466981,-3.807229
2.3800,1,100.935794,37.580844,17.921868,-2.557705
2.3800,2,102.842336,37.429523,18.554585,-1.643034
2.3800,3,99.106544,37.964803,17.222881,-3.732515
2.3800,4,101.723727,37.286006,17.986282,-1.285366
2.3800,5,76.427537,35.988992,-18.587677,4.477387
2.3800,6,74.203540,36.905757,-18.281198,4.229600
2.3800,7,77.621301,35.664436,-18.323665,4.746822
2.3800,8,73.518856,36.452715,-19.407534,5.582285
2.3800,9,75.042838,36.290738,-18.745160,5.398537
2.4000,0,100.374314,37.701850,17.641109,-3.266305
2.4000,1,101.295403,37.531591,18.035201,-2.385781
2.4000,2,103.214057,37.398836,18.615746,-1.438706
2.4000,3,99.452634,37.891017,17.378703,-3.667293
2.4000,4,102.084576,37.266053,18.096301,-0.715602
2.4000,5,76.055164,36.078026,-18.647764,4.406346
2.4000,6,73.837167,36.986318,-18.357185,3.852414
2.4000,7,77.253928,35.759938,-18.412183,4.798988
2.4000,8,73.131056,36.565090,-19.368831,5.679246
2.4000,9,74.667560,36.399394,-18.784863,5.427748
2.4200,0,100.728731,37.641690,17.797984,-2.774123
2.4200,1,101.657249,37.486952,18.149735,-2.013111
2.4200,2,103.586929,37.371921,18.670592,-1.254638
2.4200,3,99.801828,37.819674,17.547274,-3.391472
2.4200,4,102.447479,37.257242,18.192457,-0.176036
2.4200,5,75.681695,36.164743,-18.698290,4.265950
2.4200,6,73.469172,37.062061,-18.441259,3.765836
2.4200,7,76.884872,35.856296,-18.492000,4.832566
2.4200,8,72.744370,36.681109,-19.300257,5.918503
2.4200,9,74.291431,36.506218,-18.826546,5.221733
2.4400,0,101.086086,37.589320,17.932079,-2.504893
2.4400,1,102.021268,37.452136,18.249914,-1.470714
2.4400,2,103.960883,37.349292,18.724057,-0.960914
2.4400,3,100.154468,37.756505,17.713779,-2.926928
2.4400,4,102.812306,37.257717,18.290807,0.173394
2.4400,5,75.307302,36.251202,-18.736507,4.452405
2.4400,6,73.099684,37.138372,-18.502607,3.895469
2.4400,7,76.514300,35.953085,-18.563957,4.840153
2.4400,8,72.358648,36.799621,-19.278996,5.870873
2.4400,9,73.914574,36.607493,-18.858464,4.905906
2.4600,0,101.445832,37.540590,18.043608,-2.336283
2.4600,1,102.387154,37.428071,18.336918,-0.941924
2.4600,2,104.335743,37.335327,18.758971,-0.422699
2.4600,3,100.510264,37.702713,17.863180,-2.455593
2.4600,4,103.179049,37.262427,18.381356,0.279425
2.4600,5,74.932308,36.342947,-18.765321,4.693343
2.4600,6,72.729073,37.217415,-18.561400,3.968447
2.4600,7,76.142367,36.049364,-18.627550,4.767950
2.4600,8,71.973132,36.914073,-19.272772,5.575850
2.4600,9,73.537057,36.703728,-18.892633,4.768381
2.4800,0,101.807873,37.498462,18.157648,-1.843528
2.4800,1,102.754744,37.413448,18.422157,-0.565664
2.4800,2,104.711205,37.332138,18.785766,0.101294
2.4800,3,100.868902,37.657414,17.997418,-2.110290
2.4800,4,103.547498,37.268787,18.462125,0.354576
2.4800,5,74.556593,36.437488,-18.807169,4.719399
2.4800,6,72.357189,37.295326,-18.625508,3.780517
2.4800,7,75.769274,36.143117,-18.680410,4.601067
2.4800,8,71.587958,37.025544,-19.240922,5.612325
2.4800,9,73.158970,36.799598,-18.910999,4.850234
2.5000,0,102.172039,37.466881,18.256614,-1.315691
2.5000,1,103.123969,37.403594,18.497739,-0.444358
2.5000,2,105.087179,37.338869,18.814668,0.532230
2.5000,3,101.229964,37.616670,18.103278,-1.994951
2.5000,4,103.917499,37.276948,18.536775,0.499518
2.5000,5,74.180052,36.530244,-18.845165,4.532022
2.5000,6,71.984167,37.367530,-18.674373,3.508466
2.5000,7,75.395143,36.234420,-18.728484,4.607714
2.5000,8,71.203310,37.137281,-19.228431,5.512344
2.5000,9,72.780838,36.898836,-18.904417,5.054077
2.5200,0,102.538058,37.445674,18.344922,-0.827067
2.5200,1,103.494599,37.395539,18.564258,-0.360785
2.5200,2,105.463881,37.351347,18.855195,0.676788
2.5200,3,101.593042,37.578336,18.206916,-1.771078
2.5200,4,104.288816,37.290681,18.590870,0.896732
2.5200,5,73.802842,36.618363,-18.876290,4.296909
2.5200,6,71.610257,37.438541,-18.717436,3.573419
2.5200,7,75.020320,36.329266,-18.755379,4.855780
2.5200,8,70.818752,37.244277,-19.227478,5.178749
2.5200,9,72.402525,36.999606,-18.930125,4.969810
2.5400,0,102.905839,37.432107,18.431423,-0.576269
2.5400,1,103.861466,37.389905,18.135308,-0.172733
2.5400,2,105.841351,37.365495,18.891439,0.742039
2.5400,3,101.958173,37.547560,18.303910,-1.303708
2.5400,4,104.666113,37.312152,19.124601,1.248586
2.5400,5,73.424990,36.703991,-18.906743,4.309683
2.5400,6,71.235415,37.509092,-18.766462,3.443493
2.5400,7,74.644827,36.427351,-18.795562,4.913648
2.5400,8,70.434247,37.345969,-19.221228,5.028715
2.5400,9,72.023649,37.095998,-18.956907,4.666554
2.5600,0,103.275206,37.421468,18.503719,-0.493223
2.5600,1,104.225206,37.390098,18.233961,0.222645
2.5600,2,106.219518,37.381077,18.924621,0.813511
2.5600,3,102.325115,37.526147,18.388522,-0.840685
2.5600,4,105.048499,37.340873,19.117558,1.587465
2.5600,5,73.046684,36.791601,-18.916198,4.489018
2.5600,6,70.859675,37.574990,-18.806735,3.146136
2.5600,7,74.268498,36.524180,-18.835768,4.738214
2.5600,8,70.049965,37.446008,-19.202012,5.005476
2.5600,9,71.644411,37.189205,-18.963851,4.702342
2.5800,0,103.645944,37.412380,18.569094,-0.414700
2.5800,1,104.590720,37.398872,18.315818,0.648656
2.5800,2,106.598305,37.397712,18.953279,0.841961
2.5800,3,102.693693,37.513155,18.469130,-0.498489
2.5800,4,105.430950,37.373520,19.127936,1.634991
2.5800,5,72.668459,36.884010,-18.913212,4.706603
2.5800,6,70.483136,37.636654,-18.846169,3.058850
2.5800,7,73.891469,36.616197,-18.866746,4.467611
2.5800,8,69.666389,37.547350,-19.158234,5.114056
2.5800,9,71.264978,37.282951,-18.982209,4.629417
2.6000,0,104.017976,37.405963,18.632528,-0.174406
2.6000,1,104.957773,37.415830,18.390051,1.024404
2.6000,2,106.977645,37.415407,18.979101,0.974104
2.6000,3,103.063811,37.504425,18.539767,-0.404267
2.6000,4,105.813596,37.405691,19.136683,1.585746
2.6000,5,72.289935,36.977644,-18.940913,4.605195
2.6000,6,70.105901,37.698010,-18.871057,3.117200
2.6000,7,73.513792,36.704320,-18.900051,4.393499
2.6000,8,69.283322,37.648671,-19.153638,4.971579
2.6000,9,70.885100,37.372724,-19.004913,4.330342
2.6200,0,104.391090,37.406918,18.676757,0.273864
2.6200,1,105.326391,37.438112,18.471543,1.156633
2.6200,2,107.357302,37.438418,18.983900,1.340177
2.6200,3,103.435213,37.496646,18.599430,-0.373730
2.6200,4,106.196416,37.437063,19.145163,1.550209
2.6200,5,71.910859,37.066978,-18.962847,4.390127
2.6200,6,69.728482,37.762423,-18.874170,3.298836
2.6200,7,73.135570,36.793142,-18.916469,4.521594
2.6200,8,68.900576,37.748117,-19.113968,5.026789
2.6200,9,70.504800,37.457404,-19.023890,4.180346
2.6400,0,104.765011,37.416660,18.714340,0.695374
2.6400,1,105.696560,37.460916,18.543915,1.120388
2.6400,2,107.736985,37.468818,18.984079,1.694354
2.6400,3,103.807749,37.489461,18.654737,-0.320680
2.6400,4,106.579384,37.467412,19.151100,1.476013
2.6400,5,71.531588,37.156144,-18.965528,4.511447
2.6400,6,69.350743,37.828326,-18.902418,3.248153
2.6400,7,72.757341,36.886190,-18.909841,4.756801
2.6400,8,68.518509,37.848468,-19.099528,4.965805
2.6400,9,70.124218,37.540688,-19.030235,4.176137
2.6600,0,105.139706,37.433856,18.757434,0.980429
2.6600,1,106.068113,37.483159,18.610262,1.104757
2.6600,2,108.116719,37.505552,18.993212,1.936305
2.6600,3,104.181387,37.485972,18.705964,0.014390
2.6600,4,106.962476,37.496696,19.157448,1.500476
2.6600,5,71.152078,37.245774,-18.987397,4.408200
2.6600,6,68.972680,37.894164,-18.897413,3.392560
2.6600,7,72.378919,36.981328,-18.935110,4.704635
2.6600,8,68.136432,37.945165,-19.109551,4.667602
2.6600,9,69.743825,37.625731,-19.009190,4.323976
2.6800,0,105.515322,37.453989,18.802824,1.003603
2.6800,1,106.440922,37.504990,18.669213,1.070186
2.6800,2,108.496814,37.544159,19.015995,1.890068
2.6800,3,104.555904,37.490309,18.744931,0.413453
2.6800,4,107.345555,37.529279,19.148265,1.771932
2.6800,5,70.772107,37.331148,-19.009316,4.141112
2.6800,6,68.594683,37.962986,-18.907332,3.451739
2.6800,7,71.999948,37.072713,-18.961592,4.439486
2.6800,8,67.754185,38.033450,-19.109725,4.112786
2.6800,9,69.363611,37.712107,-19.017322,4.262944
2.7000,0,105.891784,37.473869,18.843063,0.990291
2.7000,1,106.814832,37.525777,18.721627,1.032565
2.7000,2,108.877335,37.580863,19.035685,1.780548
2.7000,3,104.931144,37.502356,18.779788,0.771667
2.7000,4,107.728403,37.567413,19.136590,2.036867
2.7000,5,70.391745,37.413156,-19.024740,4.086552
2.7000,6,68.216254,38.030686,-18.936553,3.283563
2.7000,7,71.620629,37.161893,-18.967268,4.516418
2.7000,8,67.372298,38.108390,-18.908746,3.745079
2.7000,9,68.983394,37.797686,-18.996567,4.353099
2.7200,0,106.269020,37.493624,18.879700,0.981761
2.7200,1,107.189720,37.548350,18.763359,1.264027
2.7200,2,109.258230,37.615453,19.053704,1.709437
2.7200,3,105.307172,37.519530,18.823033,0.898691
2.7200,4,108.111081,37.610104,19.134668,2.190528
2.7200,5,70.011204,37.495246,-19.022283,4.159966
2.7200,6,67.832377,38.094164,-19.434026,3.015020
2.7200,7,71.241128,37.252129,-18.985558,4.463417
2.7200,8,67.004306,38.197332,-17.892413,5.127129
2.7200,9,68.608490,37.883931,-18.512536,4.236441
2.7400,0,106.646928,37.512777,18.910447,0.931040
2.7400,1,107.565278,37.576654,18.791636,1.562958
2.7400,2,109.639313,37.651773,19.048614,1.967164
2.7400,3,105.684004,37.537067,18.859272,0.850679
2.7400,4,108.493862,37.653007,19.142750,2.066339
2.7400,5,69.631035,37.580419,-19.000066,4.325742
2.7400,6,67.444324,38.148176,-19.203916,2.737194
2.7400,7,70.861186,37.338808,-19.008117,4.190677
2.7400,8,66.656544,38.312594,-16.886665,6.376204
2.7400,9,68.237587,37.967067,-18.578750,4.041603
2.7600,0,107.025450,37.531916,18.940145,1.034262
2.7600,1,107.941356,37.610703,18.817466,1.821925
2.7600,2,110.020149,37.694083,19.037090,2.246945
2.7600,3,106.061534,37.553805,18.893291,0.824910
2.7600,4,108.876771,37.692506,19.148102,1.884894
2.7600,5,69.250928,37.666369,-19.012849,4.248511
2.7600,6,67.075545,38.216421,-17.562490,4.029571
2.7600,7,70.480832,37.421132,-19.025748,4.083279
2.7600,8,66.323459,38.452681,-16.557933,7.637788
2.7600,9,67.865380,38.044084,-18.637697,3.617322
2.7800,0,107.404393,37.555677,18.952427,1.347561
2.7800,1,108.318086,37.647833,18.856293,1.842172
2.7800,2,110.400455,37.742872,18.977471,2.450578
2.7800,3,106.439708,37.569975,18.923068,0.784588
2.7800,4,109.259784,37.728515,19.153728,1.750295
2.7800,5,68.870895,37.752447,-18.984650,4.393968
2.7800,6,66.736106,38.309331,-16.638128,5.314091
2.7800,7,70.100230,37.502794,-19.029938,4.111319
2.7800,8,65.993683,38.617122,-16.309957,8.732039
2.7800,9,67.497385,38.108822,-17.878309,3.172133
2.8000,0,107.783524,37.585680,18.960433,1.647737
2.8000,1,108.695555,37.683122,18.889715,1.681978
2.8000,2,110.778277,37.782198,18.789275,1.458971
2.8000,3,106.818426,37.585022,18.949266,0.744635
2.8000,4,109.642786,37.765215,19.141847,1.961311
2.8000,5,68.491268,37.840683,-18.984478,4.386478
2.8000,6,66.405125,38.430063,-16.458170,6.734489
2.8000,7,69.719873,37.586823,-19.006713,4.283082
2.8000,8,65.672160,38.797013,-15.992722,9.103260
2.8000,9,67.156160,38.184574,-16.261654,4.377139
2.8200,0,108.162889,37.620646,18.978968,1.803994
2.8200,1,109.073653,37.715172,18.919571,1.526061
2.8200,2,111.152166,37.801879,18.612013,0.542044
2.8200,3,107.197643,37.601890,18.969407,0.982200
2.8200,4,110.025463,37.806789,19.127521,2.182037
2.8200,5,68.111374,37.926346,-19.006055,4.142560
2.8200,6,66.079829,38.576527,-15.964232,7.844634
2.8200,7,69.339702,37.672468,-19.015300,4.233356
2.8200,8,65.350781,38.976407,-16.149848,8.820402
2.8200,9,66.843677,38.283837,-15.112853,5.567679
2.8400,0,108.542710,37.655959,19.002173,1.700686
2.8400,1,109.452344,37.745511,18.945661,1.575601
2.8400,2,111.523977,37.807309,18.602071,0.175312
2.8400,3,107.577137,37.624582,18.979373,1.284083
2.8400,4,110.408033,37.850996,19.109346,2.065913
2.8400,5,67.731099,38.004617,-19.015586,3.635853
2.8400,6,65.766281,38.740716,-15.521707,8.465259
2.8400,7,68.959546,37.757696,-18.992024,4.347202
2.8400,8,65.026100,39.149361,-16.339092,8.263386
2.8400,9,66.548995,38.407248,-14.362956,6.747115
2.8600,0,108.922951,37.688523,19.021363,1.554709
2.8600,1,109.831273,37.779925,18.947097,1.860863
2.8600,2,111.896533,37.813858,18.644309,0.529142
2.8600,3,107.956802,37.653096,18.988762,1.545735
2.8600,4,110.788327,37.882758,18.901702,1.081254
2.8600,5,67.350987,38.070612,-18.823798,3.329626
2.8600,6,65.454675,38.909428,-15.683844,8.325791
2.8600,7,68.579857,37.845456,-18.983764,4.387731
2.8600,8,64.699153,39.295048,-16.269307,6.175540
2.8600,9,66.268404,38.552492,-13.723622,7.744779
2.8800,0,109.303561,37.718375,19.039534,1.476017
2.8800,1,110.210288,37.819332,18.957752,2.041555
2.8800,2,112.269230,37.830434,18.602152,1.183966
2.8800,3,108.336797,37.684611,19.011263,1.558261
2.8800,4,111.164115,37.894649,18.689911,0.140517
2.8800,5,66.984697,38.151849,-17.807515,4.772065
2.8800,6,65.139298,39.074182,-15.867438,8.101144
2.8800,7,68.200004,37.931522,-19.003531,4.181573
2.8800,8,64.377179,39.395633,-15.894552,3.884648
2.8800,9,65.999546,38.716128,-13.230037,8.562550
2.9000,0,109.684346,37.750328,19.034809,1.748975
2.9000,1,110.588803,37.854806,18.856578,1.342362
2.9000,2,112.639259,37.863714,18.371982,2.179757
2.9000,3,108.717204,37.714343,19.028845,1.411163
2.9000,4,111.537255,37.891823,18.660250,-0.239201
2.9000,5,66.638629,38.260587,-16.800976,6.078742
2.9000,6,64.819831,39.222683,-15.876887,6.425139
2.9000,7,67.819739,38.011108,-19.018961,3.730759
2.9000,8,64.064599,39.450769,-15.461925,1.680734
2.9000,9,65.734826,38.891296,-13.331487,8.834785
2.9200,0,110.064989,37.787908,19.029850,2.001573
2.9200,1,110.963796,37.871823,18.642843,0.369060
2.9200,2,113.003300,37.918221,17.980210,3.310651
2.9200,3,109.097935,37.741068,19.044226,1.266525
2.9200,4,111.910900,37.890487,18.694555,0.155100
2.9200,5,66.312387,38.393993,-15.838533,7.233539
2.9200,6,64.512299,39.326807,-14.846628,4.003290
2.9200,7,67.439533,38.079082,-18.831834,3.418843
2.9200,8,63.754700,39.464730,-15.504908,-0.280013
2.9200,9,65.463817,39.064964,-13.773180,8.508045
2.9400,0,110.445444,37.825569,18.997319,1.593715
2.9400,1,111.335019,37.870865,18.510234,-0.386042
2.9400,2,113.353962,37.998843,16.965113,4.789069
2.9400,3,109.478984,37.766686,19.056410,1.365812
2.9400,4,112.284455,37.900121,18.631111,0.874850
2.9400,5,66.003839,38.548545,-15.035676,8.194215
2.9400,6,64.226905,39.383684,-13.678993,1.712008
2.9400,7,67.072859,38.161864,-17.837961,4.837451
2.9400,8,63.444940,39.440015,-15.454346,-2.178773
2.9400,9,65.184500,39.232376,-14.168815,8.181917
2.9600,0,110.823571,37.848347,18.797513,0.655514
2.9600,1,111.705635,37.863525,18.562948,-0.213455
2.9600,2,113.678084,38.109623,15.393974,6.263184
2.9600,3,109.860023,37.797050,19.048276,1.660326
2.9600,4,112.654826,37.927781,18.382666,1.914672
2.9600,5,65.707763,38.719272,-14.720093,8.748653
2.9600,6,63.962726,39.396579,-12.851968,-0.392523
2.9600,7,66.725963,38.271692,-16.852873,6.122814
2.9600,8,63.140345,39.377948,-14.864756,-4.010627
2.9600,9,64.896323,39.385396,-14.618472,6.914427
2.9800,0,111.197538,37.852508,18.613374,-0.204225
2.9800,1,112.077175,37.864252,18.577714,0.336871
2.9800,2,113.968243,38.222276,13.604424,4.377358
2.9800,3,110.240947,37.832699,19.046569,1.817227
2.9800,4,113.018905,37.977334,17.944324,3.099243
2.9800,5,65.410960,38.892715,-14.986293,8.540484
2.9800,6,63.710768,39.368965,-12.341310,-2.339246
2.9800,7,66.398524,38.405804,-15.904322,7.261196
2.9800,8,62.852900,39.280715,-13.890893,-5.681999
2.9800,9,64.602083,39.504377,-14.736626,4.912456
3.0000,0,111.569546,37.844444,18.619691,-0.422636
3.0000,1,112.447761,37.879323,18.446993,1.231626
3.0000,2,114.222938,38.286271,11.882035,2.060627
3.0000,3,110.621115,37.862899,18.932617,1.086195
3.0000,4,113.366512,38.054860,16.697566,4.670235
3.0000,5,65.108872,39.061662,-15.244020,8.269615
3.0000,6,63.469176,39.304171,-11.805821,-4.115307
3.0000,7,66.088633,38.560794,-15.106186,8.210055
3.0000,8,62.596876,39.173378,-11.430387,-4.528257
3.0000,9,64.308897,39.580876,-14.550538,2.741010
3.0200,0,111.942373,37.840077,18.652580,0.034474
3.0200,1,112.813951,37.914834,18.152262,2.333367
3.0200,2,114.444208,38.306222,10.398796,-0.002237
3.0200,3,110.997517,37.874972,18.710564,0.135638
3.0200,4,113.684374,38.163286,14.928068,6.115182
3.0200,5,64.801944,39.211145,-15.364155,6.426630
3.0200,6,63.238905,39.205372,-11.222813,-5.736016
3.0200,7,65.791779,38.732238,-14.697693,8.838348
3.0200,8,62.394037,39.098363,-8.893097,-3.002185
3.0200,9,64.021379,39.614266,-14.170325,0.608273
3.0400,0,112.315054,37.847765,18.586713,0.795909
3.0400,1,113.171599,37.974364,17.492587,3.690116
3.0400,2,114.645480,38.288241,9.767028,-1.778883
3.0400,3,111.370069,37.869656,18.581731,-0.562634
3.0400,4,113.956781,38.271792,12.279386,4.130584
3.0400,5,64.496662,39.317127,-15.129945,4.171534
3.0400,6,63.019991,39.075909,-10.537867,-7.177820
3.0400,7,65.496272,38.908789,-14.910560,8.718183
3.0400,8,62.239632,39.052195,-6.720432,-1.644924
3.0400,9,63.743173,39.605821,-13.625631,-1.434414
3.0600,0,112.684526,37.874112,18.336476,1.862897
3.0600,1,113.503453,38.061939,15.476425,5.007114
3.0600,2,114.835957,38.235299,9.293093,-3.512146
3.0600,3,111.742170,37.859711,18.631388,-0.317180
3.0600,4,114.180719,38.333217,10.265233,2.134329
3.0600,5,64.203193,39.376626,-14.060031,1.758276
3.0600,6,62.835507,38.940807,-7.617168,-5.824564
3.0600,7,65.195469,39.080747,-15.171527,8.460458
3.0600,8,62.118215,39.031888,-5.459336,-0.389276
3.0600,9,63.471988,39.559395,-13.612834,-3.150041
3.0800,0,113.047709,37.922811,17.784149,3.012495
3.0800,1,113.787803,38.173104,13.002447,5.454855
3.0800,2,115.017033,38.147984,8.797809,-5.209639
3.0800,3,112.114931,37.858875,18.629605,0.284381
3.0800,4,114.370311,38.360218,8.792065,0.630514
3.0800,5,63.935427,39.388797,-12.700462,-0.502061
3.0800,6,62.713626,38.840695,-4.624516,-4.236512
3.0800,7,64.888471,39.239847,-15.483197,7.162152
3.0800,8,62.020166,39.036700,-4.358343,0.869051
3.0800,9,63.198545,39.480297,-13.715780,-4.753564
3.1000,0,113.385931,37.995235,15.917657,4.235745
3.1000,1,114.025612,38.256682,10.751394,2.973120
3.1000,2,115.187974,38.052319,8.305032,-3.762467
3.1000,3,112.486207,37.873597,18.465908,1.241676
3.1000,4,114.537213,38.360348,8.010687,-0.591108
3.1000,5,63.694946,39.358369,-11.369312,-2.494027
3.1000,6,62.644875,38.764572,-2.386333,-3.561377
3.1000,7,64.579446,39.361425,-15.363073,4.960654
3.1000,8,61.943836,39.066373,-3.268218,2.086982
3.1000,9,62.927471,39.374608,-13.304667,-5.652637
3.1200,0,113.680099,38.091211,13.396748,5.320003
3.1200,1,114.217674,38.295164,8.497489,0.963372
3.1200,2,115.348726,37.996069,7.768870,-1.894106
3.1200,3,112.852606,37.909519,18.154292,2.363549
3.1200,4,114.694831,38.337018,7.815782,-1.745764
3.1200,5,63.479796,39.290651,-10.288348,-4.249531
3.1200,6,62.614087,38.695576,-0.790168,-3.375811
3.1200,7,64.275383,39.438214,-15.011831,2.725248
3.1200,8,61.892176,39.118321,-1.928401,3.009847
3.1200,9,62.666007,39.257631,-12.625140,-5.926209
3.1400,0,113.919968,38.207159,10.578134,5.644921
3.1400,1,114.369730,38.298521,6.873293,-0.571551
3.1400,2,115.499026,37.975378,7.271490,-0.205033
3.1400,3,113.207171,37.969386,17.040322,3.652559
3.1400,4,114.850853,38.290099,7.770170,-2.959344
3.1400,5,63.273139,39.187870,-10.493826,-6.047806
3.1400,6,62.613630,38.628033,0.813164,-3.358391
3.1400,7,63.985329,39.472349,-13.851840,0.752461
3.1400,8,61.861083,39.184368,-1.297186,3.608201
3.1400,9,62.443167,39.162431,-9.384495,-3.146762
3.1600,0,114.100565,38.295600,7.467012,3.382262
3.1600,1,114.501205,38.272485,6.423186,-2.084205
3.1600,2,115.640347,37.986810,6.880968,1.325540
3.1600,3,113.525945,38.055036,14.724074,4.867448
3.1600,4,115.003664,38.218273,7.452407,-4.231353
3.1600,5,63.064632,39.053008,-10.081307,-7.299370
3.1600,6,62.644029,38.560327,2.096721,-3.462442
3.1600,7,63.721466,39.469985,-12.545288,-0.949456
3.1600,8,61.835110,39.264660,-1.396420,4.500800
3.1600,9,62.290659,39.123968,-5.981642,-0.920411
3.1800,0,114.222940,38.350768,5.039238,2.337875
3.1800,1,114.629097,38.212095,6.294707,-4.016943
3.1800,2,115.775335,38.027868,6.648636,2.782709
3.1800,3,113.791768,38.161307,11.733457,5.669543
3.1800,4,115.146291,38.120468,6.758527,-5.566821
3.1800,5,62.890833,38.922137,-6.988266,-5.156406
3.1800,6,62.694199,38.487608,2.791587,-3.796872
3.1800,7,63.482301,39.435907,-11.390473,-2.417504
3.1800,8,61.803498,39.367941,-1.723923,5.892943
3.1800,9,62.198436,39.117862,-3.234666,0.059801
3.2000,0,114.318261,38.395626,4.829998,2.260674
3.2000,1,114.750195,38.111193,5.814444,-5.440185
3.2000,2,115.906288,38.087229,6.442644,3.156594
3.2000,3,113.984179,38.251990,7.239465,2.728753
3.2000,4,115.273804,38.019052,6.028256,-4.004742
3.2000,5,62.781627,38.850216,-4.105359,-2.068323
3.2000,6,62.753615,38.406461,3.266453,-4.378394
3.2000,7,63.265647,39.374818,-10.266622,-3.643660
3.2000,8,61.770001,39.500874,-1.507026,7.361842
3.2000,9,62.158949,39.120469,-0.885245,0.229773
3.2200,0,114.426794,38.443938,5.991029,2.537018
3.2200,1,114.857536,38.018988,4.718375,-3.786425
3.2200,2,116.031318,38.132256,6.039182,1.403751
3.2200,3,114.078875,38.270515,2.540686,-0.819571
3.2200,4,115.388715,37.957781,5.495791,-2.161404
3.2200,5,62.719352,38.832647,-2.266091,0.047395
3.2200,6,62.829465,38.315081,4.385913,-4.618276
3.2200,7,63.072240,39.292788,-9.052037,-4.469373
3.2200,8,61.747426,39.659545,-0.675596,8.429630
3.2200,9,62.156753,39.129451,0.538980,0.732206
3.2400,0,114.550940,38.494132,6.233850,2.392465
3.2400,1,114.935164,37.959133,3.053795,-2.238048
3.2400,2,116.147183,38.145076,5.536176,-0.087444
3.2400,3,114.099784,38.223341,-0.174343,-3.755499
3.2400,4,115.494074,37.931608,5.032685,-0.471482
3.2400,5,62.686716,38.839647,-1.096439,0.315932
3.2400,6,62.929476,38.227580,5.599676,-4.021883
3.2400,7,62.905360,39.201480,-7.420325,-4.453726
3.2400,8,61.744932,39.835223,0.219076,8.451004
3.2400,9,62.176439,39.152108,1.132422,1.680177
3.2600,0,114.670279,38.536623,5.612283,1.807981
3.2600,1,114.980885,37.927823,1.551422,-0.934545
3.2600,2,116.252564,38.129869,5.003240,-1.411163
3.2600,3,114.080627,38.125526,-1.560865,-5.262262
3.2600,4,115.589079,37.938544,4.433774,1.158558
3.2600,5,62.670903,38.828923,-0.504950,-1.594960
3.2600,6,63.052362,38.157293,6.664619,-2.960145
3.2600,7,62.792172,39.137209,-3.572234,-1.297493
3.2600,8,61.747592,39.973042,0.056104,5.379088
3.2600,9,62.190777,39.201775,0.278942,3.296427
3.2800,0,114.769601,38.562515,4.229151,0.719480
3.2800,1,114.998816,37.920125,0.284311,0.125023
3.2800,2,116.347578,38.089249,4.506095,-2.642351
3.2800,3,114.046610,38.043454,-1.697903,-2.889031
3.2800,4,115.669846,37.977832,3.606135,2.771334
3.2800,5,62.669719,38.765826,0.536526,-4.531184
3.2800,6,63.192422,38.114411,7.257458,-1.231194
3.2800,7,62.764955,39.161380,0.619673,3.375444
3.2800,8,61.747518,40.052257,-0.057144,2.587955
3.2800,9,62.188159,39.284555,-0.468363,4.955718
3.3000,0,114.840938,38.566777,2.938383,-0.255065
3.3000,1,114.993936,37.931194,-0.733755,0.939058
3.3000,2,116.433517,38.035758,4.079047,-2.770150
3.3000,3,114.013391,38.008531,-1.614181,-0.639232
3.3000,4,115.731893,38.049556,2.575592,4.407418
3.3000,5,62.692377,38.665830,1.671974,-5.111636
3.3000,6,63.342101,38.107057,7.697288,0.471026
3.3000,7,62.795830,39.234487,2.016530,3.158268
3.3000,8,61.745478,40.078327,-0.143907,0.061875
3.3000,9,62.177588,39.395713,-0.443016,6.027383
3.3200,0,114.888396,38.554084,1.838862,-0.964704
3.3200,1,114.970866,37.955793,-1.425381,1.498688
3.3200,2,116.511311,38.000083,3.649973,-1.415450
3.3200,3,113.982042,38.016437,-1.520608,1.394073
3.3200,4,115.771658,38.130223,1.266421,3.068987
3.3200,5,62.735519,38.569460,2.643236,-4.445077
3.3200,6,63.499820,38.132260,8.062956,2.024486
3.3200,7,62.842007,39.282601,2.532996,1.588435
3.3200,8,61.738524,40.061113,-0.646992,-1.624591
3.3200,9,62.176937,39.518042,0.505295,6.074254
3.3400,0,114.915743,38.530496,0.928711,-1.329872
3.3400,1,114.941421,37.989880,-1.543634,1.844671
3.3400,2,116.578702,37.978546,2.948435,-0.738793
3.3400,3,113.952571,38.062886,-1.436398,3.215877
3.3400,4,115.779469,38.172926,-0.310767,1.204677
3.3400,5,62.797820,38.489837,3.590957,-3.368711
3.3400,6,63.664186,38.187049,8.363464,3.429928
3.3400,7,62.894917,39.296820,2.699254,-0.293940
3.3400,8,61.717839,40.015229,-1.462978,-2.929441
3.3400,9,62.188511,39.617018,0.432778,3.328764
3.3600,0,114.926915,38.503878,0.228271,-1.253880
3.3600,1,114.908460,38.026600,-1.781005,1.747512
3.3600,2,116.625294,37.982191,1.728774,1.070148
3.3600,3,113.923979,38.143681,-1.431753,4.829562
3.3600,4,115.765217,38.178446,-1.100206,-0.621666
3.3600,5,62.879097,38.439439,4.517010,-1.693489
3.3600,6,63.833979,38.268482,8.606980,4.689287
3.3600,7,62.943633,39.269175,2.056779,-2.376678
3.3600,8,61.678386,39.944494,-2.498384,-4.151033
3.3600,9,62.202124,39.651409,1.074525,0.138731
3.3800,0,114.926697,38.483655,-0.196380,-0.702647
3.3800,1,114.868804,38.056393,-2.221382,1.165694
3.3800,2,116.647886,38.009502,0.514491,1.072839
3.3800,3,113.894040,38.229013,-1.587001,3.078774
3.3800,4,115.736014,38.149278,-1.806677,-2.265249
3.3800,5,62.977754,38.421202,5.331015,-0.288511
3.3800,6,64.008135,38.373666,8.800865,5.805584
3.3800,7,62.977569,39.203181,1.345471,-4.052000
3.3800,8,61.618277,39.848488,-3.179405,-4.957093
3.3800,9,62.231233,39.626317,1.804920,-2.553775
3.4000,0,114.921407,38.477588,-0.274042,0.093699
3.4000,1,114.817917,38.071408,-2.909859,0.338285
3.4000,2,116.647297,38.036661,-0.585186,1.055695
3.4000,3,113.860689,38.268255,-1.743637,0.880579
3.4000,4,115.693468,38.089008,-2.409233,-3.117905
3.4000,5,63.092011,38.421395,6.100437,0.269219
3.4000,6,64.172648,38.477361,7.341198,4.024538
3.4000,7,62.997430,39.114055,0.626637,-4.811236
3.4000,8,61.564218,39.764737,-2.205579,-3.464666
3.4000,9,62.272438,39.552524,2.266359,-4.760883
3.4200,0,114.917730,38.485672,-0.057053,0.633471
3.4200,1,114.750989,38.071666,-3.804505,-0.230455
3.4200,2,116.625823,38.062727,-1.566263,1.021269
3.4200,3,113.824468,38.265629,-1.874300,-1.108877
3.4200,4,115.641161,38.048440,-2.808837,-0.971336
3.4200,5,63.222494,38.430330,6.981183,0.590675
3.4200,6,64.302857,38.536074,5.705651,1.882498
3.4200,7,63.001608,39.012777,0.077751,-4.713017
3.4200,8,61.530811,39.708562,-1.007909,-2.217107
3.4200,9,62.320031,39.437917,2.654669,-6.077636
3.4400,0,114.919873,38.498893,0.170723,0.661285
3.4400,1,114.665628,38.066276,-4.724358,-0.206890
3.4400,2,116.584917,38.066835,-2.505538,-0.584773
3.4400,3,113.785875,38.225256,-1.981230,-2.895088
3.4400,4,115.581575,38.048859,-3.033554,0.907106
3.4400,5,63.372857,38.444566,8.084366,0.851483
3.4400,6,64.401847,38.554080,4.216214,-0.047330
3.4400,7,63.015398,38.944187,1.347896,-2.280741
3.4400,8,61.527930,39.673802,0.689695,-1.273053
3.4400,9,62.380635,39.335263,3.268075,-4.137841
3.4600,0,114.922114,38.510028,-0.069702,0.457479
3.4600,1,114.562771,38.067162,-5.535995,0.370586
3.4600,2,116.526337,38.040342,-3.310338,-1.473269
3.4600,3,113.745363,38.151137,-2.036709,-3.821908
3.4600,4,115.522334,38.081778,-2.774850,2.272363
3.4600,5,63.546079,38.466037,9.222022,1.343286
3.4600,6,64.472369,38.535518,2.856408,-1.776513
3.4600,7,63.054152,38.918058,2.514738,-0.422321
3.4600,8,61.557238,39.657119,2.213134,-0.407377
3.4600,9,62.449566,39.271670,3.597626,-2.241681
3.4800,0,114.916062,38.515104,-0.550228,0.016396
3.4800,1,114.450628,38.083205,-5.520538,1.271789
3.4800,2,116.453587,38.019124,-3.944225,-0.675523
3.4800,3,113.700457,38.098424,-2.581137,-1.483630
3.4800,4,115.470144,38.113927,-2.458856,0.347079
3.4800,5,63.740449,38.500032,10.038063,2.092414
3.4800,6,64.516878,38.484273,1.750969,-3.320118
3.4800,7,63.116136,38.924017,3.691743,0.950507
3.4800,8,61.615377,39.657063,3.574740,0.391555
3.4800,9,62.523546,39.244694,3.780192,-0.481243
3.5000,0,114.899654,38.509751,-1.086883,-0.567388
3.5000,1,114.343186,38.119528,-5.203575,2.386170
3.5000,2,116.369799,38.024139,-4.420402,1.148159
3.5000,3,113.642021,38.089951,-3.262387,0.590715
3.5000,4,115.424366,38.096759,-2.093520,-1.409199
3.5000,5,63.937509,38.552638,9.147978,2.707786
3.5000,6,64.549483,38.403228,1.570506,-4.797716
3.5000,7,63.204197,38.952722,4.883639,1.263349
3.5000,8,61.699252,39.672364,4.790003,1.127634
3.5000,9,62.600181,39.251294,3.879250,1.108448
3.5200,0,114.873007,38.491891,-1.568783,-1.230909
3.5200,1,114.243009,38.179363,-4.835878,2.955237
3.5200,2,116.276679,38.052838,-4.877722,1.693166
3.5200,3,113.569754,38.120293,-3.966726,2.401080
3.5200,4,115.387198,38.081974,-1.626142,-0.095178
3.5200,5,64.090072,38.590403,6.146886,1.177328
3.5200,6,64.581713,38.290874,1.655147,-6.479053
3.5200,7,63.299972,38.952156,4.676485,-1.272514
3.5200,8,61.806110,39.701753,5.875074,1.801399
3.5200,9,62.672381,39.276814,3.066035,0.923908
3.5400,0,114.836936,38.460018,-2.048158,-1.968205
3.5400,1,114.148933,38.213667,-4.562099,0.529246
3.5400,2,116.174777,38.079943,-5.296501,1.050603
3.5400,3,113.483393,38.184570,-4.692584,3.336901
3.5400,4,115.359458,38.092059,-1.139021,1.085488
3.5400,5,64.186731,38.603075,3.630858,0.133844
3.5400,6,64.613934,38.143327,1.493547,-8.256477
3.5400,7,63.390385,38.903872,4.340901,-3.505724
3.5400,8,61.927334,39.733545,5.953080,0.897066
3.5400,9,62.717998,39.277603,1.545122,-0.822416
3.5600,0,114.790367,38.412685,-2.632097,-2.777079
3.5600,1,114.060812,38.202143,-4.250394,-1.646717
3.5600,2,116.070349,38.083228,-4.995166,-0.703954
3.5600,3,113.381555,38.228540,-5.465107,1.110482
3.5600,4,115.336190,38.112526,-1.330297,0.400540
3.5600,5,64.239765,38.596065,1.757032,-0.842919
3.5600,6,64.651541,37.985082,2.520266,-6.988676
3.5600,7,63.468348,38.816405,3.346153,-5.140407
3.5600,8,62.038196,39.728236,5.143101,-1.387706
3.5600,9,62.740399,39.242261,0.826674,-2.744162
3.5800,0,114.731416,38.348578,-3.262207,-3.639365
3.5800,1,113.978605,38.149078,-3.955845,-2.969688
3.5800,2,115.976549,38.064778,-4.367518,-1.180175
3.5800,3,113.266070,38.230898,0.000000,0.000000
3.5800,4,115.305784,38.109940,-1.700112,-0.031986
3.5800,5,64.264854,38.567636,0.992222,-2.137266
3.5800,6,64.712230,37.864027,3.440212,-5.015390
3.5800,7,63.532441,38.722920,3.245579,-3.635242
3.5800,8,62.133423,39.679596,4.387949,-3.438440
3.5800,9,62.757836,39.180303,1.213873,-2.921363
3.6000,0,114.659955,38.266708,-3.867379,-4.557808
3.6000,1,113.904031,38.108796,-3.471329,-1.099795
3.6000,2,115.896956,38.048532,-3.574548,-0.483035
3.6000,3,113.266070,38.230898,0.000000,0.000000
3.6000,4,115.267290,38.100783,-2.136537,-0.249879
3.6000,5,64.283268,38.507331,0.866347,-3.867212
3.6000,6,64.785647,37.787604,3.888844,-2.662987
3.6000,7,63.597174,38.669805,3.207300,-1.698014
3.6000,8,62.207878,39.597122,3.062297,-4.773036
3.6000,9,62.800922,39.131236,3.073543,-2.006707
3.6200,0,114.577536,38.165355,-4.344408,-5.608473
3.6200,1,113.840669,38.103671,-2.846752,0.559675
3.6200,2,115.833854,38.044734,-2.767546,-0.476531
3.6200,3,113.266070,38.230898,0.000000,0.000000
3.6200,4,115.220599,38.113465,-2.563418,0.898539
3.6200,5,64.299947,38.413672,0.000000,0.000000
3.6200,6,64.867317,37.756103,4.267417,-0.521337
3.6200,7,63.660162,38.654483,3.087208,0.159946
3.6200,8,62.256019,39.489732,2.069091,-5.411450
3.6200,9,62.880044,39.099553,4.820452,-1.163497
3.6400,0,114.488992,38.066149,-4.437101,-3.749203
3.6400,1,113.790899,38.130598,-2.108737,2.126005
3.6400,2,115.787063,38.052902,-1.930233,1.266181
3.6400,3,113.266070,38.230898,0.000000,0.000000
3.6400,4,115.163666,38.114087,-3.127990,-0.785413
3.6400,5,64.299947,38.413672,0.000000,0.000000
3.6400,6,64.955951,37.765415,4.586895,1.420073
3.6400,7,63.707236,38.653645,1.632275,-0.208149
3.6400,8,62.302610,39.400886,2.577460,-3.521333
3.6400,9,62.992841,39.084969,6.102479,-0.843971
3.6600,0,114.401778,38.012205,-4.250852,-1.722996
3.6600,1,113.757337,38.189132,-1.248874,3.092597
3.6600,2,115.755554,38.094751,-1.279647,2.286486
3.6600,3,113.266070,38.230898,0.000000,0.000000
3.6600,4,115.096825,38.107809,-3.543301,0.120858
3.6600,5,64.299947,38.413672,0.000000,0.000000
3.6600,6,65.050464,37.811641,4.856924,3.171758
3.6600,7,63.723532,38.632717,0.459515,-1.360315
3.6600,8,62.358995,39.347101,3.181618,-1.941083
3.6600,9,63.106120,39.048198,4.984732,-2.656070
3.6800,0,114.320190,37.994481,-3.876346,-0.114256
3.6800,1,113.740632,38.231182,-0.423202,1.204478
3.6800,2,115.733559,38.120975,-0.950939,0.368905
3.6800,3,113.266070,38.230898,0.000000,0.000000
3.6800,4,115.022888,38.117948,-3.849031,0.292937
3.6800,5,64.299947,38.413672,0.000000,0.000000
3.6800,6,65.137005,37.868895,3.491492,2.012489
3.6800,7,63.739374,38.620631,1.132086,0.108987
3.6800,8,62.434115,39.320405,4.308411,-0.745573
3.6800,9,63.187037,38.982890,3.100274,-3.829522
3.7000,0,114.247763,38.005404,-3.334526,1.157110
3.7000,1,113.739290,38.240293,0.236731,-0.229452
3.7000,2,115.716310,38.110754,-0.801043,-1.360128
3.7000,3,113.266070,38.230898,0.000000,0.000000
3.7000,4,114.944181,38.119392,-3.983984,-0.123521
3.7000,5,64.299947,38.413672,0.000000,0.000000
3.7000,6,65.191193,37.893279,1.952791,0.453123
3.7000,7,63.756477,38.613727,0.625216,-0.776443
3.7000,8,62.530492,39.316622,5.309278,0.351491
3.7000,9,63.229531,38.896391,1.466531,-4.223895
3.7200,0,114.188635,38.038751,-2.514819,2.131520
3.7200,1,113.746828,38.224008,0.412549,-1.361569
3.7200,2,115.696071,38.080054,-1.325792,-1.127870
3.7200,3,113.266070,38.230898,0.000000,0.000000
3.7200,4,114.870459,38.124844,-3.278185,0.055197
3.7200,5,64.299947,38.413672,0.000000,0.000000
3.7200,6,65.216090,37.888066,0.560134,-0.949137
3.7200,7,63.771831,38.600951,0.608670,-1.020723
3.7200,8,62.633251,39.312483,4.550046,-1.194122
3.7200,9,63.257453,38.835520,1.402851,-1.988524
3.7400,0,114.150864,38.089800,-1.167435,2.986591
3.7400,1,113.750333,38.186412,-0.194051,-2.430443
3.7400,2,115.664256,38.077240,-1.845289,0.813507
3.7400,3,113.266070,38.230898,0.000000,0.000000
3.7400,4,114.813657,38.133843,-2.402636,0.803079
3.7400,5,64.299947,38.413672,0.000000,0.000000
3.7400,6,65.214483,37.856287,-0.699768,-2.205355
3.7400,7,63.793907,38.595186,1.575852,0.427634
3.7400,8,62.708886,39.273690,3.024703,-2.645077
3.7400,9,63.288980,38.812289,1.737548,-0.372536
3.7600,0,114.144604,38.161575,0.472274,3.643046
3.7600,1,113.735905,38.148478,-1.201987,-0.872243
3.7600,2,115.622138,38.098959,-2.380201,0.773122
3.7600,3,113.266070,38.230898,0.000000,0.000000
3.7600,4,114.773463,38.131332,-1.606248,-1.045384
3.7600,5,64.299947,38.413672,0.000000,0.000000
3.7600,6,65.188906,37.800753,-1.838500,-3.326405
3.7600,7,63.820695,38.595630,1.099645,-0.359982
3.7600,8,62.754400,39.208066,1.524385,-3.889224
3.7600,9,63.326961,38.819181,2.074969,1.050070
3.7800,0,114.163597,38.215451,1.280457,1.844761
3.7800,1,113.707101,38.145139,-1.520931,0.450472
3.7800,2,115.568978,38.096394,-2.924195,-0.999775
3.7800,3,113.266070,38.230898,0.000000,0.000000
3.7800,4,114.750854,38.117126,-0.648625,-0.431271
3.7800,5,64.299947,38.413672,0.000000,0.000000
3.7800,6,65.154607,37.746198,-1.274619,-1.598205
3.7800,7,63.830485,38.569630,0.194333,-1.671295
3.7800,8,62.782142,39.140417,1.537168,-2.362646
3.7800,9,63.372992,38.854370,2.230252,1.919816
3.8000,0,114.190627,38.237345,1.323409,0.370150
3.8000,1,113.681336,38.165315,-0.938524,1.565216
3.8000,2,115.511815,38.084086,-2.632439,0.351459
3.8000,3,113.266070,38.230898,0.000000,0.000000
3.8000,4,114.743083,38.125747,-0.245276,1.253875
3.8000,5,64.299947,38.413672,0.000000,0.000000
3.8000,6,65.137336,37.735343,-0.465991,0.476911
3.8000,7,63.839764,38.549580,0.681858,-0.380639
3.8000,8,62.814674,39.111725,1.694550,-0.544540
3.8000,9,63.405385,38.875876,1.064638,0.287162
3.8200,0,114.213387,38.230217,0.901298,-1.064907
3.8200,1,113.672049,38.182997,0.046975,0.257202
3.8200,2,115.464138,38.108955,-2.150093,1.484857
3.8200,3,113.266070,38.230898,0.000000,0.000000
3.8200,4,114.740360,38.141235,-0.022341,0.324451
3.8200,5,64.299947,38.413672,0.000000,0.000000
3.8200,6,65.135459,37.763887,0.266312,2.343880
3.8200,7,63.856347,38.553591,0.958159,0.776823
3.8200,8,62.849323,39.117571,1.761481,1.111499
3.8200,9,63.416970,38.867041,0.109708,-1.157837
3.8400,0,114.225367,38.194883,0.291608,-2.459934
3.8400,1,113.683113,38.177369,1.034503,-0.188330
3.8400,2,115.425307,38.119364,-1.719062,-0.407554
3.8400,3,113.266070,38.230898,0.000000,0.000000
3.8400,4,114.741769,38.126828,0.183936,-1.080623
3.8400,5,64.299947,38.413672,0.000000,0.000000
3.8400,6,65.147542,37.827796,0.599527,3.446482
3.8400,7,63.865013,38.558948,-0.052204,-0.201564
3.8400,8,62.878612,39.144761,0.887505,1.107677
3.8400,9,63.409564,38.829226,-0.864683,-2.631589
3.8600,0,114.225792,38.131327,-0.185815,-3.267418
3.8600,1,113.709791,38.164311,1.561979,-0.473411
3.8600,2,115.395905,38.093970,-1.182601,-1.482671
3.8600,3,113.266070,38.230898,0.000000,0.000000
3.8600,4,114.748171,38.123789,0.433141,0.786281
3.8600,5,64.299947,38.413672,0.000000,0.000000
3.8600,6,65.146771,37.879501,-0.653716,1.750770
3.8600,7,63.855896,38.546814,-0.514851,-0.491616
3.8600,8,62.879879,39.151977,-0.717631,-0.354409
3.8600,9,63.394328,38.783586,-0.369960,-1.395772
3.8800,0,114.221235,38.086213,-0.216327,-1.340684
3.8800,1,113.742239,38.173348,1.572051,0.742136
3.8800,2,115.379352,38.083798,-0.469212,0.429588
3.8800,3,113.266070,38.230898,0.000000,0.000000
3.8800,4,114.756722,38.134212,0.393129,0.312864
3.8800,5,64.299947,38.413672,0.000000,0.000000
3.8800,6,65.122265,37.898861,-1.776193,0.210285
3.8800,7,63.852078,38.550630,0.142288,0.851490
3.8800,8,62.851465,39.131458,-1.769645,-1.129029
3.8800,9,63.392992,38.771963,0.208385,0.215126
3.9000,0,114.219255,38.074545,0.055836,0.127259
3.9000,1,113.769129,38.183585,1.052501,0.269164
3.9000,2,115.377131,38.109900,0.215380,1.534581
3.9000,3,113.266070,38.230898,0.000000,0.000000
3.9000,4,114.762834,38.137330,0.231761,0.593725
3.9000,5,64.299947,38.413672,0.000000,0.000000
3.9000,6,65.076511,37.888882,-2.780357,-1.184750
3.9000,7,63.855175,38.569054,-0.129594,0.480727
3.9000,8,62.822110,39.127629,-1.171896,0.697700
3.9000,9,63.401796,38.791670,0.654615,1.740454
3.9200,0,114.224478,38.089533,0.476388,1.370983
3.9200,1,113.782178,38.173198,0.224949,-1.296726
3.9200,2,115.386557,38.121049,0.713526,-0.381234
3.9200,3,113.266070,38.230898,0.000000,0.000000
3.9200,4,114.764793,38.132627,-0.020348,-1.049443
3.9200,5,64.299947,38.413672,0.000000,0.000000
3.9200,6,65.011765,37.852377,-3.344224,-1.873190
3.9200,7,63.847487,38.569443,-0.332993,0.058649
3.9200,8,62.804424,39.157556,-0.600461,2.252701
3.9200,9,63.419022,38.842049,0.749990,2.748274
3.9400,0,114.237927,38.131242,0.825913,2.833449
3.9400,1,113.778749,38.156249,-0.511490,0.184317
3.9400,2,115.404946,38.096128,1.131436,-1.462561
3.9400,3,113.266070,38.230898,0.000000,0.000000
3.9400,4,114.764213,38.120425,-0.008743,-0.218701
3.9400,5,64.299947,38.413672,0.000000,0.000000
3.9400,6,64.955709,37.835886,-2.277985,0.188100
3.9400,7,63.834916,38.559831,-0.629946,-0.506388
3.9400,8,62.785398,39.194678,-1.273455,1.479265
3.9400,9,63.420141,38.880631,-0.579984,1.162453
3.9600,0,114.254042,38.179523,0.701945,1.399376
3.9600,1,113.764061,38.177052,-0.912102,1.197658
3.9600,2,115.431929,38.086571,1.542801,0.467914
3.9600,3,113.266070,38.230898,0.000000,0.000000
3.9600,4,114.766151,38.134943,0.200342,0.986706
3.9600,5,64.299947,38.413672,0.000000,0.000000
3.9600,6,64.920020,37.858507,-1.305715,2.040281
3.9600,7,63.828346,38.560489,-0.043250,0.561630
3.9600,8,62.747867,39.206143,-2.451860,-0.306422
3.9600,9,63.397341,38.889488,-1.670593,-0.261451
3.9800,0,114.263961,38.189205,0.258209,-0.389725
3.9800,1,113.744335,38.178587,-0.994554,-1.012882
3.9800,2,115.465219,38.101046,1.742939,0.397084
3.9800,3,113.266070,38.230898,0.000000,0.000000
3.9800,4,114.772021,38.134458,0.398378,-1.014974
3.9800,5,64.299947,38.413672,0.000000,0.000000
3.9800,6,64.902919,37.916192,-0.312520,3.609845
3.9800,7,63.832993,38.582716,0.175888,1.114153
3.9800,8,62.700916,39.204972,-1.926173,0.717981
3.9800,9,63.354016,38.870327,-2.653903,-1.667568
4.0000,0,114.263722,38.165653,-0.278589,-1.965068
4.0000,1,113.727515,38.162826,-0.652615,-0.584169
4.0000,2,115.501009,38.103313,1.846387,0.417310
4.0000,3,113.266070,38.230898,0.000000,0.000000
4.0000,4,114.783252,38.120304,0.717750,-0.414546
4.0000,5,64.299947,38.413672,0.000000,0.000000
4.0000,6,64.898290,37.976146,-0.460202,1.845411
4.0000,7,63.823133,38.584972,-1.134856,-0.837847
4.0000,8,62.670612,39.233999,-1.109071,2.162943
4.0000,9,63.304381,38.844046,-1.993341,-0.450829
4.0200,0,114.254650,38.135775,-0.570155,-0.429954
4.0200,1,113.719563,38.168184,-0.137079,1.101644
4.0200,2,115.537548,38.093655,1.824393,-0.734118
4.0200,3,113.266070,38.230898,0.000000,0.000000
4.0200,4,114.800704,38.130840,0.977577,0.811726
4.0200,5,64.299947,38.413672,0.000000,0.000000
4.0200,6,64.885374,37.991380,-0.816985,-0.290002
4.0200,7,63.801527,38.572374,-0.700808,0.125695
4.0200,8,62.650033,39.279690,-1.238811,1.891949
4.0200,9,63.273802,38.850465,-1.077499,1.052445
4.0400,0,114.242511,38.145723,-0.598200,1.401136
4.0400,1,113.720822,38.181351,0.240812,0.245560
4.0400,2,115.574108,38.085505,1.798714,-0.667346
4.0400,3,113.266070,38.230898,0.000000,0.000000
4.0400,4,114.820255,38.128483,0.954461,-1.020563
4.0400,5,64.299947,38.413672,0.000000,0.000000
4.0400,6,64.865916,37.965752,-0.793225,-1.671220
4.0400,7,63.794673,38.588601,0.006581,1.475701
4.0400,8,62.615233,39.299220,-2.221532,0.085595
4.0400,9,63.261103,38.885205,-0.195524,2.401260
4.0600,0,114.231629,38.166290,-0.471883,0.044761
4.0600,1,113.727844,38.178383,0.446173,0.067626
4.0600,2,115.610238,38.091120,1.806357,1.196698
4.0600,3,113.266070,38.230898,0.000000,0.000000
4.0600,4,114.839047,38.115472,0.905761,-0.314919
4.0600,5,64.299947,38.413672,0.000000,0.000000
4.0600,6,64.865920,37.946893,0.760226,-0.238069
4.0600,7,63.788493,38.608543,-0.596602,0.547349
4.0600,8,62.568180,39.294823,-2.181176,-0.015103
4.0600,9,63.253102,38.923949,-0.575289,1.516839
4.0800,0,114.225277,38.148919,-0.108181,-1.104243
4.0800,1,113.736547,38.171715,0.414221,-0.115751
4.0800,2,115.645051,38.108215,1.644365,-0.074379
4.0800,3,113.266070,38.230898,0.000000,0.000000
4.0800,4,114.856469,38.127806,0.801452,0.886560
4.0800,5,64.299947,38.413672,0.000000,0.000000
4.0800,6,64.895124,37.955496,1.798888,0.511462
4.0800,7,63.771594,38.611050,-0.766921,0.235193
4.0800,8,62.534167,39.308822,-1.232038,1.385991
4.0800,9,63.232169,38.935615,-1.495862,-0.313876
4.1000,0,114.228987,38.146356,0.476847,0.799811
4.1000,1,113.743500,38.174331,0.248084,-0.221779
4.1000,2,115.675860,38.089345,1.331221,-1.162084
4.1000,3,113.266070,38.230898,0.000000,0.000000
4.1000,4,114.869954,38.126510,0.678553,-0.985436
4.1000,5,64.299947,38.413672,0.000000,0.000000
4.1000,6,64.924440,37.945705,1.135670,-1.447260
4.1000,7,63.752118,38.607367,-0.850610,-0.064728
4.1000,8,62.518552,39.349375,-0.545716,2.035270
4.1000,9,63.200297,38.923483,-1.496460,-0.306978
4.1200,0,114.242879,38.155413,0.893108,0.122720
4.1200,1,113.746881,38.174877,0.105470,0.271506
4.1200,2,115.694524,38.085849,0.547925,0.778778
4.1200,3,113.266070,38.230898,0.000000,0.000000
4.1200,4,114.889476,38.114021,1.257915,-0.293511
4.1200,5,64.299947,38.413672,0.000000,0.000000
4.1200,6,64.945137,37.912237,1.144035,-1.281072
4.1200,7,63.744307,38.619680,0.057088,1.279058
4.1200,8,62.501998,39.368091,-1.201688,-0.060803
4.1200,9,63.176687,38.934892,-0.764451,1.343410
4.1400,0,114.263824,38.152071,1.196764,0.155554
4.1400,1,113.747945,38.172570,0.048193,0.117782
4.1400,2,115.702398,38.095098,0.372855,0.169535
4.1400,3,113.266070,38.230898,0.000000,0.000000
4.1400,4,114.915065,38.126994,1.143976,0.933732
4.1400,5,64.299947,38.413672,0.000000,0.000000
4.1400,6,64.974515,37.906794,1.781363,0.703143
4.1400,7,63.740902,38.635790,-0.381937,0.357944
4.1400,8,62.477200,39.359147,-1.091541,-0.252975
4.1400,9,63.169660,38.975917,-0.157168,2.114408
4.1600,0,114.288895,38.149156,1.304145,0.171271
4.1600,1,113.749336,38.167141,0.135031,-0.044257
4.1600,2,115.709675,38.093132,0.382921,0.212854
4.1600,3,113.266070,38.230898,0.000000,0.000000
4.1600,4,114.934158,38.126704,0.770522,-0.922850
4.1600,5,64.299947,38.413672,0.000000,0.000000
4.1600,6,64.996604,37.905947,0.449879,-0.761715
4.1600,7,63.729283,38.634544,-0.466381,0.051340
4.1600,8,62.464208,39.368271,-0.224804,1.138996
4.1600,9,63.158257,38.998026,-0.954944,0.135149
4.1800,0,114.314175,38.146397,1.196390,-0.435793
4.1800,1,113.754126,38.170402,0.331659,-0.227420
4.1800,2,115.717326,38.092096,0.408073,0.261879
4.1800,3,113.266070,38.230898,0.000000,0.000000
4.1800,4,114.947248,38.115687,0.546028,-0.202501
4.1800,5,64.299947,38.413672,0.000000,0.000000
4.1800,6,65.000026,37.888749,0.211178,-0.422361
4.1800,7,63.722420,38.638079,-0.226176,0.293584
4.1800,8,62.455314,39.382676,-0.644906,0.335674
4.1800,9,63.132101,38.982303,-1.651963,-1.689654
4.2000,0,114.336334,38.144247,0.975515,-0.400074
4.2000,1,113.763208,38.170539,0.547360,-0.373207
4.2000,2,115.725521,38.091983,0.435352,0.303280
4.2000,3,113.266070,38.230898,0.000000,0.000000
4.2000,4,114.956419,38.117835,0.356831,-0.182733
4.2000,5,64.299947,38.413672,0.000000,0.000000
4.2000,6,65.004878,37.888293,-0.037080,-0.168210
4.2000,7,63.714267,38.635920,-0.268701,0.031552
4.2000,8,62.438998,39.382611,-0.682781,0.175590
4.2000,9,63.105136,38.952982,-0.738345,-0.706678
4.2200,0,114.353207,38.142734,0.678669,-0.370723
4.2200,1,113.776073,38.168019,0.698066,-0.495728
4.2200,2,115.734204,38.092637,0.455655,0.338550
4.2200,3,113.266070,38.230898,0.000000,0.000000
4.2200,4,114.962492,38.120421,0.235565,-0.158595
4.2200,5,64.299947,38.413672,0.000000,0.000000
4.2200,6,65.005009,37.892665,-0.261103,0.060570
4.2200,7,63.711628,38.639325,-0.305601,-0.220835
4.2200,8,62.427942,39.389356,-0.610720,-0.085531
4.2200,9,63.101440,38.952632,0.236743,0.715968
4.2400,0,114.363942,38.141774,0.371957,-0.344093
4.2400,1,113.790800,38.163194,0.727306,-0.606062
4.2400,2,115.743177,38.093946,0.463810,0.368665
4.2400,3,113.266070,38.230898,0.000000,0.000000
4.2400,4,114.966729,38.123533,0.170239,-0.130054
4.2400,5,64.299947,38.413672,0.000000,0.000000
4.2400,6,64.994907,37.891113,-0.430500,0.320363
4.2400,7,63.708364,38.637770,-0.339645,-0.472994
4.2400,8,62.422447,39.388334,-0.350107,-0.460513
4.2400,9,63.112159,38.982182,0.934758,2.151594
4.2600,0,114.368932,38.141492,0.112727,-0.288754
4.2600,1,113.805261,38.169434,0.696625,1.201344
4.2600,2,115.751658,38.083615,0.409393,-0.755818
4.2600,3,113.266070,38.230898,0.000000,0.000000
4.2600,4,114.969544,38.115607,0.139641,-0.072465
4.2600,5,64.299947,38.413672,0.000000,0.000000
4.2600,6,64.987602,37.904734,-0.611664,0.497021
4.2600,7,63.710725,38.642250,0.557189,0.895165
4.2600,8,62.425952,39.392125,0.572856,0.878698
4.2600,9,63.126125,39.016473,0.265526,0.689121
4.2800,0,114.369458,38.141761,-0.071939,-0.299504
4.2800,1,113.816845,38.185350,0.418109,-0.239091
4.2800,2,115.760471,38.087417,0.442348,0.488494
4.2800,3,113.266070,38.230898,0.000000,0.000000
4.2800,4,114.972400,38.120322,0.121227,-0.057214
4.2800,5,64.299947,38.413672,0.000000,0.000000
4.2800,6,64.970904,37.911405,-0.739683,0.706749
4.2800,7,63.717016,38.650703,0.089837,-0.016251
4.2800,8,62.432417,39.401389,0.092315,0.079837
4.2800,9,63.123459,39.010999,-0.518326,-1.204143
4.3000,0,114.367160,38.141669,-0.170373,-0.313037
4.3000,1,113.821500,38.161441,0.065486,-1.482486
4.3000,2,115.768784,38.091575,0.411385,0.503299
4.3000,3,113.266070,38.230898,0.000000,0.000000
4.3000,4,114.974884,38.125403,0.100787,-0.033905
4.3000,5,64.299947,38.413672,0.000000,0.000000
4.3000,6,64.951823,37.922013,-0.849942,0.891163
4.3000,7,63.714842,38.642562,0.012780,-0.253689
4.3000,8,62.423822,39.385279,-0.613039,-1.113096
4.3000,9,63.112204,38.980520,-0.308680,-1.315426
4.3200,0,114.363630,38.142054,-0.201484,-0.244875
4.3200,1,113.820323,38.151001,-0.182082,0.388969
4.3200,2,115.775860,38.083814,0.192118,-0.630519
4.3200,3,113.266070,38.230898,0.000000,0.000000
4.3200,4,114.976379,38.119389,0.202066,0.019813
4.3200,5,64.299947,38.413672,0.000000,0.000000
4.3200,6,64.930707,37.936065,-0.838852,0.969778
4.3200,7,63.717648,38.640753,0.252871,0.060254
4.3200,8,62.424700,39.375508,0.672665,0.118472
4.3200,9,63.112680,38.971793,0.348526,0.404236
4.3400,0,114.359874,38.143691,-0.193275,-0.218104
4.3400,1,113.814542,38.176141,-0.407547,1.447628
4.3400,2,115.774787,38.077953,-0.189829,-0.544793
4.3400,3,113.266070,38.230898,0.000000,0.000000
4.3400,4,114.984930,38.125725,0.484473,0.019011
4.3400,5,64.299947,38.413672,0.000000,0.000000
4.3400,6,64.916116,37.946789,-0.309549,0.643819
4.3400,7,63.718502,38.634133,0.141931,-0.190738
4.3400,8,62.445536,39.391752,1.078561,0.938207
4.3400,9,63.130118,38.993148,1.056319,1.154357
4.3600,0,114.356460,38.145154,-0.173467,-0.242053
4.3600,1,113.803854,38.184243,-0.637653,-0.601727
4.3600,2,115.772118,38.085681,-0.075030,1.289218
4.3600,3,113.266070,38.230898,0.000000,0.000000
4.3600,4,114.992702,38.120879,0.308993,0.086519
4.3600,5,64.299947,38.413672,0.000000,0.000000
4.3600,6,64.911844,37.951109,0.189874,0.332403
4.3600,7,63.722909,38.632716,-0.015137,-0.482449
4.3600,8,62.455571,39.391995,-0.056024,-0.882869
4.3600,9,63.142198,38.996464,0.164675,-0.788066
4.3800,0,114.353353,38.146472,-0.166659,-0.215350
4.3800,1,113.790528,38.166182,-0.650157,-0.615652
4.3800,2,115.770820,38.104547,-0.078064,0.019574
4.3800,3,113.266070,38.230898,0.000000,0.000000
4.3800,4,114.996544,38.117017,0.096688,0.118631
4.3800,5,64.299947,38.413672,0.000000,0.000000
4.3800,6,64.910431,37.938045,0.008295,-1.032504
4.3800,7,63.724313,38.625758,-0.152946,-0.740653
4.3800,8,62.450404,39.368517,-0.157275,-0.948362
4.3800,9,63.137125,38.963003,-0.339219,-1.968499
4.4000,0,114.350106,38.148645,-0.189136,-0.184103
4.4000,1,113.779249,38.172149,-0.487537,0.514734
4.4000,2,115.769064,38.087643,-0.097180,-1.685809
4.4000,3,113.266070,38.230898,0.000000,0.000000
4.4000,4,114.996539,38.125237,-0.120829,0.107562
4.4000,5,64.299947,38.413672,0.000000,0.000000
4.4000,6,64.924648,37.932301,1.385091,0.436677
4.4000,7,63.730011,38.625478,0.707438,0.694279
4.4000,8,62.459876,39.361983,1.078444,0.280279
4.4000,9,63.136551,38.942188,0.271631,-0.154093
4.4200,0,114.346155,38.151698,-0.209281,0.477808
4.4200,1,113.771173,38.174773,-0.284831,0.357722
4.4200,2,115.767922,38.062008,0.005318,-0.297233
4.4200,3,113.266070,38.230898,0.000000,0.000000
4.4200,4,114.991899,38.122204,-0.313331,0.181153
4.4200,5,64.299947,38.413672,0.000000,0.000000
4.4200,6,64.951816,37.932526,1.236190,-0.298781
4.4200,7,63.739015,38.630749,0.207312,-0.141057
4.4200,8,62.482085,39.370724,0.844311,0.084130
4.4200,9,63.151715,38.952801,1.229790,1.194840
4.4400,0,114.341161,38.155247,-0.262800,0.498798
4.4400,1,113.767565,38.174225,-0.052762,0.207150
4.4400,2,115.768041,38.051155,0.033727,-0.210055
4.4400,3,113.266070,38.230898,0.000000,0.000000
4.4400,4,114.983797,38.120527,-0.463495,0.253524
4.4400,5,64.299947,38.413672,0.000000,0.000000
4.4400,6,64.963629,37.912552,-0.033789,-1.673519
4.4400,7,63.738493,38.620192,0.054091,-0.384383
4.4400,8,62.487545,39.354950,0.036826,-1.087351
4.4400,9,63.172561,38.967662,0.875039,0.335995
4.4600,0,114.334674,38.146337,-0.352218,-0.698974
4.4600,1,113.768319,38.170614,0.140974,0.049310
4.4600,2,115.769085,38.052972,0.065691,0.426748
4.4600,3,113.266070,38.230898,0.000000,0.000000
4.4600,4,114.973184,38.120131,-0.564036,0.304039
4.4600,5,64.299947,38.413672,0.000000,0.000000
4.4600,6,64.970605,37.899671,0.717749,0.351045
4.4600,7,63.747582,38.626409,0.509289,0.415275
4.4600,8,62.495972,39.348418,0.793271,0.408829
4.4600,9,63.180462,38.956027,-0.075885,-1.468740
4.4800,0,114.327802,38.138876,-0.349715,-0.667310
4.4800,1,113.772684,38.176360,0.254988,-0.080926
4.4800,2,115.766097,38.079514,-0.354371,2.200279
4.4800,3,113.266070,38.230898,0.000000,0.000000
4.4800,4,114.966077,38.119891,-0.160249,-0.307983
4.4800,5,64.299947,38.413672,0.000000,0.000000
4.4800,6,64.985161,37.913831,0.427248,0.520731
4.4800,7,63.752916,38.626614,0.343831,0.145463
4.4800,8,62.506533,39.349247,0.283020,-0.296384
4.4800,9,63.182383,38.931654,0.574545,-0.425415
4.5000,0,114.322283,38.144855,-0.192537,1.241338
4.5000,1,113.777734,38.167933,0.254825,-0.155451
4.5000,2,115.756676,38.115789,-0.481980,0.841129
4.5000,3,113.266070,38.230898,0.000000,0.000000
4.5000,4,114.964367,38.120100,-0.165505,-0.269273
4.5000,5,64.299947,38.413672,0.000000,0.000000
4.5000,6,64.981532,37.909506,-0.769314,-0.928004
4.5000,7,63.755244,38.621721,0.204634,-0.104569
4.5000,8,62.507789,39.337185,0.258787,-0.459319
4.5000,9,63.202442,38.937995,1.302979,1.114790
4.5200,0,114.319408,38.162448,-0.116418,-0.111836
4.5200,1,113.782248,38.169419,0.160604,-0.305429
4.5200,2,115.746954,38.114578,-0.487924,-0.933852
4.5200,3,113.266070,38.230898,0.000000,0.000000
4.5200,4,114.959887,38.120645,-0.306678,-0.275679
4.5200,5,64.299947,38.413672,0.000000,0.000000
4.5200,6,64.968170,37.899944,-0.580838,-0.062284
4.5200,7,63.754640,38.611394,0.044351,-0.396287
4.5200,8,62.524870,39.340130,1.001477,0.249154
4.5200,9,63.219351,38.954918,0.198170,-0.014692
4.5400,0,114.317752,38.141971,-0.024593,-1.275797
4.5400,1,113.784320,38.168080,0.019298,-0.430316
4.5400,2,115.737220,38.079557,-0.459003,-1.932595
4.5400,3,113.266070,38.230898,0.000000,0.000000
4.5400,4,114.952758,38.121162,-0.425198,-0.259844
4.5400,5,64.299947,38.413672,0.000000,0.000000
4.5400,6,64.964749,37.917675,-0.108086,1.230705
4.5400,7,63.763338,38.617062,0.478111,0.378728
4.5400,8,62.539487,39.338305,0.763933,0.092757
4.5400,9,63.213533,38.937313,-0.765635,-1.725982
4.5600,0,114.319180,38.136352,0.154050,0.665590
4.5600,1,113.783560,38.164939,-0.114071,-0.496135
4.5600,2,115.728991,38.049305,-0.363535,-1.135660
4.5600,3,113.266070,38.230898,0.000000,0.000000
4.5600,4,114.943736,38.122736,-0.491234,-0.171329
4.5600,5,64.299947,38.413672,0.000000,0.000000
4.5600,6,64.951012,37.926774,-1.245202,-0.295206
4.5600,7,63.767725,38.616612,0.278193,0.121079
4.5600,8,62.543210,39.322965,-0.054291,-1.047216
4.5600,9,63.201824,38.908227,-0.092773,-0.648286
4.5800,0,114.322782,38.155105,0.165135,0.607931
4.5800,1,113.781104,38.173320,-0.149335,0.631256
4.5800,2,115.723252,38.045775,-0.214958,0.746872
4.5800,3,113.266070,38.230898,0.000000,0.000000
4.5800,4,114.934051,38.126586,-0.467191,0.520829
4.5800,5,64.299947,38.413672,0.000000,0.000000
4.5800,6,64.928717,37.929135,-0.892021,0.418516
4.5800,7,63.768281,38.611578,0.093063,-0.091822
4.5800,8,62.549809,39.317838,0.699333,0.507644
4.5800,9,63.209067,38.910056,0.804152,0.813166
4.6000,0,114.324648,38.148107,0.010094,-1.272774
4.6000,1,113.777581,38.178090,-0.167119,0.469502
4.6000,2,115.719607,38.065717,-0.152142,1.284868
4.6000,3,113.266070,38.230898,0.000000,0.000000
4.6000,4,114.924946,38.131314,-0.409212,0.549232
4.6000,5,64.299947,38.413672,0.000000,0.000000
4.6000,6,64.919030,37.939703,-0.394677,0.100284
4.6000,7,63.765093,38.601954,-0.101883,-0.351329
4.6000,8,62.558186,39.320872,0.154146,-0.180916
4.6000,9,63.233488,38.940103,1.306050,1.627248
4.6200,0,114.323833,38.129749,-0.071492,0.062163
4.6200,1,113.773821,38.167273,-0.174968,-0.863418
4.6200,2,115.717565,38.108182,-0.210348,2.326566
4.6200,3,113.266070,38.230898,0.000000,0.000000
4.6200,4,114.916933,38.124105,-0.255620,-1.250703
4.6200,5,64.299947,38.413672,0.000000,0.000000
4.6200,6,64.919269,37.944626,0.397396,0.369709
4.6200,7,63.770478,38.608269,0.626032,0.958319
4.6200,8,62.556314,39.310983,-0.037712,-0.294119
4.6200,9,63.248845,38.954011,0.250019,-0.192377
4.6400,0,114.321752,38.149851,-0.156071,1.278533
4.6400,1,113.771709,38.168804,-0.037242,0.974981
4.6400,2,115.708009,38.135230,-0.609523,0.411811
4.6400,3,113.266070,38.230898,0.000000,0.000000
4.6400,4,114.917993,38.106739,0.245415,0.109628
4.6400,5,64.299947,38.413672,0.000000,0.000000
4.6400,6,64.921595,37.932440,0.174992,-0.981398
4.6400,7,63.776913,38.617706,0.043971,0.021222
4.6400,8,62.556560,39.308677,-0.233323,-0.448683
4.6400,9,63.243798,38.933411,-0.747653,-1.844550
4.6600,0,114.316947,38.155813,-0.310728,-0.648767
4.6600,1,113.771246,38.179637,-0.012131,0.135907
4.6600,2,115.696094,38.126019,-0.575850,-1.307369
4.6600,3,113.266070,38.230898,0.000000,0.000000
4.6600,4,114.923526,38.126690,0.266717,1.224108
4.6600,5,64.299947,38.413672,0.000000,0.000000
4.6600,6,64.938760,37.927877,1.077135,0.010476
4.6600,7,63.773089,38.610266,-0.105628,-0.230507
4.6600,8,62.559705,39.314626,0.537887,1.020566
4.6600,9,63.231898,38.902870,-0.134390,-0.672848
4.6800,0,114.310443,38.137461,-0.299751,-0.588120
4.6800,1,113.771039,38.175308,0.009791,0.058106
4.6800,2,115.685197,38.083794,-0.484003,-2.278672
4.6800,3,113.266070,38.230898,0.000000,0.000000
4.6800,4,114.927141,38.131714,0.086409,-0.666529
4.6800,5,64.299947,38.413672,0.000000,0.000000
4.6800,6,64.954249,37.925197,0.791724,0.259103
4.6800,7,63.772947,38.608689,0.080479,0.058374
4.6800,8,62.565317,39.327334,0.043479,0.279486
4.6800,9,63.237413,38.905093,0.667393,0.867448
4.7000,0,114.305874,38.144806,-0.149278,1.313894
4.7000,1,113.770882,38.169577,-0.007852,-0.025261
4.7000,2,115.677860,38.058581,-0.247260,-0.273951
4.7000,3,113.266070,38.230898,0.000000,0.000000
4.7000,4,114.927310,38.114140,-0.048582,-0.499579
4.7000,5,64.299947,38.413672,0.000000,0.000000
4.7000,6,64.957615,37.915830,-0.100683,-0.598926
4.7000,7,63.769886,38.601440,-0.079333,-0.261899
4.7000,8,62.555464,39.315372,-0.693691,-0.905480
4.7000,9,63.251627,38.925748,0.459968,0.691011
4.7200,0,114.303596,38.163903,-0.103822,-0.033330
4.7200,1,113.770603,38.173591,-0.045097,-0.181536
4.7200,2,115.674622,38.059202,-0.079814,0.367405
4.7200,3,113.266070,38.230898,0.000000,0.000000
4.7200,4,114.925634,38.123497,-0.145922,0.763171
4.7200,5,64.299947,38.413672,0.000000,0.000000
4.7200,6,64.956680,37.911896,-0.304843,-0.339943
4.7200,7,63.776197,38.609436,0.358176,0.477433
4.7200,8,62.552233,39.311215,0.352819,0.465747
4.7200,9,63.247518,38.923405,-0.845216,-0.904283
4.7400,0,114.301723,38.145051,-0.059081,-1.167806
4.7400,1,113.769013,38.162363,-0.088101,-0.327957
4.7400,2,115.675131,38.084205,0.122918,2.105383
4.7400,3,113.266070,38.230898,0.000000,0.000000
4.7400,4,114.921159,38.132732,-0.269454,0.765324
4.7400,5,64.299947,38.413672,0.000000,0.000000
4.7400,6,64.951870,37.912886,-0.488384,-0.106581
4.7400,7,63.778130,38.610567,0.148943,0.178975
4.7400,8,62.560327,39.323535,0.158065,0.255998
4.7400,9,63.233549,38.910807,-0.562498,-0.388667
4.7600,0,114.302041,38.141614,0.080459,0.781693
4.7600,1,113.767776,38.173766,-0.057641,0.788804
4.7600,2,115.678240,38.118360,0.158678,0.730789
4.7600,3,113.266070,38.230898,0.000000,0.000000
4.7600,4,114.914126,38.129443,-0.422814,-1.066164
4.7600,5,64.299947,38.413672,0.000000,0.000000
4.7600,6,64.943590,37.918293,-0.651924,0.101979
4.7600,7,63.775875,38.606290,-0.061248,-0.072353
4.7600,8,62.558942,39.322188,0.005527,0.128671
4.7600,9,63.231430,38.918310,0.345121,1.118655
4.7800,0,114.303429,38.150146,0.050759,0.101360
4.7800,1,113.766479,38.181674,-0.041762,0.630039
4.7800,2,115.681314,38.115004,0.144912,-1.035948
4.7800,3,113.266070,38.230898,0.000000,0.000000
4.7800,4,114.905796,38.115430,-0.400882,-0.365309
4.7800,5,64.299947,38.413672,0.000000,0.000000
4.7800,6,64.932235,37.927633,-0.690634,0.208192
4.7800,7,63.775563,38.607610,0.019545,0.194871
4.7800,8,62.554483,39.318300,-0.148511,0.001673
4.7800,9,63.234318,38.932823,-0.036977,0.359491
4.8000,0,114.303734,38.146161,-0.000928,0.105040
4.8000,1,113.765252,38.173816,-0.078387,-1.380192
4.8000,2,115.683891,38.078030,0.135340,-2.023775
4.8000,3,113.266070,38.230898,0.000000,0.000000
4.8000,4,114.899030,38.126996,-0.294921,0.866892
4.8000,5,64.299947,38.413672,0.000000,0.000000
4.8000,6,64.926275,37.934291,-0.224617,-0.079592
4.8000,7,63.770437,38.603262,-0.210926,-0.092469
4.8000,8,62.552802,39.321847,-0.316628,-0.158925
4.8000,9,63.223824,38.922086,-0.666828,-0.840822
4.8200,0,114.303212,38.154514,-0.078549,0.132441
4.8200,1,113.764304,38.152138,0.007865,-0.174329
4.8200,2,115.687606,38.057653,0.233885,-0.048706
4.8200,3,113.266070,38.230898,0.000000,0.000000
4.8200,4,114.893288,38.125514,-0.272282,-0.988454
4.8200,5,64.299947,38.413672,0.000000,0.000000
4.8200,6,64.929272,37.935422,0.202594,-0.342311
4.8200,7,63.767205,38.603924,-0.419412,-0.370167
4.8200,8,62.548313,39.322974,-0.143327,0.248287
4.8200,9,63.220293,38.920963,0.292256,0.695426
4.8400,0,114.300674,38.152282,-0.138914,0.241123
4.8400,1,113.765341,38.165445,0.092591,1.497385
4.8400,2,115.688020,38.075227,-0.181124,1.774434
4.8400,3,113.266070,38.230898,0.000000,0.000000
4.8400,4,114.894418,38.113019,0.360547,-0.289576
4.8400,5,64.299947,38.413672,0.000000,0.000000
4.8400,6,64.934261,37.921342,0.498478,-0.439633
4.8400,7,63.766799,38.610404,0.364698,0.987643
4.8400,8,62.541076,39.321345,-0.278021,0.101817
4.8400,9,63.228467,38.938025,0.221095,0.495055
4.8600,0,114.297583,38.151256,-0.133124,0.255026
4.8600,1,113.766875,38.186331,0.031046,-0.020528
4.8600,2,115.684659,38.103276,-0.150439,1.062092
4.8600,3,113.266070,38.230898,0.000000,0.000000
4.8600,4,114.902441,38.126037,0.401649,0.928545
4.8600,5,64.299947,38.413672,0.000000,0.000000
4.8600,6,64.944761,37.920393,0.239934,-0.200479
4.8600,7,63.768591,38.620730,-0.160155,0.076171
4.8600,8,62.537061,39.326629,-0.419553,-0.086285
4.8600,9,63.222634,38.929916,-0.792401,-1.277651
4.8800,0,114.295256,38.149932,-0.064888,0.230445
4.8800,1,113.766474,38.166137,-0.047904,-1.316486
4.8800,2,115.681622,38.106039,-0.149696,-0.754079
4.8800,3,113.266070,38.230898,0.000000,0.000000
4.8800,4,114.908998,38.125394,0.246739,-0.955202
4.8800,5,64.299947,38.413672,0.000000,0.000000
4.8800,6,64.950331,37.923997,0.005334,0.015674
4.8800,7,63.761196,38.614434,-0.259225,-0.173815
4.8800,8,62.530583,39.328474,-0.525021,-0.243252
4.8800,9,63.209901,38.909736,-0.169829,-0.200088
4.9000,0,114.294715,38.149030,0.038864,0.290474
4.9000,1,113.765814,38.158338,-0.019935,0.501845
4.9000,2,115.679307,38.086681,-0.056772,-0.606063
4.9000,3,113.266070,38.230898,0.000000,0.000000
4.9000,4,114.913142,38.113692,0.162572,-0.236386
4.9000,5,64.299947,38.413672,0.000000,0.000000
4.9000,6,64.945447,37.921433,-0.174886,0.265021
4.9000,7,63.758451,38.613867,-0.031788,0.101723
4.9000,8,62.526557,39.324674,-0.192659,-0.644332
4.9000,9,63.210769,38.923493,0.260405,1.538634
4.9200,0,114.296225,38.148802,0.107176,-0.313400
4.9200,1,113.765273,38.171876,-0.049461,0.266765
4.9200,2,115.679852,38.093430,0.082865,0.631323
4.9200,3,113.266070,38.230898,0.000000,0.000000
4.9200,4,114.915935,38.127811,0.089294,0.987019
4.9200,5,64.299947,38.413672,0.000000,0.000000
4.9200,6,64.943147,37.933865,-0.367069,0.433210
4.9200,7,63.759375,38.617986,-0.191155,-0.213846
4.9200,8,62.530575,39.326716,0.577216,0.824928
4.9200,9,63.212059,38.945851,-0.106656,0.721304
4.9400,0,114.299284,38.148822,0.164412,-0.286699
4.9400,1,113.764033,38.169501,-0.044561,0.102450
4.9400,2,115.682062,38.100195,0.160611,0.626938
4.9400,3,113.266070,38.230898,0.000000,0.000000
4.9400,4,114.915799,38.128507,-0.096784,-0.887550
4.9400,5,64.299947,38.413672,0.000000,0.000000
4.9400,6,64.928636,37.924671,-0.638171,-0.827490
4.9400,7,63.757271,38.616489,-0.031839,0.053887
4.9400,8,62.536610,39.335503,0.043698,0.086761
4.9400,9,63.200693,38.941785,-1.011373,-1.106335
4.9600,0,114.302991,38.149518,0.171301,-0.263601
4.9600,1,113.763776,38.176091,-0.000523,-0.053361
4.9600,2,115.685154,38.094742,0.146745,-1.142681
4.9600,3,113.266070,38.230898,0.000000,0.000000
4.9600,4,114.913415,38.118106,-0.135953,-0.187755
4.9600,5,64.299947,38.413672,0.000000,0.000000
4.9600,6,64.930232,37.923083,0.772512,0.643571
4.9600,7,63.751660,38.609356,-0.513076,-0.748119
4.9600,8,62.532813,39.331070,-0.120399,-0.010809
4.9600,9,63.184919,38.924185,-0.248387,-0.111405
4.9800,0,114.306346,38.151066,0.155741,0.405209
4.9800,1,113.764088,38.167903,0.055585,-0.167893
4.9800,2,115.688859,38.079540,0.218934,-0.412806
4.9800,3,113.266070,38.230898,0.000000,0.000000
4.9800,4,114.910658,38.120667,-0.157981,-0.161421
4.9800,5,64.299947,38.413672,0.000000,0.000000
4.9800,6,64.941586,37.930320,0.280624,0.185976
4.9800,7,63.749873,38.608857,0.318621,0.668714
4.9800,8,62.531654,39.334712,-0.293909,-0.141011
4.9800,9,63.190017,38.936191,0.742767,1.290859
5.0000,0,114.308513,38.153238,0.083551,0.410101
5.0000,1,113.765972,38.169130,0.106306,-0.313456
5.0000,2,115.694266,38.089856,0.317078,1.411322
5.0000,3,113.266070,38.230898,0.000000,0.000000
5.0000,4,114.907897,38.123691,-0.137541,-0.133123
5.0000,5,64.299947,38.413672,0.000000,0.000000
5.0000,6,64.941955,37.930961,0.075579,0.415591
5.0000,7,63.757146,38.623780,0.102488,0.305122
5.0000,8,62.527407,39.336123,-0.141213,0.257039
5.0000,9,63.201346,38.953347,0.399763,0.451591
5.0200,0,114.309160,38.155690,0.008221,0.432658
5.0200,1,113.768616,38.167575,0.127771,-0.449087
5.0200,2,115.699863,38.099300,0.241193,-0.436590
5.0200,3,113.266070,38.230898,0.000000,0.000000
5.0200,4,114.905890,38.127556,-0.060791,0.498543
5.0200,5,64.299947,38.413672,0.000000,0.000000
5.0200,6,64.938435,37.935957,-0.005217,0.541715
5.0200,7,63.754463,38.621570,-0.049871,0.011035
5.0200,8,62.520107,39.334586,-0.282142,0.106813
5.0200,9,63.199719,38.944021,-0.549253,-1.346305
5.0400,0,114.307898,38.145516,-0.100867,-0.772902
5.0400,1,113.771258,38.163254,0.104482,-0.592974
5.0400,2,115.704392,38.085862,0.104339,-0.321034
5.0400,3,113.266070,38.230898,0.000000,0.000000
5.0400,4,114.905059,38.131467,0.134348,0.494191
5.0400,5,64.299947,38.413672,0.000000,0.000000
5.0400,6,64.932814,37.927327,-0.214840,-0.800518
5.0400,7,63.749236,38.613809,-0.153738,-0.254872
5.0400,8,62.516163,39.340108,-0.406759,-0.068255
5.0400,9,63.192294,38.922298,0.113767,-0.284329
5.0600,0,114.306542,38.149845,-0.051388,0.520310
5.0600,1,113.773526,38.169518,0.117091,1.193090
5.0600,2,115.701829,38.085904,-0.251019,-0.262335
5.0600,3,113.266070,38.230898,0.000000,0.000000
5.0600,4,114.912216,38.122624,0.438981,-1.345741
5.0600,5,64.299947,38.413672,0.000000,0.000000
5.0600,6,64.938425,37.929432,0.429090,0.406227
5.0600,7,63.754930,38.622611,0.371067,0.542720
5.0600,8,62.514406,39.339592,-0.081742,-0.490864
5.0600,9,63.198979,38.934231,0.555040,1.444169
5.0800,0,114.305684,38.153909,-0.000322,0.500825
5.0800,1,113.774832,38.184886,0.014005,0.384008
5.0800,2,115.697694,38.086880,-0.183583,-0.220108
5.0800,3,113.266070,38.230898,0.000000,0.000000
5.0800,4,114.921093,38.115736,0.436487,0.620367
5.0800,5,64.299947,38.413672,0.000000,0.000000
5.0800,6,64.941620,37.934252,0.209923,0.613528
5.0800,7,63.757592,38.624888,0.208092,0.226699
5.0800,8,62.514277,39.333542,-0.232470,-0.627930
5.0800,9,63.206046,38.954643,-0.152851,0.066278
5.1000,0,114.305678,38.144450,0.030670,-0.770664
5.1000,1,113.773598,38.172390,-0.134425,-1.607264
5.1000,2,115.695095,38.088591,-0.099187,-0.195326
5.1000,3,113.266070,38.230898,0.000000,0.000000
5.1000,4,114.928736,38.133513,0.296653,0.568156
5.1000,5,64.299947,38.413672,0.000000,0.000000
5.1000,6,64.938063,37.928519,-0.555880,-1.153230
5.1000,7,63.756921,38.621235,0.041591,-0.049094
5.1000,8,62.517507,39.335805,0.542606,0.832879
5.1000,9,63.193750,38.938145,-0.731195,-1.127103
5.1200,0,114.307934,38.148814,0.189147,1.183764
5.1200,1,113.770627,38.146586,-0.130538,-0.356563
5.1200,2,115.694265,38.090657,-0.008119,-0.177774
5.1200,3,113.266070,38.230898,0.000000,0.000000
5.1200,4,114.932323,38.126543,0.062820,-1.239927
5.1200,5,64.299947,38.413672,0.000000,0.000000
5.1200,6,64.928875,37.914580,-0.043237,0.297272
5.1200,7,63.753080,38.612546,-0.109944,-0.285177
5.1200,8,62.523164,39.344835,0.042495,0.101755
5.1200,9,63.189360,38.931060,0.276851,0.394352
5.1400,0,114.311290,38.153616,0.140175,-0.669907
5.1400,1,113.768671,38.156078,-0.057649,1.282125
5.1400,2,115.695269,38.093833,0.105697,0.466721
5.1400,3,113.266070,38.230898,0.000000,0.000000
5.1400,4,114.932410,38.109466,-0.051727,-0.508041
5.1400,5,64.299947,38.413672,0.000000,0.000000
5.1400,6,64.937851,37.937465,0.689456,1.315858
5.1400,7,63.758922,38.620918,0.343473,0.525035
5.1400,8,62.519616,39.340470,-0.095921,-0.025009
5.1400,9,63.204218,38.953036,0.868742,1.225753
5.1600,0,114.314335,38.147866,0.154366,0.045100
5.1600,1,113.768170,38.184873,-0.006252,1.014745
5.1600,2,115.697902,38.097707,0.179359,0.499680
5.1600,3,113.266070,38.230898,0.000000,0.000000
5.1600,4,114.931012,38.118339,-0.082524,1.364308
5.1600,5,64.299947,38.413672,0.000000,0.000000
5.1600,6,64.945480,37.943578,0.084161,-0.668439
5.1600,7,63.760546,38.622871,0.136588,0.207956
5.1600,8,62.513340,39.333384,-0.228002,-0.168708
5.1600,9,63.211440,38.958671,-0.126960,-0.618959
5.1800,0,114.317094,38.154299,0.090816,-0.006755
5.1800,1,113.768125,38.184526,0.003299,-1.022453
5.1800,2,115.701287,38.089716,0.156740,-1.269666
5.1800,3,113.266070,38.230898,0.000000,0.000000
5.1800,4,114.928341,38.138277,-0.202674,0.020139
5.1800,5,64.299947,38.413672,0.000000,0.000000
5.1800,6,64.937454,37.915077,-0.638978,-1.508642
5.1800,7,63.758385,38.618818,-0.029163,-0.070936
5.1800,8,62.516782,39.344288,0.244796,0.692398
5.1800,9,63.199471,38.929315,-0.734512,-1.729418
5.2000,0,114.317846,38.148284,0.009138,0.034506
5.2000,1,113.768710,38.157897,0.071437,-1.044997
5.2000,2,115.705065,38.071909,0.242280,0.073851
5.2000,3,113.266070,38.230898,0.000000,0.000000
5.2000,4,114.923316,38.120846,-0.264317,-1.094515
5.2000,5,64.299947,38.413672,0.000000,0.000000
5.2000,6,64.933012,37.905287,0.180533,0.495330
5.2000,7,63.753435,38.609656,-0.149937,-0.308156
5.2000,8,62.521681,39.348357,0.536992,0.245459
5.2000,9,63.190079,38.913706,-0.206563,0.131099
5.2200,0,114.316946,38.143778,-0.070638,0.121902
5.2200,1,113.771211,38.154956,0.169430,0.725001
5.2200,2,115.710789,38.091492,0.299543,1.241610
5.2200,3,113.266070,38.230898,0.000000,0.000000
5.2200,4,114.919063,38.118923,-0.157147,0.869306
5.2200,5,64.299947,38.413672,0.000000,0.000000
5.2200,6,64.944140,37.933556,0.585977,1.727438
5.2200,7,63.758744,38.617700,0.328482,0.518410
5.2200,8,62.521408,39.335871,-0.231999,-0.918804
5.2200,9,63.195169,38.930495,0.708738,1.525454
5.2400,0,114.315148,38.152322,-0.129491,0.116722
5.2400,1,113.775205,38.186123,0.197832,1.723183
5.2400,2,115.715907,38.097659,0.080930,-0.588674
5.2400,3,113.266070,38.230898,0.000000,0.000000
5.2400,4,114.916096,38.129407,-0.006235,0.197561
5.2400,5,64.299947,38.413672,0.000000,0.000000
5.2400,6,64.947779,37.949024,-0.211611,-0.146096
5.2400,7,63.760138,38.619680,0.126678,0.218495
5.2400,8,62.524641,39.332760,0.538904,0.581455
5.2400,9,63.205488,38.952214,0.347182,0.684074
5.2600,0,114.312042,38.148133,-0.144763,0.066261
5.2600,1,113.777940,38.199792,0.074340,-0.295272
5.2600,2,115.712397,38.081547,-0.273935,-0.449064
5.2600,3,113.266070,38.230898,0.000000,0.000000
5.2600,4,114.920944,38.127545,0.375164,0.230502
5.2600,5,64.299947,38.413672,0.000000,0.000000
5.2600,6,64.938276,37.927422,-0.836177,-1.905022
5.2600,7,63.757556,38.615812,-0.066765,-0.068775
5.2600,8,62.529979,39.336865,0.013327,-0.140335
5.2600,9,63.202922,38.947315,-0.584864,-1.138617
5.2800,0,114.309311,38.142400,-0.117532,-0.607514
5.2800,1,113.777902,38.175144,-0.082991,-2.150913
5.2800,2,115.708255,38.091149,-0.164601,0.765852
5.2800,3,113.266070,38.230898,0.000000,0.000000
5.2800,4,114.927524,38.126567,0.299263,0.276564
5.2800,5,64.299947,38.413672,0.000000,0.000000
5.2800,6,64.930103,37.910078,0.004241,0.135877
5.2800,7,63.757539,38.617045,-0.243012,-0.336010
5.2800,8,62.525691,39.327938,-0.138408,-0.235357
5.2800,9,63.195214,38.929419,-0.206642,-0.678196
5.3000,0,114.308722,38.150016,0.031784,0.702178
5.3000,1,113.775443,38.139074,-0.136949,-0.852987
5.3000,2,115.704897,38.088260,-0.142075,-0.407409
5.3000,3,113.266070,38.230898,0.000000,0.000000
5.3000,4,114.932110,38.126574,0.180148,0.321204
5.3000,5,64.299947,38.413672,0.000000,0.000000
5.3000,6,64.937895,37.931509,0.532248,1.324048
5.3000,7,63.754666,38.613514,-0.054011,-0.035709
5.3000,8,62.530714,39.338001,0.310206,0.669232
5.3000,9,63.200746,38.931061,0.737608,0.815489
5.3200,0,114.309919,38.158802,0.110092,0.795596
5.3200,1,113.772586,38.138625,-0.142131,0.779026
5.3200,2,115.703095,38.086386,-0.062710,-0.359433
5.3200,3,113.266070,38.230898,0.000000,0.000000
5.3200,4,114.934133,38.127305,0.047633,0.350475
5.3200,5,64.299947,38.413672,0.000000,0.000000
5.3200,6,64.942461,37.937783,-0.064433,-0.661389
5.3200,7,63.755138,38.614955,-0.206637,-0.347955
5.3200,8,62.525827,39.333411,-0.459129,-0.551983
5.3200,9,63.211247,38.939440,0.323261,0.052863
5.3400,0,114.311770,38.156387,0.070381,-1.018948
5.3400,1,113.770221,38.169444,-0.081896,2.307890
5.3400,2,115.702850,38.085401,0.012217,-0.318363
5.3400,3,113.266070,38.230898,0.000000,0.000000
5.3400,4,114.933585,38.128448,-0.073193,0.361864
5.3400,5,64.299947,38.413672,0.000000,0.000000
5.3400,6,64.938270,37.920849,-0.140898,-0.417811
5.3400,7,63.752872,38.610331,-0.328334,-0.643272
5.3400,8,62.518526,39.326258,-0.567327,-0.677722
5.3400,9,63.213960,38.934165,0.250940,-0.049995
5.3600,0,114.313432,38.143056,0.086049,-0.353202
5.3600,1,113.768886,38.206427,-0.067349,0.787139
5.3600,2,115.703992,38.085180,0.074901,-0.282797
5.3600,3,113.266070,38.230898,0.000000,0.000000
5.3600,4,114.930392,38.117344,-0.211744,-0.809359
5.3600,5,64.299947,38.413672,0.000000,0.000000
5.3600,6,64.936625,37.920315,-0.335848,-0.181084
5.3600,7,63.755050,38.611255,0.530218,0.719821
5.3600,8,62.520048,39.325057,0.692871,0.542747
5.3600,9,63.210692,38.929701,-0.252767,0.122077
5.3800,0,114.314789,38.141304,0.020248,-0.430575
5.3800,1,113.767928,38.203247,-0.027737,-1.080315
5.3800,2,115.706229,38.085769,0.121037,-0.239747
5.3800,3,113.266070,38.230898,0.000000,0.000000
5.3800,4,114.926452,38.120748,-0.176850,1.111453
5.3800,5,64.299947,38.413672,0.000000,0.000000
5.3800,6,64.931285,37.924272,-0.405652,-0.047355
5.3800,7,63.760360,38.616387,0.010917,-0.179425
5.3800,8,62.534619,39.338745,0.464112,0.315557
5.3800,9,63.208353,38.935684,-0.282104,-0.055339
5.4000,0,114.315254,38.151179,-0.000596,0.758617
5.4000,1,113.767634,38.163686,0.015111,-2.227845
5.4000,2,115.709189,38.087028,0.147189,-0.215029
5.4000,3,113.266070,38.230898,0.000000,0.000000
5.4000,4,114.922500,38.136189,-0.211006,0.459392
5.4000,5,64.299947,38.413672,0.000000,0.000000
5.4000,6,64.930651,37.926109,0.021444,-0.304990
5.4000,7,63.762070,38.615709,0.143505,0.097816
5.4000,8,62.532585,39.327494,-0.333135,-0.865187
5.4000,9,63.205892,38.938144,-0.269242,-0.230338
5.4200,0,114.313744,38.147348,-0.119302,-0.440426
5.4200,1,113.769097,38.137923,0.120155,-0.406437
5.4200,2,115.712484,38.088731,0.155101,-0.193554
5.4200,3,113.266070,38.230898,0.000000,0.000000
5.4200,4,114.917731,38.126937,-0.260308,-1.358621
5.4200,5,64.299947,38.413672,0.000000,0.000000
5.4200,6,64.936035,37.924655,0.101307,-0.305644
5.4200,7,63.759767,38.609631,-0.060827,-0.173292
5.4200,8,62.533737,39.325515,0.432947,0.639942
5.4200,9,63.203967,38.937215,-0.227238,-0.385983
5.4400,0,114.311202,38.146235,-0.156030,-0.285075
5.4400,1,113.771980,38.146098,0.161624,1.198559
5.4400,2,115.715790,38.091065,0.019262,-0.149923
5.4400,3,113.266070,38.230898,0.000000,0.000000
5.4400,4,114.913309,38.107554,-0.024840,0.014395
5.4400,5,64.299947,38.413672,0.000000,0.000000
5.4400,6,64.938999,37.926240,-0.116957,-0.081268
5.4400,7,63.759520,38.608700,-0.275609,-0.451278
5.4400,8,62.537029,39.330918,-0.085366,-0.071864
5.4400,9,63.202837,38.933172,-0.197759,-0.547634
5.4600,0,114.308396,38.147571,-0.139053,-0.218670
5.4600,1,113.775295,38.185934,0.140390,2.130849
5.4600,2,115.711100,38.083309,-0.330633,-0.053555
5.4600,3,113.266070,38.230898,0.000000,0.000000
5.4600,4,114.918753,38.126240,0.400123,1.193252
5.4600,5,64.299947,38.413672,0.000000,0.000000
5.4600,6,64.937817,37.932080,-0.207650,0.042824
5.4600,7,63.761953,38.613863,0.507399,0.944054
5.4600,8,62.530827,39.323316,-0.231110,-0.173104
5.4600,9,63.208742,38.937398,0.441381,0.386078
5.4800,0,114.306407,38.148535,-0.079509,-0.307170
5.4800,1,113.776637,38.207554,-0.004394,0.085816
5.4800,2,115.705355,38.088111,-0.265223,-0.047527
5.4800,3,113.266070,38.230898,0.000000,0.000000
5.4800,4,114.925231,38.130902,0.240068,-0.698098
5.4800,5,64.299947,38.413672,0.000000,0.000000
5.4800,6,64.932886,37.926999,-0.070659,0.064791
5.4800,7,63.766492,38.623670,-0.028877,0.067899
5.4800,8,62.534024,39.334420,0.222026,0.712530
5.4800,9,63.214031,38.938011,0.392374,0.211608
5.5000,0,114.305903,38.147690,0.008280,-0.367039
5.5000,1,113.775210,38.190873,-0.138314,-1.745490
5.5000,2,115.701095,38.093120,-0.183733,-0.026493
5.5000,3,113.266070,38.230898,0.000000,0.000000
5.5000,4,114.928667,38.112203,0.123452,-0.589261
5.5000,5,64.299947,38.413672,0.000000,0.000000
5.5000,6,64.938627,37.931011,0.323819,-0.198019
5.5000,7,63.761371,38.617126,-0.161887,-0.188946
5.5000,8,62.533886,39.341541,0.072034,0.520259
5.5000,9,63.218056,38.935499,0.317902,0.078898
5.5200,0,114.307244,38.146798,0.093938,-0.306030
5.5200,1,113.771673,38.150832,-0.189453,-1.696336
5.5200,2,115.698078,38.087581,-0.093310,0.049863
5.5200,3,113.266070,38.230898,0.000000,0.000000
5.5200,4,114.930619,38.119591,0.070772,1.297694
5.5200,5,64.299947,38.413672,0.000000,0.000000
5.5200,6,64.939821,37.924359,0.114658,0.069997
5.5200,7,63.753863,38.605177,-0.269211,-0.475100
5.5200,8,62.524695,39.334015,-0.540467,-0.762276
5.5200,9,63.220384,38.930777,0.114100,0.057379
5.5400,0,114.309880,38.147717,0.132639,-0.204246
5.5400,1,113.768399,38.134775,-0.130714,0.035042
5.5400,2,115.697308,38.094340,-0.009637,0.045546
5.5400,3,113.266070,38.230898,0.000000,0.000000
5.5400,4,114.930515,38.138441,-0.102838,-0.025250
5.5400,5,64.299947,38.413672,0.000000,0.000000
5.5400,6,64.943032,37.933078,-0.105361,0.256854
5.5400,7,63.757020,38.609186,0.569217,0.863336
5.5400,8,62.526636,39.331319,0.607043,0.535805
5.5400,9,63.214574,38.928331,-0.268641,0.156941
5.5600,0,114.312719,38.150722,0.116716,-0.105406
5.5600,1,113.766737,38.151219,-0.026851,1.590300
5.5600,2,115.697634,38.089929,0.064402,0.095804
5.5600,3,113.266070,38.230898,0.000000,0.000000
5.5600,4,114.926802,38.120060,-0.233816,-1.154000
5.5600,5,64.299947,38.413672,0.000000,0.000000
5.5600,6,64.936076,37.935055,-0.167931,0.397884
5.5600,7,63.762983,38.617049,0.038520,-0.048136
5.5600,8,62.533586,39.334537,0.102109,-0.185199
5.5600,9,63.211820,38.934977,-0.304905,-0.018503
5.5800,0,114.314291,38.143323,0.056864,-0.054116
5.5800,1,113.767091,38.185640,0.047993,1.290134
5.5800,2,115.699279,38.086654,0.121559,0.156833
5.5800,3,113.266070,38.230898,0.000000,0.000000
5.5800,4,114.922505,38.116859,-0.189819,0.807250
5.5800,5,64.299947,38.413672,0.000000,0.000000
5.5800,6,64.934047,37.935085,0.271939,0.149093
5.5800,7,63.758922,38.608197,-0.135585,-0.308136
5.5800,8,62.531083,39.324689,-0.052810,-0.284137
5.5800,9,63.209093,38.938653,0.030678,0.373624
5.6000,0,114.314800,38.147683,-0.032037,-0.115457
5.6000,1,113.768200,38.190828,0.060758,-0.736924
5.6000,2,115.702340,38.095524,0.156534,0.151637
5.6000,3,113.266070,38.230898,0.000000,0.000000
5.6000,4,114.918388,38.126221,-0.215106,0.148764
5.6000,5,64.299947,38.413672,0.000000,0.000000
5.6000,6,64.940340,37.930408,0.560648,0.008419
5.6000,7,63.763971,38.615976,0.294391,0.499413
5.6000,8,62.537610,39.333731,0.374351,0.619703
5.6000,9,63.206888,38.939163,0.057112,0.203994
5.6200,0,114.313592,38.151332,-0.110281,-0.103178
5.6200,1,113.769233,38.156921,0.058444,-2.000799
5.6200,2,115.705443,38.093283,0.175632,0.206244
5.6200,3,113.266070,38.230898,0.000000,0.000000
5.6200,4,114.914149,38.123531,-0.180215,0.175987
5.6200,5,64.299947,38.413672,0.000000,0.000000
5.6200,6,64.946026,37.927680,0.327378,0.256174
5.6200,7,63.764532,38.617735,0.083227,0.220203
5.6200,8,62.533768,39.328328,-0.418783,-0.580849
5.6200,9,63.205114,38.936133,0.074521,0.027780
5.6400,0,114.310588,38.144442,-0.157820,0.032215
5.6400,1,113.771074,38.135344,0.113566,-0.201181
5.6400,2,115.708763,38.092102,0.178672,0.257636
5.6400,3,113.266070,38.230898,0.000000,0.000000
5.6400,4,114.910814,38.121353,-0.125723,0.213150
5.6400,5,64.299947,38.413672,0.000000,0.000000
5.6400,6,64.947270,37.929667,0.116375,0.480001
5.6400,7,63.761131,38.614102,-0.107158,-0.054350
5.6400,8,62.533346,39.331740,0.043649,0.345927
5.6400,9,63.209602,38.940086,0.067354,-0.150593
5.6600,0,114.307498,38.152124,-0.164013,0.132068
5.6600,1,113.773394,38.147365,0.112886,1.377255
5.6600,2,115.706961,38.092100,-0.317555,0.323745
5.6600,3,113.266070,38.230898,0.000000,0.000000
5.6600,4,114.913663,38.119119,0.386088,-0.417129
5.6600,5,64.299947,38.413672,0.000000,0.000000
5.6600,6,64.937839,37.924461,-0.705586,-0.403597
5.6600,7,63.760318,38.615490,-0.278566,-0.330382
5.6600,8,62.529699,39.331957,-0.100998,0.196502
5.6600,9,63.207785,38.930558,0.052668,-0.273832
5.6800,0,114.304575,38.149428,-0.094678,0.176129
5.6800,1,113.775441,38.190711,0.068142,2.322030
5.6800,2,115.701018,38.093160,-0.248708,0.360248
5.6800,3,113.266070,38.230898,0.000000,0.000000
5.6800,4,114.921026,38.117112,0.313996,-0.376970
5.6800,5,64.299947,38.413672,0.000000,0.000000
5.6800,6,64.927564,37.922598,-0.539851,-0.400308
5.6800,7,63.756759,38.611803,-0.087718,-0.059773
5.6800,8,62.523154,39.328771,-0.535735,-0.491170
5.6800,9,63.211334,38.929035,-0.010634,-0.402150
5.7000,0,114.303332,38.146056,-0.006914,0.075753
5.7000,1,113.775341,38.216445,-0.066564,0.324340
5.7000,2,115.696644,38.094924,-0.162002,0.394208
5.7000,3,113.266070,38.230898,0.000000,0.000000
5.7000,4,114.926377,38.115902,0.189675,-0.337092
5.7000,5,64.299947,38.413672,0.000000,0.000000
5.7000,6,64.931043,37.929115,0.864420,1.027601
5.7000,7,63.756751,38.612753,-0.223657,-0.376678
5.7000,8,62.523134,39.332377,0.621451,0.767120
5.7000,9,63.211128,38.926572,-0.425256,-0.316945
5.7200,0,114.304312,38.152263,0.079528,-0.054647
5.7200,1,113.772967,38.204963,-0.167854,-1.463553
5.7200,2,115.694101,38.097346,-0.067332,0.426156
5.7200,3,113.266070,38.230898,0.000000,0.000000
5.7200,4,114.928980,38.115375,0.044050,-0.319987
5.7200,5,64.299947,38.413672,0.000000,0.000000
5.7200,6,64.948299,37.940608,0.433381,-0.336054
5.7200,7,63.754139,38.607702,-0.354188,-0.661440
5.7200,8,62.530451,39.340008,0.126414,0.026340
5.7200,9,63.211874,38.935507,0.160024,0.618884
5.7400,0,114.306395,38.144941,0.148932,-0.052683
5.7400,1,113.768800,38.158021,-0.219818,-2.579207
5.7400,2,115.692917,38.088091,-0.025110,-0.709338
5.7400,3,113.266070,38.230898,0.000000,0.000000
5.7400,4,114.929263,38.127946,-0.040129,0.918793
5.7400,5,64.299947,38.413672,0.000000,0.000000
5.7400,6,64.944890,37.919889,-0.420439,-1.139320
5.7400,7,63.755415,38.608333,0.466121,0.704391
5.7400,8,62.528525,39.334084,-0.016674,-0.099098
5.7400,9,63.211686,38.940975,0.136263,0.462286
5.7600,0,114.309844,38.150627,0.156077,0.033213
5.7600,1,113.765316,38.125242,-0.123969,-0.775381
5.7600,2,115.693496,38.080403,0.055653,-0.642239
5.7600,3,113.266070,38.230898,0.000000,0.000000
5.7600,4,114.926572,38.127479,-0.220694,-0.940419
5.7600,5,64.299947,38.413672,0.000000,0.000000
5.7600,6,64.944588,37.917106,0.376376,0.827045
5.7600,7,63.759176,38.613073,-0.071454,-0.198545
5.7600,8,62.529819,39.336105,0.135084,0.280462
5.7600,9,63.211195,38.943325,0.125538,0.304467
5.7800,0,114.312270,38.147081,0.106388,0.214463
5.7800,1,113.763923,38.125437,-0.013317,0.774759
5.7800,2,115.696034,38.086384,0.193336,1.208338
5.7800,3,113.266070,38.230898,0.000000,0.000000
5.7800,4,114.921870,38.116317,-0.243049,-0.203522
5.7800,5,64.299947,38.413672,0.000000,0.000000
5.7800,6,64.946428,37.929379,-0.171770,0.425828
5.7800,7,63.758948,38.611526,-0.261423,-0.481684
5.7800,8,62.527951,39.334997,-0.017011,0.129206
5.7800,9,63.210572,38.942621,0.120358,0.155444
5.8000,0,114.313298,38.146246,-0.004230,-0.300751
5.8000,1,113.765011,38.155540,0.124080,2.248423
5.8000,2,115.700020,38.103680,0.176880,-0.064088
5.8000,3,113.266070,38.230898,0.000000,0.000000
5.8000,4,114.917142,38.118215,-0.248010,-0.200020
5.8000,5,64.299947,38.413672,0.000000,0.000000
5.8000,6,64.938201,37.934577,-0.229061,0.551589
5.8000,7,63.761750,38.615949,0.197079,0.333993
5.8000,8,62.523219,39.330990,-0.151029,-0.010321
5.8000,9,63.209851,38.939146,0.114856,0.029446
5.8200,0,114.312586,38.146616,-0.092237,-0.286557
5.8200,1,113.767894,38.190398,0.136036,0.629144
5.8200,2,115.703023,38.085120,0.147289,-1.151586
5.8200,3,113.266070,38.230898,0.000000,0.000000
5.8200,4,114.912736,38.120278,-0.212950,-0.194159
5.8200,5,64.299947,38.413672,0.000000,0.000000
5.8200,6,64.935000,37.937551,0.216777,0.289511
5.8200,7,63.760695,38.614330,0.018821,0.045534
5.8200,8,62.521767,39.334153,-0.289385,-0.184810
5.8200,9,63.208809,38.933186,0.086848,-0.092558
5.8400,0,114.310220,38.146687,-0.163974,-0.317268
5.8400,1,113.770328,38.183050,0.097526,-1.341618
5.8400,2,115.706803,38.081420,0.226543,0.745915
5.8400,3,113.266070,38.230898,0.000000,0.000000
5.8400,4,114.909300,38.122680,-0.153565,-0.168634
5.8400,5,64.299947,38.413672,0.000000,0.000000
5.8400,6,64.933616,37.924100,-0.117676,-0.949952
5.8400,7,63.756034,38.606726,-0.471002,-0.794642
5.8400,8,62.517783,39.333944,-0.295026,-0.417420
5.8400,9,63.212957,38.935114,-0.090416,-0.168678
5.8600,0,114.306879,38.146699,-0.182139,-0.294202
5.8600,1,113.772339,38.162859,0.091498,-0.720768
5.8600,2,115.706381,38.101706,-0.276922,0.702201
5.8600,3,113.266070,38.230898,0.000000,0.000000
5.8600,4,114.912195,38.125343,0.393284,-0.172468
5.8600,5,64.299947,38.413672,0.000000,0.000000
5.8600,6,64.939096,37.924891,0.652040,0.995341
5.8600,7,63.755009,38.604909,0.346658,0.584929
5.8600,8,62.524383,39.337804,0.505116,0.296251
5.8600,9,63.209847,38.938809,-0.112008,0.449395
5.8800,0,114.304015,38.147499,-0.118369,-0.229475
5.8800,1,113.774104,38.166501,0.079388,1.050517
5.8800,2,115.700673,38.097720,-0.289201,-1.067111
5.8800,3,113.266070,38.230898,0.000000,0.000000
5.8800,4,114.919287,38.116431,0.329474,-0.127435
5.8800,5,64.299947,38.413672,0.000000,0.000000
5.8800,6,64.946191,37.940331,-0.255183,0.002730
5.8800,7,63.762684,38.618202,0.112387,0.233253
5.8800,8,62.529622,39.337002,0.320976,0.146484
5.8800,9,63.204667,38.940813,-0.094881,0.273013
5.9000,0,114.302955,38.149100,-0.010572,-0.222151
5.9000,1,113.774421,38.178944,-0.045443,0.219301
5.9000,2,115.695998,38.083991,-0.177623,-0.341483
5.9000,3,113.266070,38.230898,0.000000,0.000000
5.9000,4,114.925014,38.119985,0.211436,-0.119534
5.9000,5,64.299947,38.413672,0.000000,0.000000
5.9000,6,64.933799,37.922992,-0.641303,-1.131867
5.9000,7,63.759854,38.614857,-0.076373,-0.027780
5.9000,8,62.531207,39.333475,0.140945,0.022662
5.9000,9,63.200033,38.939147,-0.054486,0.095737
5.9200,0,114.304133,38.151140,0.123044,0.410944
5.9200,1,113.772498,38.176424,-0.115902,0.130523
5.9200,2,115.693595,38.083373,-0.086960,-0.304806
5.9200,3,113.266070,38.230898,0.000000,0.000000
5.9200,4,114.928114,38.123941,0.072006,-0.090630
5.9200,5,64.299947,38.413672,0.000000,0.000000
5.9200,6,64.929337,37.920330,0.283403,0.751191
5.9200,7,63.759439,38.616845,-0.276667,-0.306373
5.9200,8,62.529254,39.327606,-0.034681,-0.094537
5.9200,9,63.202260,38.944249,-0.030988,-0.109805
5.9400,0,114.307096,38.153272,0.190986,0.428813
5.9400,1,113.769605,38.171773,-0.140421,0.018887
5.9400,2,115.692998,38.083469,0.001434,-0.263386
5.9400,3,113.266070,38.230898,0.000000,0.000000
5.9400,4,114.927981,38.116778,-0.056169,-0.029558
5.9400,5,64.299947,38.413672,0.000000,0.000000
5.9400,6,64.941784,37.937370,0.643022,0.420520
5.9400,7,63.755630,38.613783,-0.109902,-0.011554
5.9400,8,62.529701,39.329368,-0.215600,-0.240059
5.9400,9,63.199012,38.935405,0.006639,-0.250532
5.9600,0,114.310826,38.156059,0.197551,0.465206
5.9600,1,113.766764,38.164526,-0.110618,-0.131158
5.9600,2,115.694069,38.084358,0.078355,-0.231933
5.9600,3,113.266070,38.230898,0.000000,0.000000
5.9600,4,114.926064,38.122196,-0.154052,-0.024794
5.9600,5,64.299947,38.413672,0.000000,0.000000
5.9600,6,64.944358,37.929535,-0.469562,-1.100771
5.9600,7,63.754943,38.615886,-0.267828,-0.310834
5.9600,8,62.526789,39.328360,-0.373448,-0.377818
5.9600,9,63.202117,38.933994,-0.011810,-0.419196
5.9800,0,114.313502,38.146572,0.090586,-0.747312
5.9800,1,113.765499,38.166104,-0.035110,-0.315962
5.9800,2,115.696505,38.085801,0.137159,-0.207744
5.9800,3,113.266070,38.230898,0.000000,0.000000
5.9800,4,114.922648,38.127753,-0.205120,-0.016086
5.9800,5,64.299947,38.413672,0.000000,0.000000
5.9800,6,64.936796,37.916597,-0.300516,-0.226846
5.9800,7,63.751501,38.612165,-0.387028,-0.597955
5.9800,8,62.527363,39.335589,0.099811,0.526220
5.9800,9,63.211184,38.940867,0.568766,0.520098
6.0000,0,114.314715,38.138413,0.001066,-0.683750
6.0000,1,113.765923,38.164496,0.051745,-0.459345
6.0000,2,115.699913,38.087732,0.175608,-0.176848
6.0000,3,113.266070,38.230898,0.000000,0.000000
6.0000,4,114.918208,38.122141,-0.206825,0.046168
6.0000,5,64.299947,38.413672,0.000000,0.000000
6.0000,6,64.938794,37.931132,0.153226,1.075411
6.0000,7,63.752504,38.613875,0.475908,0.746216
6.0000,8,62.524926,39.339079,-0.037001,0.341653
6.0000,9,63.212076,38.933362,-0.138071,-0.673303
6.0200,0,114.314561,38.144221,-0.016078,1.223857
6.0200,1,113.768442,38.173499,0.165953,0.673059
6.0200,2,115.703889,38.090260,0.194149,-0.154176
6.0200,3,113.266070,38.230898,0.000000,0.000000
6.0200,4,114.914611,38.129372,-0.173950,0.076158
6.0200,5,64.299947,38.413672,0.000000,0.000000
6.0200,6,64.934199,37.934137,-0.498461,-0.819867
6.0200,7,63.757204,38.619368,0.006924,-0.166845
6.0200,8,62.524428,39.336487,0.276206,-0.074965
6.0200,9,63.207163,38.926950,-0.643274,-0.504239
6.0400,0,114.313114,38.161359,-0.120688,0.534104
6.0400,1,113.771758,38.178965,0.181346,0.496345
6.0400,2,115.708082,38.093803,0.221318,0.481996
6.0400,3,113.266070,38.230898,0.000000,0.000000
6.0400,4,114.911412,38.125314,-0.118286,0.110999
6.0400,5,64.299947,38.413672,0.000000,0.000000
6.0400,6,64.932126,37.921851,0.266285,-0.432696
6.0400,7,63.753058,38.608110,-0.113089,-0.426699
6.0400,8,62.525411,39.328677,0.121918,-0.186847
6.0400,9,63.203893,38.932204,0.313008,1.009087
6.0600,0,114.309527,38.153192,-0.222313,-1.314568
6.0600,1,113.774246,38.167973,0.085975,-0.903422
6.0600,2,115.706577,38.085752,-0.327886,-0.640697
6.0600,3,113.266070,38.230898,0.000000,0.000000
6.0600,4,114.914456,38.121415,0.423683,0.101810
6.0600,5,64.299947,38.413672,0.000000,0.000000
6.0600,6,64.938225,37.921029,0.031719,-0.194970
6.0600,7,63.758776,38.613328,0.667599,0.932818
6.0600,8,62.528954,39.328547,-0.066959,-0.337919
6.0600,9,63.206644,38.944428,-0.018978,0.236915
6.0800,0,114.305869,38.134698,-0.133766,-0.579530
6.0800,1,113.775884,38.168636,0.071612,0.939581
6.0800,2,115.701438,38.091740,-0.210163,0.589448
6.0800,3,113.266070,38.230898,0.000000,0.000000
6.0800,4,114.922574,38.129659,0.351613,0.127625
6.0800,5,64.299947,38.413672,0.000000,0.000000
6.0800,6,64.939859,37.924725,-0.180340,0.019333
6.0800,7,63.766206,38.622891,0.095263,0.060729
6.0800,8,62.528809,39.325612,-0.245194,-0.466972
6.0800,9,63.203514,38.942100,0.015205,0.059021
6.1000,0,114.304970,38.141770,0.046744,1.266829
6.1000,1,113.776055,38.179574,-0.053090,0.181240
6.1000,2,115.697802,38.097761,-0.126560,0.596169
6.1000,3,113.266070,38.230898,0.000000,0.000000
6.1000,4,114.928173,38.127053,0.227802,0.207980
6.1000,5,64.299947,38.413672,0.000000,0.000000
6.1000,6,64.937471,37.932479,-0.264750,0.133565
6.1000,7,63.763000,38.616512,-0.096622,-0.161217
6.1000,8,62.531639,39.331200,0.517531,1.003481
6.1000,9,63.201087,38.936300,0.050405,-0.104689
6.1200,0,114.306666,38.159422,0.121446,0.547830
6.1200,1,113.773915,38.176080,-0.130598,0.078592
6.1200,2,115.695412,38.091660,-0.110756,-1.173790
6.1200,3,113.266070,38.230898,0.000000,0.000000
6.1200,4,114.931019,38.125490,0.081652,0.234172
6.1200,5,64.299947,38.413672,0.000000,0.000000
6.1200,6,64.933530,37.927515,0.074580,-0.005745
6.1200,7,63.756101,38.605534,-0.278421,-0.412483
6.1200,8,62.536655,39.343497,0.003437,0.253703
6.1200,9,63.205144,38.937569,0.048983,-0.284692
6.1400,0,114.309028,38.151467,0.107177,-1.302256
6.1400,1,113.770681,38.170117,-0.159377,-0.062661
6.1400,2,115.694407,38.075789,0.033726,0.171206
6.1400,3,113.266070,38.230898,0.000000,0.000000
6.1400,4,114.931005,38.124457,-0.053653,0.263317
6.1400,5,64.299947,38.413672,0.000000,0.000000
6.1400,6,64.939929,37.931767,0.149978,-0.034723
6.1400,7,63.758501,38.611092,0.506651,0.943316
6.1400,8,62.525932,39.331070,-0.738261,-0.924432
6.1400,9,63.209046,38.935733,0.028811,-0.421807
6.1600,0,114.311607,38.132956,0.166181,0.064970
6.1600,1,113.768049,38.173927,-0.118183,-0.162966
6.1600,2,115.696619,38.097167,0.157597,1.325531
6.1600,3,113.266070,38.230898,0.000000,0.000000
6.1600,4,114.928616,38.124354,-0.152946,0.321618
6.1600,5,64.299947,38.413672,0.000000,0.000000
6.1600,6,64.937823,37.928213,-0.041602,0.216504
6.1600,7,63.763163,38.620640,-0.019259,0.037939
6.1600,8,62.519675,39.327772,0.099350,0.564978
6.1600,9,63.212185,38.931370,-0.027512,-0.536894
6.1800,0,114.315241,38.152848,0.160952,1.269208
6.1800,1,113.766169,38.163735,-0.042117,-0.261681
6.1800,2,115.699574,38.104972,0.135773,-0.510053
6.1800,3,113.266070,38.230898,0.000000,0.000000
6.1800,4,114.924694,38.125168,-0.205694,0.350243
6.1800,5,64.299947,38.413672,0.000000,0.000000
6.1800,6,64.936107,37.926340,0.178461,0.141859
6.1800,7,63.758382,38.613363,-0.146371,-0.234638
6.1800,8,62.527484,39.339234,0.370539,0.077395
6.1800,9,63.209527,38.927518,-0.530507,-0.384507
6.2000,0,114.316726,38.158829,-0.013689,-0.633253
6.2000,1,113.766991,38.175913,0.095601,0.795550
6.2000,2,115.701958,38.077883,0.126337,-1.555912
6.2000,3,113.266070,38.230898,0.000000,0.000000
6.2000,4,114.920198,38.126122,-0.211665,0.346343
6.2000,5,64.299947,38.413672,0.000000,0.000000
6.2000,6,64.942636,37.934859,0.258111,0.096542
6.2000,7,63.757109,38.611199,-0.296435,-0.511951
6.2000,8,62.530280,39.334325,0.209198,-0.049040
6.2000,9,63.208425,38.935037,0.410535,1.108382
6.2200,0,114.315238,38.141079,-0.108160,-0.543599
6.2200,1,113.768829,38.170743,0.111478,-0.602694
6.2200,2,115.704925,38.054777,0.170458,-0.792355
6.2200,3,113.266070,38.230898,0.000000,0.000000
6.2200,4,114.916016,38.127418,-0.174655,0.401797
6.2200,5,64.299947,38.413672,0.000000,0.000000
6.2200,6,64.935908,37.922355,-0.577007,-0.750075
6.2200,7,63.759311,38.614844,0.501644,0.856267
6.2200,8,62.529747,39.326931,0.039027,-0.171482
6.2200,9,63.212988,38.949251,0.067207,0.344226
6.2400,0,114.313123,38.149525,-0.126143,0.707699
6.2400,1,113.771555,38.164061,0.125893,-0.687424
6.2400,2,115.709286,38.057765,0.261748,1.060893
6.2400,3,113.266070,38.230898,0.000000,0.000000
6.2400,4,114.912849,38.130200,-0.114698,0.472473
6.2400,5,64.299947,38.413672,0.000000,0.000000
6.2400,6,64.932663,37.926942,0.342226,1.095425
6.2400,7,63.763699,38.622755,-0.041758,-0.031583
6.2400,8,62.531602,39.327073,-0.151050,-0.325295
6.2400,9,63.204850,38.937952,-0.537341,-0.885030
6.2600,0,114.309982,38.157527,-0.147742,0.708932
6.2600,1,113.774448,38.168321,0.153896,1.088844
6.2600,2,115.710096,38.096333,-0.194388,2.155331
6.2600,3,113.266070,38.230898,0.000000,0.000000
6.2600,4,114.915431,38.120878,0.376597,-0.741169
6.2600,5,64.299947,38.413672,0.000000,0.000000
6.2600,6,64.939994,37.939702,0.400752,0.214400
6.2600,7,63.758201,38.614439,-0.191128,-0.268696
6.2600,8,62.529893,39.324455,-0.317871,-0.450727
6.2600,9,63.204177,38.935697,0.453869,0.636995
6.2800,0,114.306707,38.152557,-0.167420,-1.177070
6.2800,1,113.776397,38.181309,0.037236,0.246216
6.2800,2,115.705929,38.119995,-0.217487,0.245806
6.2800,3,113.266070,38.230898,0.000000,0.000000
6.2800,4,114.922643,38.112351,0.308314,-0.717680
6.2800,5,64.299947,38.413672,0.000000,0.000000
6.2800,6,64.939990,37.926470,-0.152450,-0.862376
6.2800,7,63.755821,38.611522,-0.355804,-0.552889
6.2800,8,62.531365,39.330261,0.454030,1.007093
6.2800,9,63.209615,38.940761,0.100487,-0.104058
6.3000,0,114.304699,38.136491,-0.030719,-0.458464
6.3000,1,113.775373,38.166332,-0.111366,-1.062061
6.3000,2,115.701556,38.107531,-0.216146,-1.464581
6.3000,3,113.266070,38.230898,0.000000,0.000000
6.3000,4,114.928482,38.117110,0.267889,1.165550
6.3000,5,64.299947,38.413672,0.000000,0.000000
6.3000,6,64.938126,37.917487,-0.346444,-0.581842
6.3000,7,63.757113,38.614438,0.476349,0.826663
6.3000,8,62.535255,39.342546,-0.042451,0.253893
6.3000,9,63.208378,38.932254,0.078887,-0.216733
6.3200,0,114.306036,38.146471,0.159194,1.432689
6.3200,1,113.773061,38.163972,-0.114344,0.784413
6.3200,2,115.697916,38.074535,-0.152571,-1.875745
6.3200,3,113.266070,38.230898,0.000000,0.000000
6.3200,4,114.932099,38.133548,0.094726,0.516378
6.3200,5,64.299947,38.413672,0.000000,0.000000
6.3200,6,64.939246,37.925284,0.444919,1.328071
6.3200,7,63.761478,38.621758,-0.022044,-0.069934
6.3200,8,62.523774,39.330066,-0.768575,-0.929934
6.3200,9,63.212254,38.931622,0.000183,-0.365955
6.3400,0,114.309645,38.167559,0.166073,0.068190
6.3400,1,113.770156,38.170729,-0.165805,-0.085448
6.3400,2,115.696581,38.056840,0.019548,0.072800
6.3400,3,113.266070,38.230898,0.000000,0.000000
6.3400,4,114.931851,38.125528,-0.114111,-1.289046
6.3400,5,64.299947,38.413672,0.000000,0.000000
6.3400,6,64.944539,37.945505,-0.134426,0.077008
6.3400,7,63.756749,38.612341,-0.137460,-0.344667
6.3400,8,62.517042,39.326604,0.194713,0.492051
6.3400,9,63.214533,38.928551,-0.192250,-0.397452
6.3600,0,114.312351,38.150949,0.094740,-1.716744
6.3600,1,113.767449,38.173356,-0.119947,-0.252194
6.3600,2,115.698586,38.076359,0.174330,1.850080
6.3600,3,113.266070,38.230898,0.000000,0.000000
6.3600,4,114.928794,38.107512,-0.159030,0.092803
6.3600,5,64.299947,38.413672,0.000000,0.000000
6.3600,6,64.936502,37.928106,-0.432617,-1.134959
6.3600,7,63.755762,38.607818,-0.281025,-0.638223
6.3600,8,62.526552,39.336775,0.343245,0.079022
6.3600,9,63.208853,38.927377,-0.567629,-0.323602
6.3800,0,114.314154,38.124841,0.101732,-0.298358
6.3800,1,113.766123,38.173942,-0.006028,0.302148
6.3800,2,115.702308,38.105876,0.169887,0.517606
6.3800,3,113.266070,38.230898,0.000000,0.000000
6.3800,4,114.925779,38.128054,-0.162377,1.300212
6.3800,5,64.299947,38.413672,0.000000,0.000000
6.3800,6,64.936001,37.925376,0.368558,0.828039
6.3800,7,63.758416,38.609140,0.526170,0.748840
6.3800,8,62.528796,39.331893,0.181117,-0.048004
6.3800,9,63.207227,38.936162,0.397954,1.175764
6.4000,0,114.316142,38.137073,0.091795,1.502414
6.4000,1,113.766767,38.173042,0.091207,0.216908
6.4000,2,115.705299,38.098267,0.127070,-1.249837
6.4000,3,113.266070,38.230898,0.000000,0.000000
6.4000,4,114.921539,38.135125,-0.252592,-0.560006
6.4000,5,64.299947,38.413672,0.000000,0.000000
6.4000,6,64.941814,37.934602,0.222469,0.128217
6.4000,7,63.763035,38.614876,-0.048159,-0.144832
6.4000,8,62.533452,39.334390,-0.014825,-0.214051
6.4000,9,63.211630,38.951401,-0.265726,-0.187027
6.4200,0,114.316633,38.159314,-0.038713,0.779862
6.4200,1,113.769048,38.169752,0.152792,0.064176
6.4200,2,115.708319,38.080979,0.170478,-0.507308
6.4200,3,113.266070,38.230898,0.000000,0.000000
6.4200,4,114.916561,38.119159,-0.214650,-0.449389
6.4200,5,64.299947,38.413672,0.000000,0.000000
6.4200,6,64.934411,37.922699,-0.608870,-0.721710
6.4200,7,63.763202,38.614904,0.057601,0.142231
6.4200,8,62.528537,39.323939,-0.172478,-0.310172
6.4200,9,63.197448,38.929996,-0.812476,-1.370307
6.4400,0,114.314254,38.156041,-0.192451,-1.089254
6.4400,1,113.772576,38.175339,0.166230,-0.108072
6.4400,2,115.712500,38.089541,0.217741,0.716580
6.4400,3,113.266070,38.230898,0.000000,0.000000
6.4400,4,114.913059,38.116339,-0.158456,-0.434544
6.4400,5,64.299947,38.413672,0.000000,0.000000
6.4400,6,64.932633,37.926227,0.510468,0.968983
6.4400,7,63.759296,38.610040,-0.127173,-0.092141
6.4400,8,62.532844,39.332655,0.273441,0.611979
6.4400,9,63.191631,38.918204,0.209825,0.163491
6.4600,0,114.310365,38.142094,-0.184781,-0.331926
6.4600,1,113.775224,38.166140,0.112266,-0.206040
6.4600,2,115.711423,38.098264,-0.284419,0.734571
6.4600,3,113.266070,38.230898,0.000000,0.000000
6.4600,4,114.916369,38.126601,0.437319,0.794340
6.4600,5,64.299947,38.413672,0.000000,0.000000
6.4600,6,64.943125,37.936607,0.445191,0.182442
6.4600,7,63.758038,38.610924,-0.309155,-0.355634
6.4600,8,62.533612,39.338151,0.107253,0.453297
6.4600,9,63.205026,38.935541,1.113939,1.554102
6.4800,0,114.307387,38.141562,-0.128127,-0.337485
6.4800,1,113.776763,38.166927,0.012569,-0.331097
6.4800,2,115.705540,38.094805,-0.298910,-1.049792
6.4800,3,113.266070,38.230898,0.000000,0.000000
6.4800,4,114.923748,38.123609,0.290835,-1.065192
6.4800,5,64.299947,38.413672,0.000000,0.000000
6.4800,6,64.939950,37.925731,-0.408578,-0.673052
6.4800,7,63.759925,38.617551,0.152876,0.419936
6.4800,8,62.524793,39.329370,-0.651109,-0.758551
6.4800,9,63.222979,38.958203,0.368106,0.188875
6.5000,0,114.306655,38.154254,0.029395,0.922677
6.5000,1,113.776141,38.165381,-0.097619,-0.443001
6.5000,2,115.700656,38.081444,-0.188609,-0.319512
6.5000,3,113.266070,38.230898,0.000000,0.000000
6.5000,4,114.928740,38.109998,0.200614,-0.332694
6.5000,5,64.299947,38.413672,0.000000,0.000000
6.5000,6,64.933225,37.920340,-0.576578,-0.411875
6.5000,7,63.758101,38.617050,-0.012012,0.069617
6.5000,8,62.520100,39.328996,0.170691,0.695904
6.5000,9,63.220351,38.944715,-0.619910,-1.505395
6.5200,0,114.307498,38.153770,0.051856,-0.946018
6.5200,1,113.774101,38.174323,-0.126564,0.651761
6.5200,2,115.698549,38.093645,-0.049075,0.892246
6.5200,3,113.266070,38.230898,0.000000,0.000000
6.5200,4,114.932109,38.122159,0.134341,1.519527
6.5200,5,64.299947,38.413672,0.000000,0.000000
6.5200,6,64.932067,37.929750,0.541307,1.247331
6.5200,7,63.753609,38.610027,-0.122313,-0.234575
6.5200,8,62.529247,39.342899,0.434836,0.193992
6.5200,9,63.206757,38.923234,-0.741659,-0.682981
6.5400,0,114.309547,38.141894,0.142525,-0.271171
6.5400,1,113.771033,38.179857,-0.144355,0.520903
6.5400,2,115.697657,38.093043,-0.039923,-0.922550
6.5400,3,113.266070,38.230898,0.000000,0.000000
6.5400,4,114.933089,38.145360,-0.058154,0.196982
6.5400,5,64.299947,38.413672,0.000000,0.000000
6.5400,6,64.943228,37.945393,0.251355,-0.219977
6.5400,7,63.759670,38.619166,0.377605,0.561687
6.5400,8,62.526946,39.329356,-0.330928,-0.970613
6.5400,9,63.201501,38.924988,0.205190,0.826099
6.5600,0,114.312735,38.141879,0.140461,-0.328988
6.5600,1,113.767747,38.169916,-0.148037,-0.834265
6.5600,2,115.697923,38.081758,0.063000,-0.235230
6.5600,3,113.266070,38.230898,0.000000,0.000000
6.5600,4,114.930084,38.131650,-0.234199,-1.548585
6.5600,5,64.299947,38.413672,0.000000,0.000000
6.5600,6,64.940402,37.923927,-0.286455,-1.252592
6.5600,7,63.762308,38.622039,0.195717,0.260124
6.5600,8,62.528303,39.325323,0.447864,0.537213
6.5600,9,63.208142,38.944105,0.162547,0.568785
6.5800,0,114.315324,38.141662,0.084803,-0.299265
6.5800,1,113.766386,38.171827,0.014874,0.987893
6.5800,2,115.700572,38.095491,0.171439,0.965242
6.5800,3,113.266070,38.230898,0.000000,0.000000
6.5800,4,114.925124,38.108995,-0.255710,-0.762370
6.5800,5,64.299947,38.413672,0.000000,0.000000
6.5800,6,64.942659,37.918980,0.498281,0.723906
6.5800,7,63.761239,38.619140,0.014053,-0.010676
6.5800,8,62.537943,39.339011,0.220378,0.322924
6.5800,9,63.201811,38.936939,-0.450071,-0.694233
6.6000,0,114.316397,38.142074,-0.006127,-0.269352
6.6000,1,113.767376,38.183605,0.108393,0.813545
6.6000,2,115.703623,38.096601,0.131631,-0.823404
6.6000,3,113.266070,38.230898,0.000000,0.000000
6.6000,4,114.920684,38.112941,-0.183060,1.120426
6.6000,5,64.299947,38.413672,0.000000,0.000000
6.6000,6,64.946818,37.929289,-0.061640,0.332543
6.6000,7,63.756705,38.611110,-0.151737,-0.260656
6.6000,8,62.531207,39.328033,-0.556671,-0.845371
6.6000,9,63.202853,38.938183,0.541563,0.800579
6.6200,0,114.315520,38.142426,-0.104180,-0.302551
6.6200,1,113.769567,38.179497,0.103168,-1.197815
6.6200,2,115.706768,38.087466,0.178364,-0.121865
6.6200,3,113.266070,38.230898,0.000000,0.000000
6.6200,4,114.916970,38.128268,-0.182467,0.439561
6.6200,5,64.299947,38.413672,0.000000,0.000000
6.6200,6,64.940680,37.932719,-0.233219,0.547845
6.6200,7,63.754889,38.608231,-0.339560,-0.557591
6.6200,8,62.528105,39.326338,0.234117,0.649289
6.6200,9,63.210156,38.946385,0.200844,0.049022
6.6400,0,114.312968,38.142547,-0.170042,-0.290089
6.6400,1,113.772086,38.161968,0.136404,-0.594632
6.6400,2,115.710616,38.091028,0.179296,-0.100772
6.6400,3,113.266070,38.230898,0.000000,0.000000
6.6400,4,114.913025,38.118587,-0.181503,-0.747908
6.6400,5,64.299947,38.413672,0.000000,0.000000
6.6400,6,64.935395,37.937129,0.116226,0.358942
6.6400,7,63.756244,38.610903,0.466272,0.805762
6.6400,8,62.527724,39.331730,-0.250828,-0.079603
6.6400,9,63.204543,38.929678,-0.423972,-1.128123
6.6600,0,114.309553,38.143350,-0.184049,-0.242845
6.6600,1,113.775077,38.168118,0.153835,1.178282
6.6600,2,115.708824,38.084237,-0.317644,-0.001523
6.6600,3,113.266070,38.230898,0.000000,0.000000
6.6600,4,114.915869,38.122941,0.440688,1.151081
6.6600,5,64.299947,38.413672,0.000000,0.000000
6.6600,6,64.932105,37.924992,-0.104371,-0.967781
6.6600,7,63.760325,38.617930,-0.036128,-0.073507
6.6600,8,62.524406,39.333726,-0.376643,-0.235101
6.6600,9,63.205496,38.922838,0.496743,0.418074
6.6800,0,114.306617,38.144274,-0.124872,-0.274659
6.6800,1,113.776984,38.183280,0.033855,0.367231
6.6800,2,115.703332,38.090070,-0.252772,0.003845
6.6800,3,113.266070,38.230898,0.000000,0.000000
6.6800,4,114.923270,38.126774,0.289908,-0.739436
6.6800,5,64.299947,38.413672,0.000000,0.000000
6.6800,6,64.939801,37.923926,0.757180,0.907303
6.6800,7,63.755223,38.608418,-0.162778,-0.355822
6.6800,8,62.518807,39.332616,-0.370499,-0.459155
6.6800,9,63.217202,38.934498,0.258622,0.299885
6.7000,0,114.305383,38.144659,-0.020593,-0.291534
6.7000,1,113.775871,38.170651,-0.144515,-1.615174
6.7000,2,115.698859,38.085024,-0.168198,0.068678
6.7000,3,113.266070,38.230898,0.000000,0.000000
6.7000,4,114.928218,38.119411,0.198058,-0.027491
6.7000,5,64.299947,38.413672,0.000000,0.000000
6.7000,6,64.948889,37.937700,0.172605,0.495955
6.7000,7,63.760283,38.614906,0.652647,0.992387
6.7000,8,62.523975,39.335653,0.759779,0.805775
6.7000,9,63.214289,38.936551,-0.122698,0.366072
6.7200,0,114.306318,38.145266,0.083113,-0.254471
6.7200,1,113.772916,38.157532,-0.146646,0.247415
6.7200,2,115.696638,38.092220,-0.078205,0.067842
6.7200,3,113.266070,38.230898,0.000000,0.000000
6.7200,4,114.931028,38.125040,0.056593,-0.014203
6.7200,5,64.299947,38.413672,0.000000,0.000000
6.7200,6,64.940532,37.932777,-0.987998,-0.963014
6.7200,7,63.768015,38.625862,0.104629,0.085573
6.7200,8,62.533857,39.344000,0.245979,0.063362
6.7200,9,63.208525,38.936931,-0.139062,0.199305
6.7400,0,114.308948,38.146686,0.145142,-0.217004
6.7400,1,113.770399,38.179641,-0.119591,1.286650
6.7400,2,115.695737,38.088356,0.011576,0.128122
6.7400,3,113.266070,38.230898,0.000000,0.000000
6.7400,4,114.930575,38.119389,-0.073308,0.042811
6.7400,5,64.299947,38.413672,0.000000,0.000000
6.7400,6,64.927141,37.919292,-0.272042,-0.489915
6.7400,7,63.758521,38.608580,-0.702906,-1.215310
6.7400,8,62.527774,39.327966,-0.517988,-1.088194
6.7400,9,63.202680,38.933757,-0.130003,0.018446
6.7600,0,114.312156,38.148216,0.139756,-0.246629
6.7600,1,113.767661,38.184380,-0.143669,-0.778135
6.7600,2,115.696994,38.096699,0.086769,0.123249
6.7600,3,113.266070,38.230898,0.000000,0.000000
6.7600,4,114.928324,38.126270,-0.170495,0.040655
6.7600,5,64.299947,38.413672,0.000000,0.000000
6.7600,6,64.933582,37.925739,0.800137,1.182129
6.7600,7,63.752741,38.598929,0.105471,0.213260
6.7600,8,62.525495,39.321698,0.273590,0.432109
6.7600,9,63.203424,38.937710,-0.099220,-0.144661
6.7800,0,114.314707,38.149541,0.082256,-0.205678
6.7800,1,113.765441,38.162502,-0.052427,-0.825886
6.7800,2,115.699111,38.093911,0.146298,0.180358
6.7800,3,113.266070,38.230898,0.000000,0.000000
6.7800,4,114.924090,38.121558,-0.220537,0.081779
6.7800,5,64.299947,38.413672,0.000000,0.000000
6.7800,6,64.947450,37.941733,0.171211,-0.049043
6.7800,7,63.762283,38.616346,0.503647,0.942029
6.7800,8,62.531851,39.333387,0.064847,0.223394
6.7800,9,63.204816,38.938580,-0.076588,-0.302548
6.8000,0,114.315773,38.152487,0.019646,0.474882
6.8000,1,113.766049,38.164028,0.110724,0.939156
6.8000,2,115.702206,38.092180,0.184005,0.222948
6.8000,3,113.266070,38.230898,0.000000,0.000000
6.8000,4,114.919820,38.129286,-0.224655,0.090199
6.8000,5,64.299947,38.413672,0.000000,0.000000
6.8000,6,64.939070,37.926453,-0.655480,-0.882208
6.8000,7,63.760279,38.615077,-0.682346,-1.039418
6.8000,8,62.528568,39.331279,-0.089143,0.081744
6.8000,9,63.206338,38.936199,-0.082071,-0.458084
6.8200,0,114.314954,38.155917,-0.072735,0.488133
6.8200,1,113.768674,38.173890,0.144926,0.082794
6.8200,2,115.705850,38.091248,0.201992,0.266413
6.8200,3,113.266070,38.230898,0.000000,0.000000
6.8200,4,114.915368,38.125545,-0.190294,0.137439
6.8200,5,64.299947,38.413672,0.000000,0.000000
6.8200,6,64.934333,37.928525,0.271456,0.976255
6.8200,7,63.748821,38.597737,-0.142559,-0.153674
6.8200,8,62.528210,39.336291,-0.243346,-0.095747
6.8200,9,63.207654,38.931206,-0.100478,-0.568162
6.8400,0,114.311987,38.146835,-0.188328,-0.702186
6.8400,1,113.771499,38.167924,0.150934,-0.064376
6.8400,2,115.709676,38.091183,0.202760,0.309487
6.8400,3,113.266070,38.230898,0.000000,0.000000
6.8400,4,114.911829,38.122513,-0.135870,0.161788
6.8400,5,64.299947,38.413672,0.000000,0.000000
6.8400,6,64.940318,37.939037,0.336530,0.108311
6.8400,7,63.754152,38.607782,0.664877,1.139700
6.8400,8,62.519313,39.328031,-0.342684,-0.215666
6.8400,9,63.214951,38.935638,0.481820,0.425891
6.8600,0,114.308226,38.139375,-0.200135,-0.662253
6.8600,1,113.774360,38.171430,0.102456,-0.193555
6.8600,2,115.708329,38.092162,-0.296313,0.370295
6.8600,3,113.266070,38.230898,0.000000,0.000000
6.8600,4,114.914500,38.119382,0.379508,-0.450810
6.8600,5,64.299947,38.413672,0.000000,0.000000
6.8600,6,64.939082,37.923794,-0.211335,-0.957599
6.8600,7,63.762064,38.620725,0.144914,0.193495
6.8600,8,62.525105,39.335596,0.895643,0.957768
6.8600,9,63.216077,38.940051,-0.042541,0.537892
6.8800,0,114.305574,38.145633,-0.056574,1.245499
6.8800,1,113.775766,38.173163,0.035560,0.352710
6.8800,2,115.702772,38.094109,-0.231397,0.402560
6.8800,3,113.266070,38.230898,0.000000,0.000000
6.8800,4,114.921780,38.116974,0.312172,-0.391259
6.8800,5,64.299947,38.413672,0.000000,0.000000
6.8800,6,64.942770,37.924445,0.566501,0.989011
6.8800,7,63.760226,38.616362,-0.014453,-0.089423
6.8800,8,62.531418,39.336374,-0.246479,-0.844620
6.8800,9,63.205336,38.932574,-0.679234,-0.694262
6.9000,0,114.305186,38.163402,-0.005387,-0.083858
6.9000,1,113.775167,38.172468,-0.069389,0.191599
6.9000,2,115.698701,38.096688,-0.149029,0.433656
6.9000,3,113.266070,38.230898,0.000000,0.000000
6.9000,4,114.927114,38.115270,0.189938,-0.378483
6.9000,5,64.299947,38.413672,0.000000,0.000000
6.9000,6,64.948234,37.939771,-0.332938,-0.002425
6.9000,7,63.755212,38.606692,-0.173807,-0.345023
6.9000,8,62.528322,39.324386,-0.078317,-0.378160
6.9000,9,63.201859,38.934071,0.321832,0.820102
6.9200,0,114.305407,38.143682,0.051393,-1.213419
6.9200,1,113.772686,38.168498,-0.147288,0.032958
6.9200,2,115.695850,38.087586,-0.108308,-0.701506
6.9200,3,113.266070,38.230898,0.000000,0.000000
6.9200,4,114.930283,38.126495,0.098611,0.842368
6.9200,5,64.299947,38.413672,0.000000,0.000000
6.9200,6,64.930280,37.925377,-1.005451,-0.920573
6.9200,7,63.759567,38.613576,0.596711,1.017098
6.9200,8,62.534314,39.331613,0.345684,0.530915
6.9200,9,63.205022,38.942590,0.009245,0.056651
6.9400,0,114.307973,38.139144,0.193006,0.712664
6.9400,1,113.769763,38.174139,-0.157132,-0.071881
6.9400,2,115.694837,38.080065,-0.019045,-0.633236
6.9400,3,113.266070,38.230898,0.000000,0.000000
6.9400,4,114.930098,38.124712,-0.111746,-0.988001
6.9400,5,64.299947,38.413672,0.000000,0.000000
6.9400,6,64.924909,37.922010,0.443225,0.556873
6.9400,7,63.765708,38.624819,0.041369,0.144091
6.9400,8,62.536265,39.335443,0.156115,0.374361
6.9400,9,63.202376,38.936684,0.032880,-0.115376
6.9600,0,114.312152,38.158857,0.188049,0.676676
6.9600,1,113.766725,38.165456,-0.114500,-0.207295
6.9600,2,115.696028,38.086241,0.134314,1.218968
6.9600,3,113.266070,38.230898,0.000000,0.000000
6.9600,4,114.927139,38.112600,-0.179294,-0.268006
6.9600,5,64.299947,38.413672,0.000000,0.000000
6.9600,6,64.940434,37.935306,0.789727,0.241251
6.9600,7,63.755039,38.608518,-0.757183,-1.186301
6.9600,8,62.534674,39.336299,-0.011014,0.227062
6.9600,9,63.205969,38.937689,0.019443,-0.300293
6.9800,0,114.314618,38.153806,0.051808,-1.162945
6.9800,1,113.765468,38.165487,-0.031784,-0.398421
6.9800,2,115.699021,38.103777,0.136949,-0.050544
6.9800,3,113.266070,38.230898,0.000000,0.000000
6.9800,4,114.923743,38.125807,-0.180280,0.923617
6.9800,5,64.299947,38.413672,0.000000,0.000000
6.9800,6,64.945787,37.924069,-0.338079,-1.261507
6.9800,7,63.748528,38.599122,0.090135,0.209065
6.9800,8,62.529992,39.334273,-0.152837,0.085421
6.9800,9,63.209323,38.935734,0.006874,-0.414054
7.0000,0,114.315093,38.138241,-0.008867,-0.432519
7.0000,1,113.766546,38.175546,0.109798,0.721270
7.0000,2,115.701421,38.085383,0.126889,-1.146149
7.0000,3,113.266070,38.230898,0.000000,0.000000
7.0000,4,114.919218,38.125290,-0.263720,-0.939945
7.0000,5,64.299947,38.413672,0.000000,0.000000
7.0000,6,64.940708,37.908098,0.150001,0.202165
7.0000,7,63.758295,38.616104,0.876823,1.475962
7.0000,8,62.522728,39.329443,-0.269273,-0.053696
7.0000,9,63.212174,38.931842,-0.037028,-0.502803
7.0200,0,114.314743,38.148756,-0.024505,1.459761
7.0200,1,113.768679,38.169284,0.123918,-0.658879
7.0200,2,115.704974,38.081841,0.223821,0.757910
7.0200,3,113.266070,38.230898,0.000000,0.000000
7.0200,4,114.914552,38.114198,-0.199376,-0.204292
7.0200,5,64.299947,38.413672,0.000000,0.000000
7.0200,6,64.951239,37.930804,0.556744,1.464087
7.0200,7,63.764010,38.624821,-0.286921,-0.561198
7.0200,8,62.523524,39.329174,0.035889,-0.479691
7.0200,9,63.209268,38.928573,-0.548885,-0.367592
7.0400,0,114.312689,38.158328,-0.173160,-0.467255
7.0400,1,113.771565,38.160999,0.128817,-0.794825
7.0400,2,115.709195,38.090575,0.196838,0.143663
7.0400,3,113.266070,38.230898,0.000000,0.000000
7.0400,4,114.911871,38.128783,-0.094764,0.994216
7.0400,5,64.299947,38.413672,0.000000,0.000000
7.0400,6,64.950167,37.944279,-0.642723,-0.090316
7.0400,7,63.754110,38.606290,-0.395103,-0.768868
7.0400,8,62.531991,39.334425,0.475657,0.434389
7.0400,9,63.207895,38.936404,0.407429,1.131040
7.0600,0,114.308707,38.144145,-0.185234,-0.358069
7.0600,1,113.774401,38.162949,0.145239,0.975176
7.0600,2,115.707738,38.088389,-0.301709,0.215955
7.0600,3,113.266070,38.230898,0.000000,0.000000
7.0600,4,114.914823,38.129273,0.367359,-0.898629
7.0600,5,64.299947,38.413672,0.000000,0.000000
7.0600,6,64.930442,37.925167,-0.987608,-1.216448
7.0600,7,63.754298,38.604771,0.396670,0.593456
7.0600,8,62.536488,39.336265,0.276905,0.270505
7.0600,9,63.212567,38.951089,-0.247669,-0.196055
7.0800,0,114.305784,38.143238,-0.122854,-0.342074
7.0800,1,113.776081,38.173835,0.019530,0.139316
7.0800,2,115.702059,38.086802,-0.261664,-0.347460
7.0800,3,113.266070,38.230898,0.000000,0.000000
7.0800,4,114.921899,38.118838,0.328276,-0.176690
7.0800,5,64.299947,38.413672,0.000000,0.000000
7.0800,6,64.925374,37.916191,0.454271,0.291945
7.0800,7,63.762791,38.618129,0.148018,0.233708
7.0800,8,62.537132,39.335077,0.093137,0.133613
7.0800,9,63.198615,38.929525,-0.810548,-1.382359
7.1000,0,114.304617,38.142583,-0.016921,-0.329164
7.1000,1,113.775164,38.169461,-0.085323,0.027454
7.1000,2,115.697892,38.086114,-0.177665,-0.305637
7.1000,3,113.266070,38.230898,0.000000,0.000000
7.1000,4,114.927564,38.121617,0.206553,-0.149456
7.1000,5,64.299947,38.413672,0.000000,0.000000
7.1000,6,64.943666,37.939025,1.032293,1.390549
7.1000,7,63.760815,38.615063,-0.025598,-0.001384
7.1000,8,62.534408,39.331526,-0.060395,0.030849
7.1000,9,63.192658,38.917406,0.196583,0.145624
7.1200,0,114.305603,38.142027,0.084528,-0.350251
7.1200,1,113.772942,38.174968,-0.152683,-0.088815
7.1200,2,115.695499,38.086175,-0.086025,-0.272386
7.1200,3,113.266070,38.230898,0.000000,0.000000
7.1200,4,114.930534,38.125029,0.064000,-0.113596
7.1200,5,64.299947,38.413672,0.000000,0.000000
7.1200,6,64.953638,37.949608,-0.011912,-0.304006
7.1200,7,63.755587,38.607292,-0.181955,-0.251162
7.1200,8,62.528794,39.325966,-0.198636,-0.073497
7.1200,9,63.205773,38.934480,1.106011,1.556300
7.1400,0,114.308794,38.154258,0.197235,0.913587
7.1400,1,113.769405,38.166200,-0.168277,-0.189195
7.1400,2,115.694928,38.086896,0.002979,-0.233101
7.1400,3,113.266070,38.230898,0.000000,0.000000
7.1400,4,114.930213,38.117573,-0.067373,-0.043582
7.1400,5,64.299947,38.413672,0.000000,0.000000
7.1400,6,64.941777,37.929475,-1.154372,-1.684668
7.1400,7,63.759886,38.615758,0.265879,0.502402
7.1400,8,62.526220,39.327900,-0.356020,-0.249774
7.1400,9,63.223634,38.957330,0.365079,0.200561
7.1600,0,114.312006,38.153366,0.114946,-0.981555
7.1600,1,113.766651,38.166763,-0.122743,-0.365555
7.1600,2,115.696033,38.088377,0.080092,-0.202813
7.1600,3,113.266070,38.230898,0.000000,0.000000
7.1600,4,114.928040,38.122622,-0.168362,-0.051209
7.1600,5,64.299947,38.413672,0.000000,0.000000
7.1600,6,64.921218,37.905449,-0.582672,-0.180803
7.1600,7,63.760134,38.616825,0.081420,0.146310
7.1600,8,62.527125,39.337232,0.117570,0.612787
7.1600,9,63.220962,38.944024,-0.621924,-1.501318
7.1800,0,114.314125,38.141417,0.087894,-0.256739
7.1800,1,113.765267,38.164287,-0.036574,-0.497922
7.1800,2,115.698502,38.090467,0.138694,-0.172677
7.1800,3,113.266070,38.230898,0.000000,0.000000
7.1800,4,114.924348,38.128345,-0.194089,0.597126
7.1800,5,64.299947,38.413672,0.000000,0.000000
7.1800,6,64.921832,37.917640,0.722081,1.293576
7.1800,7,63.757286,38.611386,-0.051382,-0.151192
7.1800,8,62.529532,39.339756,0.414213,0.169099
7.1800,9,63.207343,38.922534,-0.739202,-0.683230
7.2000,0,114.315278,38.142473,-0.001683,-0.247068
7.2000,1,113.766244,38.172337,0.104126,0.610997
7.2000,2,115.701953,38.093614,0.201665,0.459335
7.2000,3,113.266070,38.230898,0.000000,0.000000
7.2000,4,114.919540,38.121781,-0.251399,-0.593450
7.2000,5,64.299947,38.413672,0.000000,0.000000
7.2000,6,64.942673,37.944909,1.045567,0.903792
7.2000,7,63.757858,38.610880,-0.206793,-0.425229
7.2000,8,62.533191,39.336679,0.252492,0.043930
7.2000,9,63.202180,38.924197,0.211837,0.816960
7.2200,0,114.314539,38.143694,-0.095847,-0.237579
7.2200,1,113.768791,38.176816,0.168182,0.452395
7.2200,2,115.705941,38.097243,0.218566,0.483148
7.2200,3,113.266070,38.230898,0.000000,0.000000
7.2200,4,114.915059,38.116545,-0.217468,-0.537072
7.2200,5,64.299947,38.413672,0.000000,0.000000
7.2200,6,64.954956,37.944807,0.097974,-0.810374
7.2200,7,63.761835,38.616479,0.249265,0.385107
7.2200,8,62.533549,39.331226,0.082197,-0.075042
7.2200,9,63.209019,38.943154,0.173966,0.560082
7.2400,0,114.312147,38.145150,-0.162657,-0.222349
7.2400,1,113.772137,38.178516,0.180652,0.329414
7.2400,2,115.709564,38.089112,0.142476,-1.267704
7.2400,3,113.266070,38.230898,0.000000,0.000000
7.2400,4,114.912039,38.124956,-0.110816,0.705338
7.2400,5,64.299947,38.413672,0.000000,0.000000
7.2400,6,64.945168,37.915082,-0.723482,-1.566165
7.2400,7,63.761599,38.615845,0.045469,0.092535
7.2400,8,62.530481,39.323432,-0.085806,-0.185329
7.2400,9,63.202985,38.935894,-0.428389,-0.688067
7.2600,0,114.308856,38.146688,-0.178199,-0.223831
7.2600,1,113.775108,38.177961,0.131201,0.223885
7.2600,2,115.708064,38.083477,-0.277549,0.670407
7.2600,3,113.266070,38.230898,0.000000,0.000000
7.2600,4,114.915215,38.132754,0.429785,0.674985
7.2600,5,64.299947,38.413672,0.000000,0.000000
7.2600,6,64.939103,37.904209,0.102665,0.444333
7.2600,7,63.757549,38.609729,-0.133373,-0.171593
7.2600,8,62.536364,39.334426,0.343025,0.713431
7.2600,9,63.204531,38.937416,0.567217,0.818410
7.2800,0,114.306074,38.148096,-0.115044,-0.233717
7.2800,1,113.776561,38.175337,0.033363,0.119440
7.2800,2,115.702830,38.090376,-0.241087,0.049972
7.2800,3,113.266070,38.230898,0.000000,0.000000
7.2800,4,114.922429,38.127617,0.282142,-1.161349
7.2800,5,64.299947,38.413672,0.000000,0.000000
7.2800,6,64.948736,37.931518,0.514351,1.682473
7.2800,7,63.756035,38.608532,-0.326408,-0.477499
7.2800,8,62.531915,39.330704,-0.448004,-0.508490
7.2800,9,63.212224,38.945872,0.213749,0.056955
7.3000,0,114.305106,38.149811,-0.005141,-0.193394
7.3000,1,113.775850,38.170499,-0.078394,-0.000709
7.3000,2,115.698574,38.086229,-0.158017,0.114197
7.3000,3,113.266070,38.230898,0.000000,0.000000
7.3000,4,114.927237,38.112096,0.191260,-0.426060
7.3000,5,64.299947,38.413672,0.000000,0.000000
7.3000,6,64.946868,37.949131,-0.573240,0.028667
7.3000,7,63.757658,38.612750,0.480926,0.880937
7.3000,8,62.524627,39.324443,-0.576952,-0.631807
7.3000,9,63.206800,38.929380,-0.419554,-1.116587
7.3200,0,114.306373,38.152746,0.126117,0.456776
7.3200,1,113.773694,38.175486,-0.153417,-0.117076
7.3200,2,115.696543,38.094407,-0.069345,0.121930
7.3200,3,113.266070,38.230898,0.000000,0.000000
7.3200,4,114.930460,38.122676,0.128802,1.446167
7.3200,5,64.299947,38.413672,0.000000,0.000000
7.3200,6,64.930552,37.930795,-0.717886,-1.261295
7.3200,7,63.762094,38.621272,-0.014673,0.001583
7.3200,8,62.521448,39.326795,0.247657,0.840769
7.3200,9,63.207800,38.922886,0.498070,0.442332
7.3400,0,114.309324,38.155752,0.185835,0.463582
7.3400,1,113.770051,38.165916,-0.177814,-0.231059
7.3400,2,115.695802,38.091511,0.018423,0.166107
7.3400,3,113.266070,38.230898,0.000000,0.000000
7.3400,4,114.930858,38.132038,-0.083277,-0.466210
7.3400,5,64.299947,38.413672,0.000000,0.000000
7.3400,6,64.930669,37.920975,0.599794,0.333758
7.3400,7,63.757517,38.613296,-0.135836,-0.273767
7.3400,8,62.532076,39.343528,0.502961,0.326888
7.3400,9,63.215057,38.937595,-0.057560,0.501005
7.3600,0,114.312292,38.146159,0.129976,-0.739878
7.3600,1,113.767059,38.165701,-0.136213,-0.397908
7.3600,2,115.696713,38.089471,0.094959,0.214401
7.3600,3,113.266070,38.230898,0.000000,0.000000
7.3600,4,114.927942,38.117727,-0.176510,-0.368971
7.3600,5,64.299947,38.413672,0.000000,0.000000
7.3600,6,64.943107,37.934701,0.332740,0.494232
7.3600,7,63.756351,38.610167,-0.294621,-0.564468
7.3600,8,62.530942,39.332401,-0.600165,-1.407051
7.3600,9,63.210608,38.940679,-0.072559,0.334665
7.3800,0,114.314646,38.138253,0.071116,-0.675163
7.3800,1,113.765943,38.175753,0.001507,0.717061
7.3800,2,115.698961,38.087856,0.127446,-0.349681
7.3800,3,113.266070,38.230898,0.000000,0.000000
7.3800,4,114.924094,38.116708,-0.225753,-0.332463
7.3800,5,64.299947,38.413672,0.000000,0.000000
7.3800,6,64.937798,37.929746,-0.843179,-0.964370
7.3800,7,63.758603,38.612878,0.505758,0.818662
7.3800,8,62.521016,39.309590,-0.088625,-0.351344
7.3800,9,63.206375,38.940679,-0.038386,0.194383
7.4000,0,114.315935,38.144036,0.054277,1.222534
7.4000,1,113.766214,38.169441,0.051486,-0.658055
7.4000,2,115.702174,38.087166,0.165703,-0.302700
7.4000,3,113.266070,38.230898,0.000000,0.000000
7.4000,4,114.919731,38.116555,-0.229507,-0.286858
7.4000,5,64.299947,38.413672,0.000000,0.000000
7.4000,6,64.927137,37.916231,0.086176,0.159309
7.4000,7,63.763063,38.620218,-0.038776,-0.050413
7.4000,8,62.526745,39.317241,0.649881,1.095616
7.4000,9,63.202882,38.937704,-0.001779,0.037616
7.4200,0,114.315738,38.161508,-0.070059,0.553189
7.4200,1,113.768228,38.161120,0.116548,-0.794955
7.4200,2,115.705948,38.087373,0.183885,-0.259754
7.4200,3,113.266070,38.230898,0.000000,0.000000
7.4200,4,114.915643,38.116855,-0.200150,-0.285687
7.4200,5,64.299947,38.413672,0.000000,0.000000
7.4200,6,64.938578,37.936490,0.806193,1.191356
7.4200,7,63.757429,38.611402,-0.211242,-0.305092
7.4200,8,62.540178,39.341583,0.398110,0.827453
7.4200,9,63.206020,38.941797,0.007726,-0.151957
7.4400,0,114.312800,38.154420,-0.216075,-1.240595
7.4400,1,113.771495,38.162720,0.198762,0.929306
7.4400,2,115.709907,38.088404,0.184799,-0.220023
7.4400,3,113.266070,38.230898,0.000000,0.000000
7.4400,4,114.912359,38.117019,-0.151221,-0.297250
7.4400,5,64.299947,38.413672,0.000000,0.000000
7.4400,6,64.946287,37.941814,-0.118792,-0.554273
7.4400,7,63.754581,38.607818,-0.380223,-0.580151
7.4400,8,62.536867,39.340178,-0.706602,-0.935332
7.4400,9,63.203224,38.932072,0.014645,-0.292784
7.4600,0,114.308521,38.137402,-0.199611,-0.499525
7.4600,1,113.774762,38.172704,0.119109,0.101476
7.4600,2,115.708690,38.090379,-0.314780,-0.166046
7.4600,3,113.266070,38.230898,0.000000,0.000000
7.4600,4,114.915224,38.117190,0.388276,-0.285991
7.4600,5,64.299947,38.413672,0.000000,0.000000
7.4600,6,64.932401,37.916942,-0.916599,-1.336770
7.4600,7,63.755334,38.610181,0.442075,0.789057
7.4600,8,62.525046,39.326464,-0.488974,-0.465638
7.4600,9,63.212939,38.941398,0.610278,0.642466
7.4800,0,114.305890,38.146625,-0.053412,1.399934
7.4800,1,113.775966,38.167723,0.019523,0.006440
7.4800,2,115.703282,38.093771,-0.223898,0.473456
7.4800,3,113.266070,38.230898,0.000000,0.000000
7.4800,4,114.922642,38.117956,0.317043,-0.242736
7.4800,5,64.299947,38.413672,0.000000,0.000000
7.4800,6,64.922706,37.910403,-0.067331,0.648538
7.4800,7,63.758835,38.616447,-0.070614,-0.134200
7.4800,8,62.523461,39.331819,0.319481,0.975380
7.4800,9,63.214711,38.936106,-0.419574,-1.137162
7.5000,0,114.305601,38.167416,0.000693,0.049444
7.5000,1,113.775511,38.172233,-0.086542,-0.164024
7.5000,2,115.699357,38.097678,-0.142014,0.495263
7.5000,3,113.266070,38.230898,0.000000,0.000000
7.5000,4,114.928040,38.119085,0.191539,-0.243518
7.5000,5,64.299947,38.413672,0.000000,0.000000
7.5000,6,64.933200,37.938372,0.865008,1.473324
7.5000,7,63.759503,38.616538,0.123367,0.133651
7.5000,8,62.529391,39.340699,0.278674,-0.047966
7.5000,9,63.204917,38.921446,-0.233123,0.193548
7.5200,0,114.305950,38.150453,0.029545,-1.741680
7.5200,1,113.773193,38.173746,-0.135732,0.312338
7.5200,2,115.696640,38.089706,-0.128199,-1.265282
7.5200,3,113.266070,38.230898,0.000000,0.000000
7.5200,4,114.930672,38.120104,0.046498,-0.246480
7.5200,5,64.299947,38.413672,0.000000,0.000000
7.5200,6,64.944232,37.947416,0.249204,-0.531710
7.5200,7,63.757357,38.611117,-0.028749,-0.143937
7.5200,8,62.530432,39.333465,0.124093,-0.158489
7.5200,9,63.209479,38.939826,0.359303,1.065515
7.5400,0,114.307608,38.123420,0.153103,-0.349158
7.5400,1,113.769979,38.172915,-0.151097,0.224290
7.5400,2,115.695772,38.083840,0.038399,0.642261
7.5400,3,113.266070,38.230898,0.000000,0.000000
7.5400,4,114.930507,38.121810,-0.084323,-0.177237
7.5400,5,64.299947,38.413672,0.000000,0.000000
7.5400,6,64.939368,37.921492,-0.488685,-1.387086
7.5400,7,63.757919,38.610502,-0.229005,-0.445015
7.5400,8,62.528248,39.324025,-0.041423,-0.267661
7.5400,9,63.206857,38.942339,-0.600191,-0.783829
7.5600,0,114.311567,38.134783,0.231130,1.464836
7.5600,1,113.767127,38.170597,-0.103188,0.149794
7.5600,2,115.697031,38.090269,0.085793,0.027854
7.5600,3,113.266070,38.230898,0.000000,0.000000
7.5600,4,114.928045,38.125044,-0.180126,-0.100769
7.5600,5,64.299947,38.413672,0.000000,0.000000
7.5600,6,64.937784,37.913997,0.316225,0.603326
7.5600,7,63.761320,38.615794,0.220666,0.380889
7.5600,8,62.534995,39.333433,0.383892,0.637558
7.5600,9,63.198902,38.931375,-0.212515,-0.342185
7.5800,0,114.315318,38.156189,0.138234,0.732947
7.5800,1,113.765639,38.165700,-0.043231,-0.629822
7.5800,2,115.699114,38.085645,0.143954,0.092320
7.5800,3,113.266070,38.230898,0.000000,0.000000
7.5800,4,114.923651,38.117707,-0.225792,-0.038153
7.5800,5,64.299947,38.413672,0.000000,0.000000
7.5800,6,64.944817,37.932863,0.075644,0.738847
7.5800,7,63.760623,38.615306,0.026991,0.105486
7.5800,8,62.537753,39.339375,0.196508,0.475153
7.5800,9,63.204458,38.939244,0.754841,1.112196
7.6000,0,114.316327,38.152066,-0.039244,-1.123295
7.6000,1,113.766497,38.170854,0.126427,1.120605
7.6000,2,115.702623,38.093327,0.178837,0.093315
7.6000,3,113.266070,38.230898,0.000000,0.000000
7.6000,4,114.919304,38.122773,-0.227192,-0.054657
7.6000,5,64.299947,38.413672,0.000000,0.000000
7.6000,6,64.934624,37.932555,-0.969912,-0.823521
7.6000,7,63.756180,38.609195,-0.153605,-0.185932
7.6000,8,62.530564,39.331170,-0.577173,-0.721288
7.6000,9,63.209395,38.942420,-0.241247,-0.751099
7.6200,0,114.314794,38.136953,-0.112694,-0.428968
7.6200,1,113.769555,38.184980,0.172675,0.327230
7.6200,2,115.706160,38.090010,0.195888,0.150892
7.6200,3,113.266070,38.230898,0.000000,0.000000
7.6200,4,114.915365,38.128430,-0.162768,0.600236
7.6200,5,64.299947,38.413672,0.000000,0.000000
7.6200,6,64.923599,37.920167,-0.156636,-0.441619
7.6200,7,63.761214,38.619237,0.312727,0.597624
7.6200,8,62.527266,39.331876,0.234873,0.763715
7.6200,9,63.207984,38.932299,0.078906,-0.285044
7.6400,0,114.312551,38.146952,-0.104521,1.411918
7.6400,1,113.772503,38.171769,0.109435,-1.630405
7.6400,2,115.709856,38.087682,0.195892,0.196867
7.6400,3,113.266070,38.230898,0.000000,0.000000
7.6400,4,114.911856,38.121993,-0.157606,-0.576669
7.6400,5,64.299947,38.413672,0.000000,0.000000
7.6400,6,64.934332,37.925888,1.102570,1.070533
7.6400,7,63.762694,38.622715,0.153898,0.286681
7.6400,8,62.527138,39.339451,-0.228327,0.020204
7.6400,9,63.211902,38.930416,0.002523,-0.423358
7.6600,0,114.309842,38.168469,-0.178333,0.127152
7.6600,1,113.774432,38.144951,0.098505,-0.435375
7.6600,2,115.708351,38.085900,-0.329019,-0.348564
7.6600,3,113.266070,38.230898,0.000000,0.000000
7.6600,4,114.914620,38.116564,0.384324,-0.567621
7.6600,5,64.299947,38.413672,0.000000,0.000000
7.6600,6,64.952104,37.941227,0.351419,-0.074420
7.6600,7,63.761350,38.620270,0.023666,0.003954
7.6600,8,62.523007,39.330769,0.102907,-0.364564
7.6600,9,63.209714,38.928640,-0.509168,-0.284347
7.6800,0,114.306010,38.153947,-0.191288,-1.567915
7.6800,1,113.776083,38.152481,0.059683,1.174751
7.6800,2,115.702643,38.085248,-0.262970,-0.299375
7.6800,3,113.266070,38.230898,0.000000,0.000000
7.6800,4,114.922473,38.124082,0.362191,0.654703
7.6800,5,64.299947,38.413672,0.000000,0.000000
7.6800,6,64.947134,37.925476,-0.828124,-1.475693
7.6800,7,63.757347,38.612404,-0.113391,-0.258477
7.6800,8,62.526396,39.327253,-0.065813,-0.500329
7.6800,9,63.209068,38.938099,0.109403,0.643184
7.7000,0,114.303662,38.130637,-0.015730,-0.171599
7.7000,1,113.776230,38.179314,-0.061020,0.934132
7.7000,2,115.698439,38.085423,-0.179855,-0.263634
7.7000,3,113.266070,38.230898,0.000000,0.000000
7.7000,4,114.928273,38.131360,0.237413,0.677019
7.7000,5,64.299947,38.413672,0.000000,0.000000
7.7000,6,64.932751,37.905435,-0.290911,0.008959
7.7000,7,63.756428,38.609662,-0.291762,-0.542673
7.7000,8,62.532751,39.332108,0.368031,0.416503
7.7000,9,63.208173,38.943826,0.113268,0.457460
7.7200,0,114.305244,38.145149,0.168877,1.604761
7.7200,1,113.773463,38.177845,-0.207071,-1.054884
7.7200,2,115.695988,38.086188,-0.089377,-0.240218
7.7200,3,113.266070,38.230898,0.000000,0.000000
7.7200,4,114.930765,38.126651,0.012676,-1.124897
7.7200,5,64.299947,38.413672,0.000000,0.000000
7.7200,6,64.934927,37.924469,0.495251,1.861580
7.7200,7,63.758590,38.612799,0.495254,0.837843
7.7200,8,62.535139,39.333683,0.175496,0.262511
7.7200,9,63.207630,38.945987,0.143033,0.290973
7.7400,0,114.309056,38.169990,0.176682,0.267535
7.7400,1,113.769330,38.162577,-0.196808,-0.509805
7.7400,2,115.695346,38.087577,-0.000735,-0.202013
7.7400,3,113.266070,38.230898,0.000000,0.000000
7.7400,4,114.929926,38.111655,-0.094050,-0.413991
7.7400,5,64.299947,38.413672,0.000000,0.000000
7.7400,6,64.943238,37.953309,0.117998,0.406545
7.7400,7,63.762777,38.620415,-0.054358,-0.043528
7.7400,8,62.533844,39.332351,0.000426,0.124635
7.7400,9,63.200997,38.933452,-0.462714,-0.949722
7.7600,0,114.311927,38.157714,0.100653,-1.479599
7.7600,1,113.766549,38.169575,-0.072588,1.191496
7.7600,2,115.696371,38.089745,0.075870,-0.163832
7.7600,3,113.266070,38.230898,0.000000,0.000000
7.7600,4,114.927732,38.121984,-0.118428,1.420210
7.7600,5,64.299947,38.413672,0.000000,0.000000
7.7600,6,64.940142,37.942143,-0.420416,-1.490394
7.7600,7,63.757024,38.611883,-0.202649,-0.279194
7.7600,8,62.529336,39.328497,-0.146363,0.007417
7.7600,9,63.201676,38.929848,0.514762,0.571975
7.7800,0,114.313737,38.135652,0.070755,-0.768171
7.7800,1,113.765779,38.184892,0.000964,0.379438
7.7800,2,115.698756,38.092988,0.158072,0.458139
7.7800,3,113.266070,38.230898,0.000000,0.000000
7.7800,4,114.924465,38.143359,-0.225617,0.112669
7.7800,5,64.299947,38.413672,0.000000,0.000000
7.7800,6,64.935550,37.920290,-0.158915,-0.650879
7.7800,7,63.754480,38.608735,-0.366262,-0.576750
7.7800,8,62.527826,39.332113,-0.303314,-0.164777
7.7800,9,63.214302,38.944284,0.438449,0.351987
7.8000,0,114.315022,38.138813,0.054057,1.064838
7.8000,1,113.766161,38.172699,0.032837,-1.577275
7.8000,2,115.702061,38.096379,0.193732,0.464612
7.8000,3,113.266070,38.230898,0.000000,0.000000
7.8000,4,114.919068,38.128055,-0.305111,-1.619566
7.8000,5,64.299947,38.413672,0.000000,0.000000
7.8000,6,64.940239,37.926768,0.614392,1.265248
7.8000,7,63.755507,38.610880,0.458870,0.769827
7.8000,8,62.523421,39.332291,-0.432959,-0.331246
7.8000,9,63.212919,38.933609,-0.567544,-1.391546
7.8200,0,114.314817,38.153352,-0.070340,0.430031
7.8200,1,113.767753,38.147175,0.142947,-0.354234
7.8200,2,115.705362,38.087900,0.160627,-0.666395
7.8200,3,113.266070,38.230898,0.000000,0.000000
7.8200,4,114.913607,38.103625,-0.210182,-0.221523
7.8200,5,64.299947,38.413672,0.000000,0.000000
7.8200,6,64.940278,37.936465,-0.484567,-0.347457
7.8200,7,63.759609,38.616989,-0.031366,-0.125101
7.8200,8,62.527497,39.337687,0.495260,0.309105
7.8200,9,63.206534,38.924739,-0.073289,0.463769
7.8400,0,114.312433,38.157194,-0.135566,0.554557
7.8400,1,113.771400,38.156741,0.210497,1.296145
7.8400,2,115.708864,38.081320,0.162353,-0.576384
7.8400,3,113.266070,38.230898,0.000000,0.000000
7.8400,4,114.910728,38.117654,-0.075904,1.601253
7.8400,5,64.299947,38.413672,0.000000,0.000000
7.8400,6,64.930103,37.923975,-0.319192,-0.286799
7.8400,7,63.754462,38.606496,-0.176538,-0.398037
7.8400,8,62.532614,39.337185,0.315801,0.158257
7.8400,9,63.207654,38.937122,-0.108201,0.257149
7.8600,0,114.308613,38.149343,-0.233090,-1.339385
7.8600,1,113.775314,38.185574,0.152696,1.014972
7.8600,2,115.707738,38.088828,-0.259888,1.293478
7.8600,3,113.266070,38.230898,0.000000,0.000000
7.8600,4,114.914572,38.141694,0.410860,0.204088
7.8600,5,64.299947,38.413672,0.000000,0.000000
7.8600,6,64.937764,37.932699,0.728415,0.563998
7.8600,7,63.758865,38.612255,0.604176,0.961809
7.8600,8,62.534114,39.333834,0.137876,0.029253
7.8600,9,63.202418,38.935006,-0.399657,-0.448209
7.8800,0,114.304749,38.129116,-0.116421,-0.063144
7.8800,1,113.776815,38.185909,-0.005757,-0.941866
7.8800,2,115.702835,38.107562,-0.251415,-0.000673
7.8800,3,113.266070,38.230898,0.000000,0.000000
7.8800,4,114.921442,38.127920,0.266263,-1.555100
7.8800,5,64.299947,38.413672,0.000000,0.000000
7.8800,6,64.941954,37.927578,-0.392791,-0.971834
7.8800,7,63.765182,38.622454,0.045770,0.089003
7.8800,8,62.532170,39.328150,-0.029996,-0.080512
7.8800,9,63.204403,38.940892,0.256658,0.451742
7.9000,0,114.304236,38.146187,0.069699,1.775178
7.9000,1,113.775450,38.161742,-0.109882,-0.897794
7.9000,2,115.697855,38.090287,-0.243126,-1.698024
7.9000,3,113.266070,38.230898,0.000000,0.000000
7.9000,4,114.925983,38.105054,0.207522,-0.132844
7.9000,5,64.299947,38.413672,0.000000,0.000000
7.9000,6,64.935853,37.917091,-0.231045,-0.110663
7.9000,7,63.761134,38.616477,-0.131539,-0.151902
7.9000,8,62.532719,39.330167,-0.211450,-0.230127
7.9000,9,63.206492,38.942605,0.261707,0.257145
7.9200,0,114.306450,38.174819,0.120479,0.473901
7.9200,1,113.773073,38.161489,-0.120903,0.832431
7.9200,2,115.693644,38.052337,-0.149852,-1.456179
7.9200,3,113.266070,38.230898,0.000000,0.000000
7.9200,4,114.929478,38.120901,0.140048,1.690274
7.9200,5,64.299947,38.413672,0.000000,0.000000
7.9200,6,64.939173,37.933829,0.320376,1.101331
7.9200,7,63.760057,38.616342,0.017390,0.127461
7.9200,8,62.529866,39.329304,-0.369671,-0.369503
7.9200,9,63.208657,38.940868,0.256956,0.097270
7.9400,0,114.308778,38.166048,0.104596,-1.346899
7.9400,1,113.770536,38.181073,-0.144759,0.542948
7.9400,2,115.692475,38.042513,0.029287,0.437587
7.9400,3,113.266070,38.230898,0.000000,0.000000
7.9400,4,114.930669,38.147267,-0.041371,0.350103
7.9400,5,64.299947,38.413672,0.000000,0.000000
7.9400,6,64.939728,37.935867,-0.254314,-0.863355
7.9400,7,63.755672,38.610636,-0.133993,-0.162072
7.9400,8,62.524101,39.325716,-0.502516,-0.503067
7.9400,9,63.210479,38.936214,0.231234,-0.025035
7.9600,0,114.310812,38.134235,0.115443,-1.244660
7.9600,1,113.767199,38.171307,-0.177870,-1.471699
7.9600,2,115.694674,38.068565,0.184955,2.141514
7.9600,3,113.266070,38.230898,0.000000,0.000000
7.9600,4,114.928107,38.136702,-0.209597,-1.370450
7.9600,5,64.299947,38.413672,0.000000,0.000000
7.9600,6,64.938260,37.925931,0.094358,-0.163067
7.9600,7,63.754626,38.609587,-0.277089,-0.468244
7.9600,8,62.522318,39.330434,0.314197,0.950823
7.9600,9,63.211519,38.929424,0.174188,-0.125662
7.9800,0,114.313520,38.129015,0.145897,0.705815
7.9800,1,113.765261,38.161341,-0.014768,0.432430
7.9800,2,115.698629,38.103435,0.183198,0.773977
7.9800,3,113.266070,38.230898,0.000000,0.000000
7.9800,4,114.923127,38.105744,-0.251982,-1.145819
7.9800,5,64.299947,38.413672,0.000000,0.000000
7.9800,6,64.941089,37.930220,-0.123354,0.046784
7.9800,7,63.757659,38.613933,0.560773,0.879673
7.9800,8,62.528161,39.338863,0.273628,-0.071668
7.9800,9,63.212741,38.933596,-0.342280,0.007323
8.0000,0,114.316323,38.161646,0.103786,1.886823
8.0000,1,113.766141,38.174190,0.079004,0.240230
8.0000,2,115.701908,38.101011,0.142651,-0.985174
8.0000,3,113.266070,38.230898,0.000000,0.000000
8.0000,4,114.918851,38.102323,-0.171916,0.756699
8.0000,5,64.299947,38.413672,0.000000,0.000000
8.0000,6,64.933791,37.928216,-0.287680,0.289989
8.0000,7,63.763512,38.622259,0.037246,-0.017594
8.0000,8,62.529039,39.331048,0.113342,-0.192451
8.0000,9,63.208713,38.937347,-0.359591,-0.158071
8.0200,0,114.316598,38.180081,-0.075709,0.001791
8.0200,1,113.768257,38.170807,0.151151,0.025842
8.0200,2,115.704786,38.077297,0.166102,-0.816248
8.0200,3,113.266070,38.230898,0.000000,0.000000
8.0200,4,114.916311,38.134661,-0.104132,1.821285
8.0200,5,64.299947,38.413672,0.000000,0.000000
8.0200,6,64.935456,37.936488,0.134629,0.001945
8.0200,7,63.759549,38.614189,-0.123349,-0.259989
8.0200,8,62.532475,39.330921,-0.070776,-0.334708
8.0200,9,63.204972,38.938218,-0.020649,0.226458
8.0400,0,114.313487,38.162237,-0.227441,-1.785008
8.0400,1,113.771841,38.175232,0.171780,-0.178834
8.0400,2,115.708905,38.079730,0.241538,1.025045
8.0400,3,113.266070,38.230898,0.000000,0.000000
8.0400,4,114.913879,38.151057,-0.134369,-0.133398
8.0400,5,64.299947,38.413672,0.000000,0.000000
8.0400,6,64.939142,37.929022,0.436930,-0.123819
8.0400,7,63.758285,38.611578,-0.313034,-0.525871
8.0400,8,62.532268,39.328078,-0.247116,-0.460698
8.0400,9,63.201478,38.935279,-0.317803,-0.502225
8.0600,0,114.308986,38.134492,-0.182457,-0.362068
8.0600,1,113.774614,38.164597,0.118074,-0.272847
8.0600,2,115.708263,38.093573,-0.287439,0.393187
8.0600,3,113.266070,38.230898,0.000000,0.000000
8.0600,4,114.916046,38.130618,0.327852,-1.883921
8.0600,5,64.299947,38.413672,0.000000,0.000000
8.0600,6,64.942479,37.923785,0.216069,0.137405
8.0600,7,63.760117,38.615335,0.482725,0.877779
8.0600,8,62.528712,39.322915,-0.407432,-0.571892
8.0600,9,63.205151,38.940350,0.338294,0.420043
8.0800,0,114.306661,38.146420,-0.040604,1.529434
8.0800,1,113.776258,38.164239,0.017012,-0.380049
8.0800,2,115.702898,38.096010,-0.220860,0.432743
8.0800,3,113.266070,38.230898,0.000000,0.000000
8.0800,4,114.922330,38.101540,0.315464,-0.428120
8.0800,5,64.299947,38.413672,0.000000,0.000000
8.0800,6,64.941284,37.922948,-0.315464,-0.196169
8.0800,7,63.764459,38.624168,0.274923,0.553048
8.0800,8,62.528470,39.326441,0.372017,0.899857
8.0800,9,63.208748,38.941669,0.327906,0.247406
8.1000,0,114.306623,38.170259,0.013634,0.232085
8.1000,1,113.776251,38.174253,-0.043677,0.693737
8.1000,2,115.698523,38.087041,-0.187017,-0.687338
8.1000,3,113.266070,38.230898,0.000000,0.000000
8.1000,4,114.928251,38.111444,0.269323,1.390005
8.1000,5,64.299947,38.413672,0.000000,0.000000
8.1000,6,64.936323,37.926618,-0.388249,-0.059822
8.1000,7,63.758387,38.615561,-0.858832,-1.384968
8.1000,8,62.530752,39.336627,-0.122014,0.149647
8.1000,9,63.211820,38.939642,0.285762,0.087767
8.1200,0,114.307199,38.156658,0.040002,-1.569874
8.1200,1,113.774245,38.179864,-0.123733,0.496907
8.1200,2,115.695957,38.079843,-0.093967,-0.616227
8.1200,3,113.266070,38.230898,0.000000,0.000000
8.1200,4,114.931838,38.131501,0.091334,0.655562
8.1200,5,64.299947,38.413672,0.000000,0.000000
8.1200,6,64.934064,37.929767,-0.055792,-0.239993
8.1200,7,63.750176,38.602528,0.025108,0.047813
8.1200,8,62.524091,39.333016,-0.237848,0.007898
8.1200,9,63.213976,38.935042,0.237844,-0.007571
8.1400,0,114.308994,38.132788,0.156578,-0.197757
8.1400,1,113.770712,38.169539,-0.191296,-0.838421
8.1400,2,115.695743,38.086150,0.070025,1.216602
8.1400,3,113.266070,38.230898,0.000000,0.000000
8.1400,4,114.931502,38.126274,-0.119584,-1.146888
8.1400,5,64.299947,38.413672,0.000000,0.000000
8.1400,6,64.940086,37.928006,0.231042,-0.394018
8.1400,7,63.758898,38.616497,0.501053,0.771159
8.1400,8,62.525488,39.333907,0.067143,-0.421370
8.1400,9,63.210566,38.931381,-0.258222,0.154301
8.1600,0,114.312999,38.147783,0.232625,1.676464
8.1600,1,113.768002,38.171659,-0.072261,1.010941
8.1600,2,115.697619,38.103620,0.090287,-0.052581
8.1600,3,113.266070,38.230898,0.000000,0.000000
8.1600,4,114.928391,38.111214,-0.185905,-0.399083
8.1600,5,64.299947,38.413672,0.000000,0.000000
8.1600,6,64.945835,37.928485,0.331011,0.409002
8.1600,7,63.763903,38.623170,0.311417,0.439138
8.1600,8,62.528164,39.329296,-0.102380,-0.554547
8.1600,9,63.208199,38.937949,-0.279133,-0.026198
8.1800,0,114.316827,38.174081,0.116186,0.339136
8.1800,1,113.767068,38.183341,0.009550,0.781368
8.1800,2,115.699284,38.085353,0.100205,-1.133477
8.1800,3,113.266070,38.230898,0.000000,0.000000
8.1800,4,114.924845,38.121794,-0.161980,1.428646
8.1800,5,64.299947,38.413672,0.000000,0.000000
8.1800,6,64.940479,37.921934,-0.512537,-0.466989
8.1800,7,63.758479,38.612488,-0.507130,-0.911607
8.1800,8,62.533843,39.333200,0.334797,0.371484
8.1800,9,63.206027,38.941300,0.055289,0.342750
8.2000,0,114.317441,38.162315,-0.057042,-1.492413
8.2000,1,113.767431,38.177716,0.025346,-1.306828
8.2000,2,115.702479,38.081855,0.214368,0.749621
8.2000,3,113.266070,38.230898,0.000000,0.000000
8.2000,4,114.921176,38.142737,-0.222658,0.066871
8.2000,5,64.299947,38.413672,0.000000,0.000000
8.2000,6,64.931776,37.920464,-0.566484,-0.304261
8.2000,7,63.756555,38.608730,0.300865,0.511513
8.2000,8,62.535610,39.333975,0.146836,0.227543
8.2000,9,63.204350,38.941143,0.088250,0.175200
8.2200,0,114.315655,38.140559,-0.120599,-0.715344
8.2200,1,113.768858,38.157749,0.108194,-0.722581
8.2200,2,115.707155,38.101842,0.225908,0.674837
8.2200,3,113.266070,38.230898,0.000000,0.000000
8.2200,4,114.916247,38.126212,-0.264612,-1.699535
8.2200,5,64.299947,38.413672,0.000000,0.000000
8.2200,6,64.932764,37.930370,0.744572,1.190594
8.2200,7,63.763344,38.620846,0.073073,0.186266
8.2200,8,62.533797,39.332046,-0.022588,0.099929
8.2200,9,63.203257,38.937633,0.106591,-0.000031
8.2400,0,114.313331,38.146417,-0.106822,1.273538
8.2400,1,113.771889,38.161239,0.185135,1.042104
8.2400,2,115.710907,38.097429,0.148090,-1.083904
8.2400,3,113.266070,38.230898,0.000000,0.000000
8.2400,4,114.911835,38.100335,-0.148945,-0.289642
8.2400,5,64.299947,38.413672,0.000000,0.000000
8.2400,6,64.947767,37.944965,0.327864,-0.189123
8.2400,7,63.759909,38.616591,-0.100804,-0.083073
8.2400,8,62.528784,39.327615,-0.175240,-0.028944
8.2400,9,63.208327,38.941019,0.094465,-0.175855
8.2600,0,114.310623,38.165258,-0.177179,-0.011077
8.2600,1,113.774862,38.172852,0.104651,0.151217
8.2600,2,115.709013,38.083690,-0.322358,-0.325565
8.2600,3,113.266070,38.230898,0.000000,0.000000
8.2600,4,114.915307,38.112736,0.470942,1.503624
8.2600,5,64.299947,38.413672,0.000000,0.000000
8.2600,6,64.944367,37.925572,-0.753232,-1.648999
8.2600,7,63.753292,38.606861,-0.239015,-0.355679
8.2600,8,62.526721,39.330521,-0.325120,-0.192070
8.2600,9,63.207053,38.931141,0.082412,-0.276961
8.2800,0,114.306778,38.146900,-0.168274,-1.148951
8.2800,1,113.775824,38.168052,0.010856,-0.010057
8.2800,2,115.703423,38.083366,-0.257781,-0.289457
8.2800,3,113.266070,38.230898,0.000000,0.000000
8.2800,4,114.923787,38.135055,0.368492,0.770809
8.2800,5,64.299947,38.413672,0.000000,0.000000
8.2800,6,64.931411,37.902238,-0.223170,-0.147059
8.2800,7,63.756889,38.613378,0.585788,0.983634
8.2800,8,62.521963,39.330271,-0.448367,-0.350164
8.2800,9,63.211201,38.929702,0.018370,-0.393950
8.3000,0,114.305279,38.143601,0.019166,0.772860
8.3000,1,113.775301,38.172791,-0.084088,-0.119369
8.3000,2,115.699303,38.083597,-0.176616,-0.268274
8.3000,3,113.266070,38.230898,0.000000,0.000000
8.3000,4,114.929179,38.132041,0.165681,-1.041649
8.3000,5,64.299947,38.413672,0.000000,0.000000
8.3000,6,64.934870,37.918319,0.555809,1.722086
8.3000,7,63.763444,38.623666,0.084177,0.076400
8.3000,8,62.525753,39.335313,0.799385,0.836500
8.3000,9,63.209318,38.928475,-0.498229,-0.266060
8.3200,0,114.306436,38.152152,0.094434,0.121176
8.3200,1,113.772575,38.163061,-0.157354,-0.245583
8.3200,2,115.696915,38.084374,-0.086263,-0.235504
8.3200,3,113.266070,38.230898,0.000000,0.000000
8.3200,4,114.931365,38.118947,0.050514,-0.300533
8.3200,5,64.299947,38.413672,0.000000,0.000000
8.3200,6,64.944248,37.944537,0.058715,0.362292
8.3200,7,63.760615,38.617382,-0.056572,-0.171667
8.3200,8,62.530289,39.333893,-0.329759,-0.946585
8.3200,9,63.208814,38.938123,0.113264,0.644848
8.3400,0,114.308796,38.149030,0.158033,0.162420
8.3400,1,113.769941,38.175860,-0.122452,0.852437
8.3400,2,115.696328,38.085794,0.001579,-0.205714
8.3400,3,113.266070,38.230898,0.000000,0.000000
8.3400,4,114.931247,38.119295,-0.084030,-0.261766
8.3400,5,64.299947,38.413672,0.000000,0.000000
8.3400,6,64.939883,37.932568,-0.591808,-1.448670
8.3400,7,63.754735,38.605999,-0.217646,-0.433795
8.3400,8,62.525545,39.319855,-0.159387,-0.480813
8.3400,9,63.208024,38.943889,0.125692,0.470027
8.3600,0,114.311817,38.146164,0.160036,0.155314
8.3600,1,113.767088,38.171986,-0.153036,-1.200469
8.3600,2,115.697391,38.087786,0.077357,-0.178246
8.3600,3,113.266070,38.230898,0.000000,0.000000
8.3600,4,114.928751,38.120426,-0.184403,-0.222012
8.3600,5,64.299947,38.413672,0.000000,0.000000
8.3600,6,64.930012,37.913014,-0.075808,0.030873
8.3600,7,63.758233,38.611093,0.555107,0.926580
8.3600,8,62.529971,39.325057,0.589417,0.978573
8.3600,9,63.201253,38.935175,-0.459659,-0.753480
8.3800,0,114.314799,38.155621,0.104395,0.185586
8.3800,1,113.765076,38.153678,-0.017848,-0.013457
8.3800,2,115.699792,38.090305,0.134701,-0.152883
8.3800,3,113.266070,38.230898,0.000000,0.000000
8.3800,4,114.924709,38.122225,-0.237638,-0.207595
8.3800,5,64.299947,38.413672,0.000000,0.000000
8.3800,6,64.936288,37.932444,0.461025,1.228436
8.3800,7,63.763618,38.620595,0.003873,0.054447
8.3800,8,62.536311,39.336920,0.064407,0.238143
8.3800,9,63.202081,38.935189,0.525151,0.730730
8.4000,0,114.315790,38.154142,0.017921,0.260281
8.4000,1,113.766300,38.170161,0.140357,1.656107
8.4000,2,115.703152,38.093878,0.196516,0.478837
8.4000,3,113.266070,38.230898,0.000000,0.000000
8.4000,4,114.920086,38.124294,-0.243117,-0.182766
8.4000,5,64.299947,38.413672,0.000000,0.000000
8.4000,6,64.939528,37.936868,-0.126160,-0.751000
8.4000,7,63.758802,38.613762,-0.166035,-0.205041
8.4000,8,62.532978,39.335132,-0.092230,0.101435
8.4000,9,63.208875,38.941778,0.171027,-0.032674
8.4200,0,114.314942,38.153338,-0.075002,0.255920
8.4200,1,113.769600,38.194311,0.157706,0.149987
8.4200,2,115.706504,38.085601,0.162589,-0.664842
8.4200,3,113.266070,38.230898,0.000000,0.000000
8.4200,4,114.915774,38.127264,-0.184151,0.462091
8.4200,5,64.299947,38.413672,0.000000,0.000000
8.4200,6,64.934174,37.918219,-0.195767,-0.499157
8.4200,7,63.756921,38.612118,-0.327972,-0.485959
8.4200,8,62.526761,39.330682,-0.223017,-0.027269
8.4200,9,63.209056,38.934582,0.150143,-0.155422
8.4400,0,114.312432,38.152002,-0.143264,0.228983
8.4400,1,113.772308,38.177824,0.101849,-1.773916
8.4400,2,115.710552,38.091121,0.212368,0.572083
8.4400,3,113.266070,38.230898,0.000000,0.000000
8.4400,4,114.912374,38.130653,-0.127784,0.481851
8.4400,5,64.299947,38.413672,0.000000,0.000000
8.4400,6,64.938166,37.927580,0.581512,1.401949
8.4400,7,63.758799,38.616313,0.167866,0.305385
8.4400,8,62.523926,39.333531,-0.357968,-0.204676
8.4400,9,63.214516,38.935458,0.082730,-0.282546
8.4600,0,114.309041,38.150867,-0.155860,0.274201
8.4600,1,113.774143,38.148884,0.096688,-0.497040
8.4600,2,115.709380,38.097056,-0.288432,0.602933
8.4600,3,113.266070,38.230898,0.000000,0.000000
8.4600,4,114.914692,38.121432,0.364199,-0.729695
8.4600,5,64.299947,38.413672,0.000000,0.000000
8.4600,6,64.948069,37.947732,0.085273,0.075597
8.4600,7,63.757645,38.613916,0.027268,-0.010649
8.4600,8,62.523046,39.330382,-0.044081,-0.618352
8.4600,9,63.214272,38.937068,-0.099957,0.416924
8.4800,0,114.306194,38.151195,-0.091658,0.360903
8.4800,1,113.775747,38.155990,0.057915,1.191462
8.4800,2,115.703435,38.091166,-0.301316,-1.162809
8.4800,3,113.266070,38.230898,0.000000,0.000000
8.4800,4,114.921695,38.113433,0.299741,-0.668983
8.4800,5,64.299947,38.413672,0.000000,0.000000
8.4800,6,64.942095,37.931909,-0.768577,-1.556597
8.4800,7,63.759619,38.615917,-0.142492,-0.309542
8.4800,8,62.529968,39.332907,0.721592,0.849829
8.4800,9,63.209047,38.938622,-0.110229,0.261004
8.5000,0,114.305164,38.152748,0.014839,0.379992
8.5000,1,113.775967,38.183041,-0.051370,0.940400
8.5000,2,115.698512,38.075640,-0.164063,0.190982
8.5000,3,113.266070,38.230898,0.000000,0.000000
8.5000,4,114.927369,38.119367,0.260649,1.236023
8.5000,5,64.299947,38.413672,0.000000,0.000000
8.5000,6,64.928862,37.910310,-0.235454,-0.065894
8.5000,7,63.758452,38.612697,0.013775,-0.021666
8.5000,8,62.539210,39.342732,0.188696,0.110356
8.5000,9,63.203943,38.936977,-0.090201,0.098563
8.5200,0,114.306242,38.153749,0.113908,0.329996
8.5200,1,113.773415,38.181302,-0.193890,-1.074591
8.5200,2,115.696860,38.097316,-0.027873,1.332864
8.5200,3,113.266070,38.230898,0.000000,0.000000
8.5200,4,114.930892,38.137072,0.065102,-0.070619
8.5200,5,64.299947,38.413672,0.000000,0.000000
8.5200,6,64.932106,37.927908,0.650495,1.712827
8.5200,7,63.759826,38.614648,-0.190362,-0.314043
8.5200,8,62.531876,39.327658,-0.587710,-1.045023
8.5200,9,63.205281,38.942156,-0.082610,-0.106787
8.5400,0,114.308940,38.154273,0.172635,0.338853
8.5400,1,113.769587,38.166067,-0.179376,-0.476063
8.5400,2,115.696381,38.105148,-0.019717,-0.513132
8.5400,3,113.266070,38.230898,0.000000,0.000000
8.5400,4,114.930084,38.117625,-0.113836,-1.210458
8.5400,5,64.299947,38.413672,0.000000,0.000000
8.5400,6,64.945351,37.952401,0.352593,0.200296
8.5400,7,63.757322,38.611104,-0.368012,-0.566734
8.5400,8,62.528190,39.322267,0.207087,0.481567
8.5400,9,63.200958,38.933370,-0.045281,-0.244843
8.5600,0,114.312242,38.155583,0.173364,0.400245
8.5600,1,113.767144,38.174416,-0.083926,0.630292
8.5600,2,115.696046,38.078106,0.011030,-1.549416
8.5600,3,113.266070,38.230898,0.000000,0.000000
8.5600,4,114.927589,38.113053,-0.130237,0.725197
8.5600,5,64.299947,38.413672,0.000000,0.000000
8.5600,6,64.946635,37.937379,-0.322296,-1.592202
8.5600,7,63.758192,38.613978,0.441487,0.826929
8.5600,8,62.533303,39.334969,0.008082,0.274800
8.5600,9,63.203137,38.932140,-0.050859,-0.407077
8.5800,0,114.314411,38.144668,0.064993,-0.820723
8.5800,1,113.766041,38.179085,0.002777,0.462787
8.5800,2,115.697145,38.055137,0.097088,-0.792848
8.5800,3,113.266070,38.230898,0.000000,0.000000
8.5800,4,114.924610,38.132915,-0.182566,0.683734
8.5800,5,64.299947,38.413672,0.000000,0.000000
8.5800,6,64.941869,37.915098,-0.168242,-0.670071
8.5800,7,63.761705,38.621489,-0.069960,-0.050752
8.5800,8,62.529028,39.333890,-0.130946,0.133060
8.5800,9,63.211419,38.938960,0.533964,0.509527
8.6000,0,114.315650,38.147536,0.055273,1.082028
8.6000,1,113.766305,38.167894,0.048467,-0.895659
8.6000,2,115.700437,38.058006,0.227309,1.048839
8.6000,3,113.266070,38.230898,0.000000,0.000000
8.6000,4,114.920077,38.128488,-0.262766,-1.098657
8.6000,5,64.299947,38.413672,0.000000,0.000000
8.6000,6,64.946358,37.921232,0.603767,1.249933
8.6000,7,63.755874,38.612410,-0.194722,-0.326522
8.6000,8,62.522172,39.329919,-0.249079,-0.012764
8.6000,9,63.218232,38.942296,0.459195,0.370560
8.6200,0,114.315529,38.162546,-0.091518,-0.201975
8.6200,1,113.768746,38.168041,0.186852,0.879108
8.6200,2,115.705955,38.096078,0.291469,2.117297
8.6200,3,113.266070,38.230898,0.000000,0.000000
8.6200,4,114.915371,38.114151,-0.205127,-0.375181
8.6200,5,64.299947,38.413672,0.000000,0.000000
8.6200,6,64.952519,37.941523,-0.300272,0.233474
8.6200,7,63.753711,38.607972,-0.335435,-0.644699
8.6200,8,62.523340,39.330389,0.054285,-0.443935
8.6200,9,63.212481,38.934587,-1.004891,-1.127998
8.6400,0,114.312227,38.140461,-0.204224,-1.340007
8.6400,1,113.772379,38.176868,0.166588,0.044845
8.6400,2,115.710966,38.119056,0.208325,0.214341
8.6400,3,113.266070,38.230898,0.000000,0.000000
8.6400,4,114.912538,38.125229,-0.103215,0.820338
8.6400,5,64.299947,38.413672,0.000000,0.000000
8.6400,6,64.935181,37.931608,-1.309387,-1.279246
8.6400,7,63.755524,38.609137,0.499414,0.742476
8.6400,8,62.532203,39.336367,0.497982,0.473301
8.6400,9,63.196213,38.917333,-0.306172,-0.068784
8.6600,0,114.308685,38.133340,-0.137355,0.596359
8.6600,1,113.775060,38.171064,0.115336,-0.010896
8.6600,2,115.709204,38.105910,-0.366754,-1.500343
8.6600,3,113.266070,38.230898,0.000000,0.000000
8.6600,4,114.915298,38.122611,0.356613,-1.044716
8.6600,5,64.299947,38.413672,0.000000,0.000000
8.6600,6,64.917665,37.910554,-0.134196,-0.282387
8.6600,7,63.760106,38.615104,-0.027213,-0.119194
8.6600,8,62.530926,39.328283,-0.291040,-0.705726
8.6600,9,63.199555,38.930240,0.633367,1.340065
8.6800,0,114.307210,38.163376,-0.027545,1.737544
8.6800,1,113.776715,38.176039,0.020930,-0.113100
8.6800,2,115.702314,38.072338,-0.291346,-1.282397
8.6800,3,113.266070,38.230898,0.000000,0.000000
8.6800,4,114.922679,38.121637,0.369405,0.910129
8.6800,5,64.299947,38.413672,0.000000,0.000000
8.6800,6,64.928752,37.919249,1.219623,1.129483
8.6800,7,63.760931,38.615585,0.097235,0.154472
8.6800,8,62.532889,39.329311,0.472808,0.782475
8.6800,9,63.208580,38.948525,0.286634,0.517605
8.7000,0,114.306818,38.178500,-0.008683,-0.165345
8.7000,1,113.775791,38.166027,-0.086266,-0.291909
8.7000,2,115.698127,38.065978,-0.126803,0.613133
8.7000,3,113.266070,38.230898,0.000000,0.000000
8.7000,4,114.928622,38.132863,0.219466,0.239758
8.7000,5,64.299947,38.413672,0.000000,0.000000
8.7000,6,64.948581,37.935715,0.682433,0.623795
8.7000,7,63.757697,38.610405,-0.101700,-0.136138
8.7000,8,62.536922,39.337322,-0.049365,0.049551
8.7000,9,63.204829,38.940454,-0.644948,-1.290267
8.7200,0,114.306909,38.157735,0.015913,-1.898918
8.7200,1,113.773453,38.164130,-0.165893,-0.499005
8.7200,2,115.697182,38.095622,0.006051,1.712082
8.7200,3,113.266070,38.230898,0.000000,0.000000
8.7200,4,114.930815,38.119128,0.027195,-0.946522
8.7200,5,64.299947,38.413672,0.000000,0.000000
8.7200,6,64.949900,37.933228,-0.529590,-0.846864
8.7200,7,63.756952,38.610252,-0.280730,-0.407365
8.7200,8,62.531499,39.332092,-0.187879,-0.055094
8.7200,9,63.195817,38.919639,0.050699,-0.254875
8.7400,0,114.308292,38.128383,0.139061,-0.432901
8.7400,1,113.770567,38.172327,-0.140007,0.639803
8.7400,2,115.697348,38.110848,0.010611,-0.155144
8.7400,3,113.266070,38.230898,0.000000,0.000000
8.7400,4,114.930840,38.119838,-0.021892,0.985654
8.7400,5,64.299947,38.413672,0.000000,0.000000
8.7400,6,64.934868,37.914265,-0.655611,-0.513249
8.7400,7,63.759697,38.616344,0.208745,0.418382
8.7400,8,62.529600,39.335191,-0.013013,0.338988
8.7400,9,63.206006,38.929298,0.948521,1.199410
8.7600,0,114.311983,38.138181,0.219290,1.392594
8.7600,1,113.767882,38.177907,-0.095030,0.534100
8.7600,2,115.697582,38.090483,0.011545,-1.853786
8.7600,3,113.266070,38.230898,0.000000,0.000000
8.7600,4,114.929038,38.132937,-0.149939,0.355763
8.7600,5,64.299947,38.413672,0.000000,0.000000
8.7600,6,64.930125,37.923366,0.270535,1.309582
8.7600,7,63.759059,38.616113,0.046617,0.093952
8.7600,8,62.525005,39.335139,-0.141404,0.172343
8.7600,9,63.220402,38.945198,0.508973,0.433547
8.7800,0,114.315524,38.158030,0.129136,0.639203
8.7800,1,113.766010,38.167827,-0.060629,-0.856836
8.7800,2,115.698142,38.049315,0.068866,-1.617703
8.7800,3,113.266070,38.230898,0.000000,0.000000
8.7800,4,114.924679,38.121853,-0.249408,-0.797927
8.7800,5,64.299947,38.413672,0.000000,0.000000
8.7800,6,64.936094,37.940155,0.337455,0.403061
8.7800,7,63.755389,38.609362,-0.099371,-0.231611
8.7800,8,62.522173,39.328747,-0.138289,-0.775106
8.7800,9,63.215631,38.938716,-0.949116,-1.055052
8.8000,0,114.316406,38.152176,-0.042759,-1.196788
8.8000,1,113.766521,38.168678,0.108665,0.913079
8.8000,2,115.700933,38.036606,0.204534,0.311831
8.8000,3,113.266070,38.230898,0.000000,0.000000
8.8000,4,114.919896,38.112926,-0.247037,-0.696939
8.8000,5,64.299947,38.413672,0.000000,0.000000
8.8000,6,64.937033,37.928878,-0.340145,-1.418087
8.8000,7,63.761641,38.618501,0.375154,0.559964
8.8000,8,62.527341,39.328347,0.639206,0.712224
8.8000,9,63.200465,38.922944,-0.252336,0.005906
8.8200,0,114.314872,38.135915,-0.109767,-0.463558
8.8200,1,113.769198,38.178652,0.152107,0.115498
8.8200,2,115.706103,38.060633,0.308293,2.062295
8.8200,3,113.266070,38.230898,0.000000,0.000000
8.8200,4,114.916078,38.118829,-0.131700,1.251738
8.8200,5,64.299947,38.413672,0.000000,0.000000
8.8200,6,64.931940,37.909912,0.150614,0.059239
8.8200,7,63.764150,38.621560,0.189280,0.284592
8.8200,8,62.534785,39.335125,0.120890,-0.005476
8.8200,9,63.204883,38.937426,0.687004,1.423767
8.8400,0,114.312740,38.145402,-0.097107,1.393657
8.8400,1,113.772258,38.174212,0.166379,0.047718
8.8400,2,115.712448,38.105611,0.296064,1.861486
8.8400,3,113.266070,38.230898,0.000000,0.000000
8.8400,4,114.913642,38.137094,-0.135767,-0.043567
8.8400,5,64.299947,38.413672,0.000000,0.000000
8.8400,6,64.942504,37.929892,0.559386,1.334203
8.8400,7,63.762788,38.619111,-0.010097,0.005560
8.8400,8,62.532454,39.328623,-0.051897,-0.127770
8.8400,9,63.214879,38.957327,0.007566,0.043443
8.8600,0,114.310191,38.165801,-0.170113,0.046687
8.8600,1,113.774889,38.167588,0.110585,-0.103002
8.8600,2,115.712340,38.123688,-0.289395,-0.016477
8.8600,3,113.266070,38.230898,0.000000,0.000000
8.8600,4,114.915770,38.117754,0.353294,-1.232618
8.8600,5,64.299947,38.413672,0.000000,0.000000
8.8600,6,64.941499,37.940891,-0.533180,-0.285874
8.8600,7,63.757526,38.611076,-0.195995,-0.272843
8.8600,8,62.532519,39.329587,-0.237488,-0.286582
8.8600,9,63.205885,38.940475,-0.894289,-1.701146
8.8800,0,114.306579,38.148854,-0.179669,-1.730540
8.8800,1,113.776404,38.169829,0.012256,-0.271575
8.8800,2,115.706341,38.106237,-0.305549,-1.700123
8.8800,3,113.266070,38.230898,0.000000,0.000000
8.8800,4,114.923054,38.112297,0.363292,0.660306
8.8800,5,64.299947,38.413672,0.000000,0.000000
8.8800,6,64.932520,37.927975,-0.060545,-0.464023
8.8800,7,63.755078,38.608311,-0.356188,-0.531630
8.8800,8,62.529264,39.327788,-0.383884,-0.406423
8.8800,9,63.192074,38.911883,-0.184280,-0.629451
8.9000,0,114.304398,38.122005,-0.010543,-0.362037
8.9000,1,113.775859,38.169890,-0.087974,-0.327880
8.9000,2,115.701311,38.080501,-0.196929,-0.914196
8.9000,3,113.266070,38.230898,0.000000,0.000000
8.9000,4,114.929379,38.131104,0.237710,0.636575
8.9000,5,64.299947,38.413672,0.000000,0.000000
8.9000,6,64.936346,37.923512,0.027219,-0.448082
8.9000,7,63.756527,38.612058,0.489059,0.881557
8.9000,8,62.529775,39.334706,0.103880,0.524079
8.9000,9,63.197631,38.914251,0.719896,0.843217
8.9200,0,114.306140,38.132807,0.176182,1.414910
8.9200,1,113.773594,38.169217,-0.155179,-0.359190
8.9200,2,115.698998,38.081154,-0.035191,0.947746
8.9200,3,113.266070,38.230898,0.000000,0.000000
8.9200,4,114.931910,38.125903,0.016729,-1.131079
8.9200,5,64.299947,38.413672,0.000000,0.000000
8.9200,6,64.937900,37.922396,-0.183964,-0.209014
8.9200,7,63.761172,38.620581,-0.009341,-0.010882
8.9200,8,62.527502,39.338347,-0.028487,0.352779
8.9200,9,63.220155,38.944829,1.195503,1.646985
8.9400,0,114.310542,38.165731,0.229622,1.293149
8.9400,1,113.770440,38.167115,-0.175032,-0.490033
8.9400,2,115.698837,38.093476,0.019283,0.315437
8.9400,3,113.266070,38.230898,0.000000,0.000000
8.9400,4,114.931225,38.111005,-0.083538,-0.407668
8.9400,5,64.299947,38.413672,0.000000,0.000000
8.9400,6,64.935442,37.925820,-0.269409,-0.071673
8.9400,7,63.756416,38.611861,-0.158347,-0.332009
8.9400,8,62.527132,39.335938,0.279597,-0.069981
8.9400,9,63.228468,38.961442,-0.318521,0.052389
8.9600,0,114.314380,38.172916,0.145092,-0.541823
8.9600,1,113.768082,38.174728,-0.080343,0.561116
8.9600,2,115.699725,38.094448,0.091682,0.359983
8.9600,3,113.266070,38.230898,0.000000,0.000000
8.9600,4,114.929267,38.121353,-0.106480,1.413628
8.9600,5,64.299947,38.413672,0.000000,0.000000
8.9600,6,64.935430,37.928750,-0.054873,-0.172543
8.9600,7,63.761221,38.618622,0.292540,0.424967
8.9600,8,62.527974,39.327923,0.106676,-0.208841
8.9600,9,63.212938,38.945390,-1.217912,-1.639258
8.9800,0,114.315970,38.144374,0.034742,-1.647570
8.9800,1,113.767005,38.177746,0.001222,0.374822
8.9800,2,115.701886,38.096046,0.145902,0.379193
8.9800,3,113.266070,38.230898,0.000000,0.000000
8.9800,4,114.926250,38.142050,-0.212056,0.064137
8.9800,5,64.299947,38.413672,0.000000,0.000000
8.9800,6,64.939364,37.929845,0.032773,-0.184190
8.9800,7,63.762111,38.618953,0.114397,0.153669
8.9800,8,62.531260,39.327490,-0.076227,-0.344106
8.9800,9,63.192919,38.918107,-0.472514,-0.560942
9.0000,0,114.316583,38.131220,0.022187,0.298106
9.0000,1,113.767753,38.178185,0.095912,0.292508
9.0000,2,115.704414,38.085678,0.131137,-0.768732
9.0000,3,113.266070,38.230898,0.000000,0.000000
9.0000,4,114.921128,38.125686,-0.291997,-1.670998
9.0000,5,64.299947,38.413672,0.000000,0.000000
9.0000,6,64.935031,37.923458,-0.147288,0.082483
9.0000,7,63.759623,38.614448,-0.047428,-0.070614
9.0000,8,62.531075,39.324711,-0.241661,-0.448500
9.0000,9,63.193288,38.921504,0.496036,0.879096
9.0200,0,114.316785,38.155607,-0.026840,1.484650
9.0200,1,113.770144,38.177095,0.158702,0.201675
9.0200,2,115.708023,38.089363,0.225465,1.106836
9.0200,3,113.266070,38.230898,0.000000,0.000000
9.0200,4,114.915924,38.100607,-0.198616,-0.246692
9.0200,5,64.299947,38.413672,0.000000,0.000000
9.0200,6,64.935372,37.930834,-0.035105,0.039907
9.0200,7,63.759944,38.615745,-0.235628,-0.337873
9.0200,8,62.534007,39.330760,0.519422,1.022761
9.0200,9,63.212309,38.952603,1.066174,1.653560
9.0400,0,114.314735,38.166103,-0.170960,-0.389265
9.0400,1,113.773197,38.173465,0.161193,0.042467
9.0400,2,115.711755,38.093196,0.146808,-0.693711
9.0400,3,113.266070,38.230898,0.000000,0.000000
9.0400,4,114.913249,38.113824,-0.068147,1.537935
9.0400,5,64.299947,38.413672,0.000000,0.000000
9.0400,6,64.933717,37.925686,0.084526,0.061601
9.0400,7,63.756672,38.611624,-0.103666,-0.096459
9.0400,8,62.532808,39.332754,-0.619380,-0.795393
9.0400,9,63.223522,38.966599,0.071910,-0.215153
9.0600,0,114.310244,38.140500,-0.236387,-1.501146
9.0600,1,113.775652,38.166620,0.098466,-0.103846
9.0600,2,115.709835,38.086820,-0.323624,0.022399
9.0600,3,113.266070,38.230898,0.000000,0.000000
9.0600,4,114.917180,38.136476,0.439630,0.774355
9.0600,5,64.299947,38.413672,0.000000,0.000000
9.0600,6,64.938331,37.932727,0.068331,0.099261
9.0600,7,63.755728,38.611503,-0.294253,-0.439907
9.0600,8,62.522453,39.321339,-0.426072,-0.369332
9.0600,9,63.215696,38.945398,-0.851186,-1.884462
9.0800,0,114.306908,38.130139,-0.090148,0.413638
9.0800,1,113.776930,38.169722,0.003533,-0.187196
9.0800,2,115.704219,38.093015,-0.258822,0.017365
9.0800,3,113.266070,38.230898,0.000000,0.000000
9.0800,4,114.924539,38.133665,0.286382,-1.023401
9.0800,5,64.299947,38.413672,0.000000,0.000000
9.0800,6,64.938635,37.928735,0.177176,0.117264
9.0800,7,63.758367,38.616630,0.216096,0.363041
9.0800,8,62.522106,39.328610,0.381826,1.073363
9.0800,9,63.202408,38.913958,-0.176069,-0.730441
9.1000,0,114.306869,38.156439,0.061857,1.557377
9.1000,1,113.776212,38.171364,-0.098023,-0.272847
9.1000,2,115.699635,38.088192,-0.172655,0.085455
9.1000,3,113.266070,38.230898,0.000000,0.000000
9.1000,4,114.928893,38.109091,0.170916,-0.853604
9.1000,5,64.299947,38.413672,0.000000,0.000000
9.1000,6,64.937045,37.928072,-0.017061,0.353761
9.1000,7,63.758370,38.615704,0.097449,0.082849
9.1000,8,62.529255,39.339415,0.338000,0.046116
9.1000,9,63.203264,38.917410,0.264980,1.044779
9.1200,0,114.308328,38.168387,0.081730,-0.327270
9.1200,1,113.773682,38.170761,-0.146195,0.190897
9.1200,2,115.697341,38.095897,-0.081144,0.104845
9.1200,3,113.266070,38.230898,0.000000,0.000000
9.1200,4,114.931633,38.111020,0.100521,1.006761
9.1200,5,64.299947,38.413672,0.000000,0.000000
9.1200,6,64.935534,37.928264,-0.124867,-0.301399
9.1200,7,63.755498,38.608903,-0.379748,-0.753030
9.1200,8,62.531409,39.333948,0.174884,-0.078244
9.1200,9,63.217231,38.951949,0.808620,1.839725
9.1400,0,114.309852,38.143965,0.090051,-1.451040
9.1400,1,113.770248,38.166301,-0.189031,-0.610891
9.1400,2,115.696397,38.092772,0.009395,0.155178
9.1400,3,113.266070,38.230898,0.000000,0.000000
9.1400,4,114.932449,38.135868,-0.038931,0.902852
9.1400,5,64.299947,38.413672,0.000000,0.000000
9.1400,6,64.936176,37.928417,-0.120825,-0.227786
9.1400,7,63.755829,38.607557,0.391902,0.590647
9.1400,8,62.530105,39.325860,-0.004788,-0.215042
9.1400,9,63.223503,38.969736,-0.153260,-0.020368
9.1600,0,114.312587,38.134891,0.171405,0.499030
9.1600,1,113.767618,38.172526,-0.092846,0.549461
9.1600,2,115.697143,38.090394,0.086996,0.186786
9.1600,3,113.266070,38.230898,0.000000,0.000000
9.1600,4,114.929791,38.135475,-0.218370,-0.904513
9.1600,5,64.299947,38.413672,0.000000,0.000000
9.1600,6,64.937026,37.929900,-0.011294,-0.239048
9.1600,7,63.764028,38.620643,0.124487,0.207434
9.1600,8,62.530998,39.324997,-0.203044,-0.380940
9.1600,9,63.211694,38.952066,-1.021945,-1.734798
9.1800,0,114.315694,38.150019,0.107589,0.435309
9.1800,1,113.766347,38.175916,-0.005715,0.395346
9.1800,2,115.699271,38.088739,0.147331,0.233739
9.1800,3,113.266070,38.230898,0.000000,0.000000
9.1800,4,114.924634,38.113137,-0.265370,-0.751394
9.1800,5,64.299947,38.413672,0.000000,0.000000
9.1800,6,64.940155,37.931816,0.313648,0.399403
9.1800,7,63.761509,38.616904,-0.055797,-0.041905
9.1800,8,62.534635,39.332241,0.236894,0.536147
9.1800,9,63.195712,38.922956,-0.268702,-0.642786
9.2000,0,114.316690,38.152837,0.015346,0.462350
9.2000,1,113.766951,38.176264,0.088092,0.260655
9.2000,2,115.702373,38.087569,0.160413,-0.323156
9.2000,3,113.266070,38.230898,0.000000,0.000000
9.2000,4,114.920025,38.117323,-0.189410,1.144359
9.2000,5,64.299947,38.413672,0.000000,0.000000
9.2000,6,64.941158,37.936501,0.106056,0.606848
9.2000,7,63.755743,38.608414,-0.202965,-0.278560
9.2000,8,62.534692,39.336308,0.074086,0.388595
9.2000,9,63.199950,38.925000,0.677649,0.832199
9.2200,0,114.315764,38.155978,-0.079278,0.469829
9.2200,1,113.769172,38.173953,0.150372,0.127026
9.2200,2,115.706040,38.087289,0.178431,-0.286026
9.2200,3,113.266070,38.230898,0.000000,0.000000
9.2200,4,114.916215,38.133028,-0.185050,0.460703
9.2200,5,64.299947,38.413672,0.000000,0.000000
9.2200,6,64.935548,37.930723,-0.751201,-1.081465
9.2200,7,63.759853,38.616642,0.263611,0.499139
9.2200,8,62.531683,39.337392,-0.072330,0.232010
9.2200,9,63.215608,38.944332,0.582730,0.587994
9.2400,0,114.312631,38.146321,-0.198317,-0.744550
9.2400,1,113.772080,38.168859,0.153781,-0.020210
9.2400,2,115.709881,38.087679,0.178576,-0.254307
9.2400,3,113.266070,38.230898,0.000000,0.000000
9.2400,4,114.912261,38.123628,-0.206870,-1.371881
9.2400,5,64.299947,38.413672,0.000000,0.000000
9.2400,6,64.926585,37.915105,0.070444,0.136632
9.2400,7,63.760227,38.617863,0.094513,0.162766
9.2400,8,62.525935,39.335270,-0.196714,0.073383
9.2400,9,63.216845,38.938017,-0.443972,-1.181873
9.2600,0,114.308680,38.138324,-0.209685,-0.679736
9.2600,1,113.774974,38.173312,0.103031,-0.141720
9.2600,2,115.708543,38.088983,-0.320688,-0.195825
9.2600,3,113.266070,38.230898,0.000000,0.000000
9.2600,4,114.914116,38.103872,0.393807,-0.003291
9.2600,5,64.299947,38.413672,0.000000,0.000000
9.2600,6,64.937722,37.934933,0.791343,1.170734
9.2600,7,63.757702,38.612862,-0.033527,-0.125599
9.2600,8,62.528428,39.337945,0.420752,0.180486
9.2600,9,63.206550,38.922482,-0.584865,-0.407699
9.2800,0,114.305842,38.144393,-0.064306,1.261774
9.2800,1,113.775847,38.163659,0.003484,-0.221078
9.2800,2,115.702991,38.091345,-0.255790,-0.152182
9.2800,3,113.266070,38.230898,0.000000,0.000000
9.2800,4,114.922210,38.122438,0.403631,1.832845
9.2800,5,64.299947,38.413672,0.000000,0.000000
9.2800,6,64.945140,37.939861,-0.132875,-0.573117
9.2800,7,63.758624,38.612885,-0.190508,-0.399205
9.2800,8,62.532180,39.335065,0.254838,0.051421
9.2800,9,63.204361,38.929390,0.356391,1.068562
9.3000,0,114.305292,38.162224,0.013654,0.545508
9.3000,1,113.775597,38.176841,-0.053148,0.858435
9.3000,2,115.698433,38.083140,-0.173816,-0.092578
9.3000,3,113.266070,38.230898,0.000000,0.000000
9.3000,4,114.928818,38.151482,0.226047,0.475200
9.3000,5,64.299947,38.413672,0.000000,0.000000
9.3000,6,64.937659,37.926071,-0.296693,-0.269145
9.3000,7,63.756179,38.607497,-0.368710,-0.670546
9.3000,8,62.532523,39.329683,0.081216,-0.070122
9.3000,9,63.207826,38.942560,0.011333,0.277834
9.3200,0,114.305849,38.153607,0.039038,-1.375903
9.3200,1,113.772923,38.172765,-0.205238,-1.229324
9.3200,2,115.696060,38.086950,-0.087098,-0.105173
9.3200,3,113.266070,38.230898,0.000000,0.000000
9.3200,4,114.931171,38.142860,0.009149,-1.309816
9.3200,5,64.299947,38.413672,0.000000,0.000000
9.3200,6,64.935152,37.926776,-0.171719,-0.276060
9.3200,7,63.756819,38.608147,0.420230,0.715978
9.3200,8,62.535207,39.331887,-0.109723,-0.220157
9.3200,9,63.205357,38.941275,0.049386,0.121503
9.3400,0,114.307689,38.133941,0.162480,0.041405
9.3400,1,113.768803,38.154339,-0.169650,0.015115
9.3400,2,115.695448,38.090753,0.000122,-0.087185
9.3400,3,113.266070,38.230898,0.000000,0.000000
9.3400,4,114.929826,38.112966,-0.115128,-1.099183
9.3400,5,64.299947,38.413672,0.000000,0.000000
9.3400,6,64.935030,37.927338,-0.057904,-0.283259
9.3400,7,63.759528,38.613333,-0.126781,-0.165749
9.3400,8,62.534544,39.331791,0.033919,0.189498
9.3400,9,63.203537,38.936786,0.074467,-0.039234
9.3600,0,114.311846,38.154040,0.214189,1.290255
9.3600,1,113.766468,38.171957,-0.052122,1.723882
9.3600,2,115.696018,38.084064,0.078934,-0.002753
9.3600,3,113.266070,38.230898,0.000000,0.000000
9.3600,4,114.927312,38.110843,-0.131302,0.847844
9.3600,5,64.299947,38.413672,0.000000,0.000000
9.3600,6,64.936941,37.927836,-0.060994,-0.211118
9.3600,7,63.758249,38.612538,-0.312732,-0.448980
9.3600,8,62.530608,39.329079,-0.123844,0.053954
9.3600,9,63.208014,38.939469,0.062309,-0.215358
9.3800,0,114.314783,38.160124,0.072662,-0.661067
9.3800,1,113.765518,38.184311,-0.035374,-0.440157
9.3800,2,115.698458,38.089928,0.136900,0.003129
9.3800,3,113.266070,38.230898,0.000000,0.000000
9.3800,4,114.924283,38.132738,-0.188616,0.748388
9.3800,5,64.299947,38.413672,0.000000,0.000000
9.3800,6,64.938918,37.929645,0.041346,-0.222684
9.3800,7,63.760276,38.617647,0.174056,0.370732
9.3800,8,62.529537,39.333601,-0.277036,-0.113000
9.3800,9,63.206104,38.928771,0.046343,-0.328079
9.4000,0,114.315110,38.141672,-0.016367,-0.576671
9.4000,1,113.765662,38.168877,0.068737,-0.489730
9.4000,2,115.701372,38.084704,0.175514,0.054439
9.4000,3,113.266070,38.230898,0.000000,0.000000
9.4000,4,114.919594,38.128989,-0.271852,-1.078915
9.4000,5,64.299947,38.413672,0.000000,0.000000
9.4000,6,64.934747,37.922527,-0.139557,0.047896
9.4000,7,63.759132,38.616737,0.029321,0.071223
9.4000,8,62.526002,39.335412,-0.087361,0.268055
9.4000,9,63.216025,38.937399,0.599878,0.609802
9.4200,0,114.314644,38.149736,-0.057047,0.697207
9.4200,1,113.768036,38.164195,0.135596,-0.597840
9.4200,2,115.705331,38.091687,0.192756,0.063843
9.4200,3,113.266070,38.230898,0.000000,0.000000
9.4200,4,114.914754,38.115210,-0.208868,-0.338477
9.4200,5,64.299947,38.413672,0.000000,0.000000
9.4200,6,64.935229,37.929248,-0.029115,0.008971
9.4200,7,63.755245,38.609684,-0.104662,-0.240636
9.4200,8,62.524521,39.331414,0.228760,-0.140890
9.4200,9,63.212871,38.934127,-0.877192,-0.909051
9.4400,0,114.312519,38.157845,-0.123098,0.721945
9.4400,1,113.771694,38.170135,0.219504,1.169224
9.4400,2,115.708990,38.087835,0.195072,0.128296
9.4400,3,113.266070,38.230898,0.000000,0.000000
9.4400,4,114.911886,38.127349,-0.103591,0.889439
9.4400,5,64.299947,38.413672,0.000000,0.000000
9.4400,6,64.941759,37.932232,0.255655,-0.168564
9.4400,7,63.761399,38.618609,0.370396,0.547824
9.4400,8,62.530290,39.332165,0.048121,-0.294448
9.4400,9,63.205332,38.931841,0.107956,0.641811
9.4600,0,114.308944,38.152895,-0.219137,-1.187334
9.4600,1,113.775387,38.184743,0.141519,0.330110
9.4600,2,115.707475,38.084735,-0.329195,-0.410706
9.4600,3,113.266070,38.230898,0.000000,0.000000
9.4600,4,114.914655,38.125653,0.358198,-1.021153
9.4600,5,64.299947,38.413672,0.000000,0.000000
9.4600,6,64.941654,37.926140,0.052882,0.096463
9.4600,7,63.763698,38.621185,0.176715,0.255533
9.4600,8,62.532445,39.330060,-0.131358,-0.427272
9.4600,9,63.204009,38.936776,-0.222004,-0.123001
9.4800,0,114.305375,38.136458,-0.127584,-0.486191
9.4800,1,113.776564,38.171588,-0.029926,-1.623304
9.4800,2,115.701771,38.082897,-0.262339,-0.355342
9.4800,3,113.266070,38.230898,0.000000,0.000000
9.4800,4,114.921557,38.112917,0.319722,-0.285298
9.4800,5,64.299947,38.413672,0.000000,0.000000
9.4800,6,64.937694,37.925092,-0.129833,0.335996
9.4800,7,63.762210,38.618353,-0.011496,-0.005490
9.4800,8,62.531093,39.325493,-0.304292,-0.545714
9.4800,9,63.202846,38.937719,-0.199581,-0.306673
9.5000,0,114.304729,38.146345,0.065158,1.450175
9.5000,1,113.775010,38.145692,-0.098936,-0.353053
9.5000,2,115.698115,38.094400,-0.128607,0.857682
9.5000,3,113.266070,38.230898,0.000000,0.000000
9.5000,4,114.927603,38.126440,0.250459,0.966721
9.5000,5,64.299947,38.413672,0.000000,0.000000
9.5000,6,64.938375,37.937291,-0.017428,0.269482
9.5000,7,63.757083,38.610370,-0.186059,-0.264111
9.5000,8,62.532792,39.329599,0.460828,0.929473
9.5000,9,63.202221,38.935267,-0.170113,-0.460375
9.5200,0,114.306746,38.168682,0.105715,0.162924
9.5200,1,113.772824,38.155072,-0.112128,1.267079
9.5200,2,115.695663,38.093210,-0.114874,-0.945704
9.5200,3,113.266070,38.230898,0.000000,0.000000
9.5200,4,114.930371,38.126517,0.026949,-0.927950
9.5200,5,64.299947,38.413672,0.000000,0.000000
9.5200,6,64.932517,37.923489,-0.330560,-0.965975
9.5200,7,63.761406,38.619048,0.272797,0.538224
9.5200,8,62.536731,39.340513,-0.047232,0.190261
9.5200,9,63.208547,38.941114,0.454449,0.457858
9.5400,0,114.308790,38.154089,0.090160,-1.625045
9.5400,1,113.770444,38.182943,-0.135121,0.949599
9.5400,2,115.694570,38.081766,0.002902,-0.231596
9.5400,3,113.266070,38.230898,0.000000,0.000000
9.5400,4,114.929826,38.115178,-0.078373,-0.233241
9.5400,5,64.299947,38.413672,0.000000,0.000000
9.5400,6,64.933957,37.923974,0.460834,0.980764
9.5400,7,63.761910,38.621351,0.099575,0.233082
9.5400,8,62.524996,39.326838,-0.787227,-0.982981
9.5400,9,63.214065,38.943171,0.406283,0.289835
9.5600,0,114.310960,38.129210,0.142436,-0.254962
9.5600,1,113.767453,38.181604,-0.153486,-1.044797
9.5600,2,115.696191,38.095580,0.129205,0.965656
9.5600,3,113.266070,38.230898,0.000000,0.000000
9.5600,4,114.927472,38.116922,-0.175498,-0.190746
9.5600,5,64.299947,38.413672,0.000000,0.000000
9.5600,6,64.941533,37.936090,0.306633,0.264648
9.5600,7,63.759272,38.617701,-0.042738,-0.061307
9.5600,8,62.517739,39.322343,0.049678,0.506651
9.5600,9,63.211937,38.931175,-0.276421,-0.889924
9.5800,0,114.314084,38.142781,0.162265,1.585054
9.5800,1,113.765566,38.167503,-0.033685,-0.403755
9.5800,2,115.698599,38.096568,0.109539,-0.837916
9.5800,3,113.266070,38.230898,0.000000,0.000000
9.5800,4,114.923635,38.119542,-0.226070,-0.151127
9.5800,5,64.299947,38.413672,0.000000,0.000000
9.5800,6,64.937715,37.925297,-0.438914,-0.669183
9.5800,7,63.754149,38.608327,-0.157581,-0.343247
9.5800,8,62.530971,39.343638,0.929599,1.063099
9.5800,9,63.211130,38.931982,0.197676,0.936436
9.6000,0,114.316140,38.167096,0.014202,0.224344
9.6000,1,113.766057,38.163947,0.055481,-0.571206
9.6000,2,115.701497,38.087163,0.175366,-0.136700
9.6000,3,113.266070,38.230898,0.000000,0.000000
9.6000,4,114.919244,38.122536,-0.231599,-0.152102
9.6000,5,64.299947,38.413672,0.000000,0.000000
9.6000,6,64.930419,37.919978,-0.499410,-0.487410
9.6000,7,63.759164,38.615026,0.642994,0.998975
9.6000,8,62.537962,39.346495,-0.212552,-0.742601
9.6000,9,63.211295,38.942914,-0.160998,0.178988
9.6200,0,114.314688,38.153642,-0.155893,-1.556828
9.6200,1,113.768621,38.169919,0.192890,1.150601
9.6200,2,115.705451,38.090462,0.192206,-0.116229
9.6200,3,113.266070,38.230898,0.000000,0.000000
9.6200,4,114.915117,38.125359,-0.201262,-0.161790
9.6200,5,64.299947,38.413672,0.000000,0.000000
9.6200,6,64.932663,37.926404,0.699517,1.104872
9.6200,7,63.766345,38.625820,0.095098,0.119316
9.6200,8,62.529452,39.326063,-0.337581,-0.782267
9.6200,9,63.205147,38.939510,-0.139289,0.013393
9.6400,0,114.311145,38.130187,-0.165257,-0.168542
9.6400,1,113.772466,38.184666,0.182862,0.364617
9.6400,2,115.709093,38.083131,0.194102,-0.035071
9.6400,3,113.266070,38.230898,0.000000,0.000000
9.6400,4,114.911385,38.116964,-0.144418,-0.077522
9.6400,5,64.299947,38.413672,0.000000,0.000000
9.6400,6,64.946748,37.939380,0.281986,-0.265445
9.6400,7,63.756684,38.609163,-0.707814,-1.186036
9.6400,8,62.530550,39.325662,0.434957,0.719795
9.6400,9,63.199605,38.932833,-0.104580,-0.148389
9.6600,0,114.308300,38.145043,-0.104464,1.633208
9.6600,1,113.775023,38.172400,0.060724,-1.575502
9.6600,2,115.708052,38.088618,-0.306576,0.000139
9.6600,3,113.266070,38.230898,0.000000,0.000000
9.6600,4,114.914411,38.121592,0.397263,-0.064678
9.6600,5,64.299947,38.413672,0.000000,0.000000
9.6600,6,64.940467,37.920001,-0.556294,-1.075964
9.6600,7,63.750956,38.600068,0.117336,0.239846
9.6600,8,62.533931,39.332592,-0.078836,0.000279
9.6600,9,63.207371,38.944683,0.540217,0.753546
9.6800,0,114.306418,38.170601,-0.098944,0.310130
9.6800,1,113.775504,38.146733,0.007415,-0.376989
9.6800,2,115.702768,38.094537,-0.243082,0.008655
9.6800,3,113.266070,38.230898,0.000000,0.000000
9.6800,4,114.922013,38.126206,0.326444,-0.077332
9.6800,5,64.299947,38.413672,0.000000,0.000000
9.6800,6,64.937598,37.918414,0.255407,0.883370
9.6800,7,63.760824,38.617794,0.527637,0.950205
9.6800,8,62.527814,39.326200,-0.228148,-0.122722
9.6800,9,63.208446,38.941382,-0.421251,-1.052907
9.7000,0,114.304671,38.159481,-0.068942,-1.398934
9.7000,1,113.775234,38.155392,-0.035170,1.228445
9.7000,2,115.698471,38.089573,-0.159792,0.076999
9.7000,3,113.266070,38.230898,0.000000,0.000000
9.7000,4,114.927113,38.118866,0.202822,-0.053757
9.7000,5,64.299947,38.413672,0.000000,0.000000
9.7000,6,64.937159,37.931741,-0.278790,0.474965
9.7000,7,63.759573,38.616733,-0.629437,-1.023478
9.7000,8,62.531152,39.338305,0.232444,0.761436
9.7000,9,63.203476,38.925257,-0.098136,-0.585640
9.7200,0,114.304794,38.139661,0.073990,-0.649876
9.7200,1,113.773776,38.183206,-0.121810,0.977361
9.7200,2,115.695907,38.085307,-0.095571,-0.479247
9.7200,3,113.266070,38.230898,0.000000,0.000000
9.7200,4,114.930004,38.123907,0.060990,-0.034222
9.7200,5,64.299947,38.413672,0.000000,0.000000
9.7200,6,64.932979,37.933251,0.168247,0.219455
9.7200,7,63.749449,38.599836,-0.062555,-0.123820
9.7200,8,62.524963,39.335531,-0.831286,-1.010951
9.7200,9,63.210616,38.928942,0.794097,0.935073
9.7400,0,114.307781,38.145521,0.214707,1.213707
9.7400,1,113.770372,38.182564,-0.207014,-1.009929
9.7400,2,115.695133,38.082091,-0.007799,-0.421042
9.7400,3,113.266070,38.230898,0.000000,0.000000
9.7400,4,114.929643,38.118052,-0.067887,0.040879
9.7400,5,64.299947,38.413672,0.000000,0.000000
9.7400,6,64.937300,37.929889,0.467401,0.069864
9.7400,7,63.756333,38.610298,0.735636,1.157571
9.7400,8,62.521491,39.328038,0.454928,0.242358
9.7400,9,63.217566,38.942756,-0.065918,0.466058
9.7600,0,114.311885,38.162596,0.158852,-0.110903
9.7600,1,113.766361,38.155922,-0.164598,-1.070655
9.7600,2,115.696528,38.092252,0.117233,0.788146
9.7600,3,113.266070,38.230898,0.000000,0.000000
9.7600,4,114.927492,38.124800,-0.165724,0.035138
9.7600,5,64.299947,38.413672,0.000000,0.000000
9.7600,6,64.941223,37.928323,0.244236,0.311029
9.7600,7,63.765343,38.623750,0.184100,0.228859
9.7600,8,62.531497,39.335934,0.247308,0.039442
9.7600,9,63.206460,38.933987,-0.697724,-0.759856
9.7800,0,114.313769,38.142813,0.051262,-1.189283
9.7800,1,113.764571,38.151899,-0.011001,0.642296
9.7800,2,115.698692,38.089810,0.097262,-0.998285
9.7800,3,113.266070,38.230898,0.000000,0.000000
9.7800,4,114.923347,38.119760,-0.215311,0.063698
9.7800,5,64.299947,38.413672,0.000000,0.000000
9.7800,6,64.940901,37.931342,0.042852,0.528411
9.7800,7,63.757461,38.609134,-0.622748,-1.093405
9.7800,8,62.531757,39.330395,0.080438,-0.073881
9.7800,9,63.202527,38.934025,0.294394,0.740707
9.8000,0,114.314770,38.139283,0.043239,0.776614
9.8000,1,113.766006,38.181425,0.130127,1.652294
9.8000,2,115.701337,38.077293,0.162212,-0.288783
9.8000,3,113.266070,38.230898,0.000000,0.000000
9.8000,4,114.919199,38.127349,-0.218286,0.100107
9.8000,5,64.299947,38.413672,0.000000,0.000000
9.8000,6,64.940822,37.935417,0.257854,0.424934
9.8000,7,63.753238,38.601717,0.185321,0.323087
9.8000,8,62.534441,39.332517,-0.109403,-0.225658
9.8000,9,63.205126,38.940995,-0.018637,-0.015752
9.8200,0,114.314825,38.159570,-0.058831,0.660701
9.8200,1,113.768724,38.193326,0.136088,-0.427144
9.8200,2,115.705545,38.089934,0.228404,0.910603
9.8200,3,113.266070,38.230898,0.000000,0.000000
9.8200,4,114.914884,38.123964,-0.184822,0.143834
9.8200,5,64.299947,38.413672,0.000000,0.000000
9.8200,6,64.938071,37.926196,-0.283185,-0.672105
9.8200,7,63.764414,38.621369,0.592212,1.066611
9.8200,8,62.533811,39.332317,0.037147,0.184927
9.8200,9,63.202077,38.934036,0.013996,-0.158837
9.8400,0,114.312094,38.153544,-0.205313,-1.215296
9.8400,1,113.771039,38.165298,0.109590,-1.705597
9.8400,2,115.709350,38.089845,0.150955,-0.885551
9.8400,3,113.266070,38.230898,0.000000,0.000000
9.8400,4,114.911444,38.120877,-0.131714,0.146926
9.8400,5,64.299947,38.413672,0.000000,0.000000
9.8400,6,64.933731,37.920821,-0.463360,-0.411223
9.8400,7,63.764243,38.622779,-0.587629,-0.895055
9.8400,8,62.529978,39.329541,-0.116700,0.052670
9.8400,9,63.205229,38.934172,-0.009186,-0.348989
9.8600,0,114.308045,38.137273,-0.187755,-0.446789
9.8600,1,113.773565,38.150145,0.130845,0.142226
9.8600,2,115.707515,38.079811,-0.319623,-0.154443
9.8600,3,113.266070,38.230898,0.000000,0.000000
9.8600,4,114.914707,38.129633,0.408648,0.134244
9.8600,5,64.299947,38.413672,0.000000,0.000000
9.8600,6,64.934719,37.930250,0.308849,0.677375
9.8600,7,63.754728,38.608585,-0.376843,-0.554948
9.8600,8,62.529062,39.334031,-0.271752,-0.119531
9.8600,9,63.207833,38.931061,-0.044731,-0.488293
9.8800,0,114.305665,38.147827,-0.040972,1.471028
9.8800,1,113.775894,38.170099,0.098871,1.839659
9.8800,2,115.702500,38.095002,-0.205552,1.031240
9.8800,3,113.266070,38.230898,0.000000,0.000000
9.8800,4,114.922060,38.127153,0.341193,0.209653
9.8800,5,64.299947,38.413672,0.000000,0.000000
9.8800,6,64.941683,37.935626,0.592330,0.485683
9.8800,7,63.755729,38.611359,0.464189,0.806184
9.8800,8,62.525637,39.335694,-0.081550,0.260281
9.8800,9,63.216112,38.936888,0.523263,0.483515
9.9000,0,114.305582,38.169469,0.009602,0.076208
9.9000,1,113.776529,38.197742,-0.058096,0.309346
9.9000,2,115.698402,38.097180,-0.200656,-0.779460
9.9000,3,113.266070,38.230898,0.000000,0.000000
9.9000,4,114.927463,38.125447,0.218369,0.215901
9.9000,5,64.299947,38.413672,0.000000,0.000000
9.9000,6,64.941305,37.930507,-0.609360,-0.972137
9.9000,7,63.759877,38.617962,-0.032693,-0.113112
9.9000,8,62.524272,39.331547,0.234734,-0.147635
9.9000,9,63.217996,38.942396,-0.004568,0.596405
9.9200,0,114.306065,38.152130,0.035252,-1.779909
9.9200,1,113.773868,38.184226,-0.200245,-1.632540
9.9200,2,115.695592,38.088864,-0.081320,-0.081260
9.9200,3,113.266070,38.230898,0.000000,0.000000
9.9200,4,114.930152,38.123826,0.075813,0.225287
9.9200,5,64.299947,38.413672,0.000000,0.000000
9.9200,6,64.931099,37.920003,-0.321123,-0.190518
9.9200,7,63.754622,38.607456,-0.180236,-0.402098
9.9200,8,62.530093,39.332042,0.047520,-0.312653
9.9200,9,63.208093,38.936267,-0.632612,-0.617466
9.9400,0,114.307834,38.124495,0.158336,-0.364038
9.9400,1,113.769869,38.158841,-0.192167,-0.944942
9.9400,2,115.695106,38.093234,0.006692,-0.059942
9.9400,3,113.266070,38.230898,0.000000,0.000000
9.9400,4,114.930079,38.122908,-0.053372,0.282188
9.9400,5,64.299947,38.413672,0.000000,0.000000
9.9400,6,64.936742,37.932085,0.527722,0.802037
9.9400,7,63.759086,38.613258,0.610540,0.964714
9.9400,8,62.532261,39.329624,-0.130963,-0.442096
9.9400,9,63.198997,38.928110,-0.586594,-0.736206
9.9600,0,114.311949,38.136128,0.239628,1.508712
9.9600,1,113.767040,38.158511,-0.083256,0.872053
9.9600,2,115.695807,38.086946,0.085417,0.011980
9.9600,3,113.266070,38.230898,0.000000,0.000000
9.9600,4,114.927731,38.123308,-0.148521,0.355217
9.9600,5,64.299947,38.413672,0.000000,0.000000
9.9600,6,64.939123,37.930002,-0.372821,-0.905822
9.9600,7,63.765646,38.623702,0.064397,0.112378
9.9600,8,62.530991,39.324902,-0.295363,-0.544509
9.9600,9,63.197281,38.928300,0.399094,0.727632
9.9800,0,114.315847,38.158644,0.142301,0.770694
9.9800,1,113.766350,38.179378,-0.000848,0.623651
9.9800,2,115.698374,38.093079,0.143297,0.023330
9.9800,3,113.266070,38.230898,0.000000,0.000000
9.9800,4,114.923942,38.124600,-0.196839,0.367381
9.9800,5,64.299947,38.413672,0.000000,0.000000
9.9800,6,64.933412,37.920757,-0.212043,-0.052287
9.9800,7,63.755346,38.606859,-0.747750,-1.212872
9.9800,8,62.532867,39.329060,0.467699,0.929954
9.9800,9,63.207942,38.945297,0.365810,0.460521
10.0000,0,114.316902,38.154861,-0.037939,-1.110499
10.0000,1,113.766539,38.170809,0.045946,-0.788721
10.0000,2,115.701425,38.088370,0.183055,0.086755
10.0000,3,113.266070,38.230898,0.000000,0.000000
10.0000,4,114.919654,38.125896,-0.199623,0.365500
10.0000,5,64.299947,38.413672,0.000000,0.000000
10.0000,6,64.932510,37.925571,-0.095450,-0.082282
10.0000,7,63.748753,38.596902,0.075654,0.184922
10.0000,8,62.536861,39.339883,-0.047093,0.183075
10.0000,9,63.205678,38.936344,-0.249141,-0.757744
10.0200,0,114.315416,38.140363,-0.109060,-0.369974
10.0200,1,113.768455,38.160364,0.112026,-0.878723
10.0200,2,115.705535,38.095927,0.200150,0.091059
10.0200,3,113.266070,38.230898,0.000000,0.000000
10.0200,4,114.915710,38.127498,-0.164926,0.390624
10.0200,5,64.299947,38.413672,0.000000,0.000000
10.0200,6,64.937751,37.926790,0.193393,-0.253287
10.0200,7,63.758047,38.613528,0.845594,1.466179
10.0200,8,62.525160,39.326140,-0.784901,-0.984038
10.0200,9,63.210449,38.936892,0.374715,0.222397
10.0400,0,114.313279,38.152498,-0.126787,0.909240
10.0400,1,113.771622,38.160919,0.193588,0.898128
10.0400,2,115.709343,38.092516,0.202757,0.148669
10.0400,3,113.266070,38.230898,0.000000,0.000000
10.0400,4,114.912679,38.129667,-0.110723,0.424209
10.0400,5,64.299947,38.413672,0.000000,0.000000
10.0400,6,64.942461,37.929365,-0.034200,-0.034445
10.0400,7,63.769343,38.633202,-0.024228,-0.029500
10.0400,8,62.517971,39.321694,0.054255,0.512713
10.0400,9,63.214171,38.934581,0.301784,0.080132
10.0600,0,114.309586,38.151262,-0.227805,-1.014990
10.0600,1,113.775282,38.182368,0.142575,0.662022
10.0600,2,115.708002,38.090420,-0.295739,0.221908
10.0600,3,113.266070,38.230898,0.000000,0.000000
10.0600,4,114.915316,38.119206,0.378364,-0.799809
10.0600,5,64.299947,38.413672,0.000000,0.000000
10.0600,6,64.936850,37.925824,-0.208052,0.217500
10.0600,7,63.757983,38.613698,-0.762638,-1.325246
10.0600,8,62.531280,39.343095,0.934297,1.069833
10.0600,9,63.211736,38.932131,-0.219138,0.198464
10.0800,0,114.305826,38.138054,-0.137644,-0.336347
10.0800,1,113.776529,38.175513,-0.023008,-1.319627
10.0800,2,115.702478,38.089556,-0.228601,0.270403
10.0800,3,113.266070,38.230898,0.000000,0.000000
10.0800,4,114.923080,38.122856,0.385703,1.134825
10.0800,5,64.299947,38.413672,0.000000,0.000000
10.0800,6,64.938016,37.934261,0.107218,0.012548
10.0800,7,63.751534,38.601791,0.093498,0.097104
10.0800,8,62.538384,39.346122,-0.208047,-0.735803
10.0800,9,63.210153,38.939651,-0.237390,0.028382
10.1000,0,114.304991,38.150463,0.029166,0.900559
10.1000,1,113.775195,38.155666,-0.083095,-0.046365
10.1000,2,115.698479,38.089492,-0.144761,0.302094
10.1000,3,113.266070,38.230898,0.000000,0.000000
10.1000,4,114.928755,38.126534,0.177399,-0.733789
10.1000,5,64.299947,38.413672,0.000000,0.000000
10.1000,6,64.939071,37.928617,0.212934,0.038868
10.1000,7,63.761145,38.616932,0.523286,0.840429
10.1000,8,62.529985,39.325856,-0.330794,-0.771975
10.1000,9,63.202669,38.933656,-0.200754,-0.102224
10.1200,0,114.305894,38.149450,0.057986,-0.979786
10.1200,1,113.773335,38.171812,-0.092912,1.647050
10.1200,2,115.696226,38.089545,-0.079343,-0.269853
10.1200,3,113.266070,38.230898,0.000000,0.000000
10.1200,4,114.931131,38.119071,0.058660,-0.039381
10.1200,5,64.299947,38.413672,0.000000,0.000000
10.1200,6,64.938158,37.926467,0.014873,0.283439
10.1200,7,63.766278,38.625230,0.306786,0.532295
10.1200,8,62.531217,39.325656,0.438702,0.724439
10.1200,9,63.201884,38.935010,-0.184420,-0.288288
10.1400,0,114.308071,38.136854,0.148418,-0.323281
10.1400,1,113.770427,38.183395,-0.183695,-0.440426
10.1400,2,115.695786,38.090326,0.009262,-0.236372
10.1400,3,113.266070,38.230898,0.000000,0.000000
10.1400,4,114.931155,38.124574,-0.077655,-0.010693
10.1400,5,64.299947,38.413672,0.000000,0.000000
10.1400,6,64.935258,37.926833,-0.193766,-0.294812
10.1400,7,63.760667,38.616531,-0.849711,-1.378641
10.1400,8,62.534665,39.332657,-0.075590,0.003448
10.1400,9,63.201328,38.932578,-0.179696,-0.477468
10.1600,0,114.311935,38.149201,0.200296,0.901655
10.1600,1,113.766971,38.168429,-0.132627,-0.465515
10.1600,2,115.697028,38.092323,0.110785,0.409937
10.1600,3,113.266070,38.230898,0.000000,0.000000
10.1600,4,114.928299,38.119193,-0.175381,0.060863
10.1600,5,64.299947,38.413672,0.000000,0.000000
10.1600,6,64.934717,37.927039,-0.077813,-0.300254
10.1600,7,63.746009,38.592852,-0.297422,-0.452951
10.1600,8,62.528698,39.326472,-0.217373,-0.106716
10.1600,9,63.207535,38.938264,0.456679,0.466745
10.1800,0,114.315176,38.160890,0.114046,0.222334
10.1800,1,113.765382,38.163885,-0.047101,-0.605562
10.1800,2,115.699597,38.094969,0.167027,0.431880
10.1800,3,113.266070,38.230898,0.000000,0.000000
10.1800,4,114.924444,38.126334,-0.227163,0.058560
10.1800,5,64.299947,38.413672,0.000000,0.000000
10.1800,6,64.936250,37.927213,-0.078947,-0.226595
10.1800,7,63.748117,38.596877,0.498389,0.835998
10.1800,8,62.525817,39.327871,-0.366448,-0.267258
10.1800,9,63.213413,38.941025,0.435318,0.343048
10.2000,0,114.315756,38.147122,-0.029750,-0.920037
10.2000,1,113.766159,38.169353,0.122357,1.133237
10.2000,2,115.702558,38.085756,0.152979,-0.705729
10.2000,3,113.266070,38.230898,0.000000,0.000000
10.2000,4,114.919550,38.121739,-0.229441,0.084238
10.2000,5,64.299947,38.413672,0.000000,0.000000
10.2000,6,64.937886,37.928725,0.025108,-0.237140
10.2000,7,63.765545,38.625810,0.906255,1.487754
10.2000,8,62.526595,39.337031,0.114941,0.612126
10.2000,9,63.211959,38.930204,-0.247023,-0.841541
10.2200,0,114.314990,38.148343,-0.045852,1.001572
10.2200,1,113.769119,38.183539,0.167258,0.320997
10.2200,2,115.706586,38.090503,0.219018,0.530827
10.2200,3,113.266070,38.230898,0.000000,0.000000
10.2200,4,114.915525,38.129582,-0.193667,0.103210
10.2200,5,64.299947,38.413672,0.000000,0.000000
10.2200,6,64.939734,37.932176,0.252285,0.472702
10.2200,7,63.771881,38.635380,-0.253133,-0.485655
10.2200,8,62.528975,39.339587,0.413210,0.171320
10.2200,9,63.211523,38.931472,0.203224,0.930106
10.2400,0,114.313016,38.161142,-0.142825,0.321713
10.2400,1,113.771926,38.169487,0.130040,-1.040322
10.2400,2,115.710716,38.095431,0.216241,0.545357
10.2400,3,113.266070,38.230898,0.000000,0.000000
10.2400,4,114.911953,38.125943,-0.135892,0.131913
10.2400,5,64.299947,38.413672,0.000000,0.000000
10.2400,6,64.936958,37.923762,-0.186429,-0.708748
10.2400,7,63.755861,38.607208,-1.003676,-1.745832
10.2400,8,62.532492,39.336372,0.239869,0.028566
10.2400,9,63.211634,38.941957,-0.164628,0.155182
10.2600,0,114.309065,38.149237,-0.236687,-1.482977
10.2600,1,113.774866,38.166959,0.152353,0.758854
10.2600,2,115.709096,38.088581,-0.334419,-0.583756
10.2600,3,113.266070,38.230898,0.000000,0.000000
10.2600,4,114.914654,38.122489,0.407498,0.126536
10.2600,5,64.299947,38.413672,0.000000,0.000000
10.2600,6,64.941126,37.929134,0.256093,0.640666
10.2600,7,63.744464,38.587030,-0.153393,-0.307542
10.2600,8,62.532557,39.330551,0.069837,-0.088899
10.2600,9,63.205711,38.938596,-0.111809,0.044195
10.2800,0,114.305189,38.126954,-0.113388,-0.121115
10.2800,1,113.776716,38.174190,0.027734,-0.004758
10.2800,2,115.703262,38.083366,-0.270229,-0.517056
10.2800,3,113.266070,38.230898,0.000000,0.000000
10.2800,4,114.921973,38.119186,0.314621,-0.432464
10.2800,5,64.299947,38.413672,0.000000,0.000000
10.2800,6,64.941033,37.938406,0.157509,0.745144
10.2800,7,63.749066,38.593847,0.596130,0.967805
10.2800,8,62.535073,39.332450,-0.118431,-0.237328
10.2800,9,63.207256,38.943748,0.254088,0.447931
10.3000,0,114.304777,38.142888,0.075453,1.702241
10.3000,1,113.775911,38.167545,-0.084623,-0.061018
10.3000,2,115.699423,38.091738,-0.138953,0.706302
10.3000,3,113.266070,38.230898,0.000000,0.000000
10.3000,4,114.927408,38.117423,0.197188,-0.351749
10.3000,5,64.299947,38.413672,0.000000,0.000000
10.3000,6,64.938519,37.933683,-0.399809,-1.184323
10.3000,7,63.767907,38.625493,0.949291,1.629844
10.3000,8,62.534234,39.331968,0.024215,0.167050
10.3000,9,63.209536,38.945810,0.274649,0.280363
10.3200,0,114.307062,38.169363,0.121830,0.322977
10.3200,1,113.773564,38.170786,-0.165738,-0.228988
10.3200,2,115.697269,38.100068,-0.051296,0.706160
10.3200,3,113.266070,38.230898,0.000000,0.000000
10.3200,4,114.930204,38.116511,0.056105,-0.342669
10.3200,5,64.299947,38.413672,0.000000,0.000000
10.3200,6,64.934280,37.917654,-0.142320,-0.374049
10.3200,7,63.774470,38.637853,-0.264856,-0.346222
10.3200,8,62.530098,39.328759,-0.131792,0.031235
10.3200,9,63.205213,38.932942,-0.367606,-0.976244
10.3400,0,114.309417,38.157689,0.104779,-1.477407
10.3400,1,113.770217,38.170570,-0.182903,-0.398376
10.3400,2,115.696343,38.096158,-0.041207,-1.068746
10.3400,3,113.266070,38.230898,0.000000,0.000000
10.3400,4,114.930203,38.115446,-0.077139,-0.359454
10.3400,5,64.299947,38.413672,0.000000,0.000000
10.3400,6,64.939286,37.929391,0.295978,0.942760
10.3400,7,63.758258,38.612814,-1.003786,-1.575028
10.3400,8,62.528925,39.332886,-0.281209,-0.132646
10.3400,9,63.207346,38.928697,0.561336,0.533273
10.3600,0,114.311916,38.136282,0.132611,-0.711151
10.3600,1,113.767184,38.167725,-0.135942,-0.498551
10.3600,2,115.696611,38.082401,0.064211,-0.341616
10.3600,3,113.266070,38.230898,0.000000,0.000000
10.3600,4,114.928432,38.127436,-0.121247,0.893431
10.3600,5,64.299947,38.413672,0.000000,0.000000
10.3600,6,64.937357,37.929904,-0.478835,-0.857545
10.3600,7,63.747236,38.596040,-0.119969,-0.152098
10.3600,8,62.525010,39.333749,-0.409320,-0.300588
10.3600,9,63.220626,38.942759,0.463250,0.361322
10.3800,0,114.314864,38.141261,0.152763,1.175959
10.3800,1,113.765542,38.162998,-0.048994,-0.593654
10.3800,2,115.699277,38.093992,0.171825,0.855605
10.3800,3,113.266070,38.230898,0.000000,0.000000
10.3800,4,114.924609,38.126754,-0.252004,-0.933520
10.3800,5,64.299947,38.413672,0.000000,0.000000
10.3800,6,64.929638,37.921573,-0.202227,-0.088069
10.3800,7,63.752980,38.605637,0.681606,1.100925
10.3800,8,62.523143,39.328754,-0.089615,-0.703938
10.3800,9,63.215116,38.935194,-0.985821,-1.104456
10.4000,0,114.316696,38.157874,0.028802,0.516185
10.4000,1,113.766273,38.168847,0.120100,1.152447
10.4000,2,115.702342,38.092899,0.132636,-0.934188
10.4000,3,113.266070,38.230898,0.000000,0.000000
10.4000,4,114.919744,38.115397,-0.228980,-0.234590
10.4000,5,64.299947,38.413672,0.000000,0.000000
10.4000,6,64.939501,37.934081,0.832439,0.744265
10.4000,7,63.761181,38.618034,0.155831,0.177663
10.4000,8,62.529265,39.329743,0.686101,0.780474
10.4000,9,63.199095,38.918325,-0.299654,-0.052271
10.4200,0,114.315474,38.149312,-0.147666,-1.350493
10.4200,1,113.769170,38.182978,0.163403,0.300396
10.4200,2,115.705514,38.081696,0.180066,-0.220321
10.4200,3,113.266070,38.230898,0.000000,0.000000
10.4200,4,114.916207,38.129446,-0.147857,0.976225
10.4200,5,64.299947,38.413672,0.000000,0.000000
10.4200,6,64.945666,37.932388,-0.299163,-0.809487
10.4200,7,63.759578,38.613750,-0.004256,-0.073217
10.4200,8,62.537644,39.337879,0.167623,0.062690
10.4200,9,63.202513,38.931641,0.635598,1.366639
10.4400,0,114.312051,38.129351,-0.161186,-0.023932
10.4400,1,113.771974,38.169121,0.133454,-0.999571
10.4400,2,115.709915,38.095598,0.230249,0.965835
10.4400,3,113.266070,38.230898,0.000000,0.000000
10.4400,4,114.912931,38.130300,-0.176283,-0.858430
10.4400,5,64.299947,38.413672,0.000000,0.000000
10.4400,6,64.941341,37.924974,-0.146866,0.034535
10.4400,7,63.760581,38.614697,-0.208281,-0.360455
10.4400,8,62.536246,39.332769,-0.005293,-0.056072
10.4400,9,63.211440,38.950354,0.277130,0.537274
10.4600,0,114.309332,38.147471,-0.097514,1.817222
10.4600,1,113.775007,38.168221,0.157940,0.866958
10.4600,2,115.708572,38.096710,-0.346763,-0.824670
10.4600,3,113.266070,38.230898,0.000000,0.000000
10.4600,4,114.915363,38.120757,0.394239,-0.133299
10.4600,5,64.299947,38.413672,0.000000,0.000000
10.4600,6,64.939585,37.933017,-0.235138,0.147887
10.4600,7,63.757573,38.610046,-0.402440,-0.635599
10.4600,8,62.531456,39.325304,-0.169500,-0.172216
10.4600,9,63.207531,38.942797,-0.653760,-1.262832
10.4800,0,114.307603,38.176140,-0.091120,0.439041
10.4800,1,113.776914,38.176784,0.028571,0.011313
10.4800,2,115.702563,38.087559,-0.252072,-0.125111
10.4800,3,113.266070,38.230898,0.000000,0.000000
10.4800,4,114.922877,38.123993,0.320815,-0.146121
10.4800,5,64.299947,38.413672,0.000000,0.000000
10.4800,6,64.934236,37.929826,0.008399,0.078535
10.4800,7,63.757764,38.611619,0.410651,0.769682
10.4800,8,62.529418,39.325616,-0.330706,-0.310465
10.4800,9,63.198455,38.922742,0.052472,-0.208044
10.5000,0,114.306081,38.166987,-0.056577,-1.313208
10.5000,1,113.776113,38.169090,-0.082984,-0.168112
10.5000,2,115.698582,38.091122,-0.168873,-0.095622
10.5000,3,113.266070,38.230898,0.000000,0.000000
10.5000,4,114.927823,38.115166,0.193140,-0.140282
10.5000,5,64.299947,38.413672,0.000000,0.000000
10.5000,6,64.935177,37.923274,-0.009315,-0.621533
10.5000,7,63.760691,38.618101,-0.098616,-0.098604
10.5000,8,62.530822,39.334234,0.139598,0.597458
10.5000,9,63.208661,38.933233,0.952032,1.241112
10.5200,0,114.305881,38.136721,0.056470,-1.144940
10.5200,1,113.773802,38.170413,-0.161798,-0.286509
10.5200,2,115.695885,38.084188,-0.076216,-0.022142
10.5200,3,113.266070,38.230898,0.000000,0.000000
10.5200,4,114.930510,38.118353,0.050388,-0.121107
10.5200,5,64.299947,38.413672,0.000000,0.000000
10.5200,6,64.936038,37.918865,-0.216799,-0.365008
10.5200,7,63.754152,38.607888,-0.238883,-0.395956
10.5200,8,62.529083,39.339077,-0.007670,0.404447
10.5200,9,63.223226,38.950046,0.195193,-0.079020
10.5400,0,114.308552,38.133335,0.198523,0.758448
10.5400,1,113.770534,38.170199,-0.177690,-0.346253
10.5400,2,115.695495,38.089663,0.011151,-0.013554
10.5400,3,113.266070,38.230898,0.000000,0.000000
10.5400,4,114.930439,38.122450,-0.079322,-0.069053
10.5400,5,64.299947,38.413672,0.000000,0.000000
10.5400,6,64.939628,37.930772,0.228790,0.950684
10.5400,7,63.757662,38.613301,0.581775,0.922141
10.5400,8,62.524677,39.340136,-0.013950,0.158021
10.5400,9,63.217017,38.931451,-0.920297,-1.691634
10.5600,0,114.312799,38.153551,0.190181,0.660538
10.5600,1,113.767561,38.168457,-0.135906,-0.459446
10.5600,2,115.696743,38.095363,0.086316,-0.000300
10.5600,3,113.266070,38.230898,0.000000,0.000000
10.5600,4,114.928120,38.127859,-0.146896,0.572470
10.5600,5,64.299947,38.413672,0.000000,0.000000
10.5600,6,64.936440,37.931428,-0.537662,-0.851211
10.5600,7,63.764167,38.622524,0.085937,0.040127
10.5600,8,62.524501,39.334126,0.186623,-0.170737
10.5600,9,63.203915,38.916713,-0.290962,0.115247
10.5800,0,114.315230,38.147603,0.074098,-0.573648
10.5800,1,113.765873,38.163957,-0.053415,-0.604679
10.5800,2,115.698847,38.090160,0.145277,0.060376
10.5800,3,113.266070,38.230898,0.000000,0.000000
10.5800,4,114.923832,38.120527,-0.245404,-0.633185
10.5800,5,64.299947,38.413672,0.000000,0.000000
10.5800,6,64.931537,37.920196,-0.070467,-0.226705
10.5800,7,63.761374,38.615716,-0.056236,-0.190862
10.5800,8,62.529587,39.334391,0.019811,-0.316416
10.5800,9,63.207208,38.933420,0.616415,1.536448
10.6000,0,114.316062,38.143070,-0.020083,-0.497732
10.6000,1,113.766492,38.169799,0.113450,1.159665
10.6000,2,115.701922,38.086179,0.183223,0.119801
10.6000,3,113.266070,38.230898,0.000000,0.000000
10.6000,4,114.919126,38.114507,-0.243826,-0.572758
10.6000,5,64.299947,38.413672,0.000000,0.000000
10.6000,6,64.939989,37.933136,0.662703,0.845433
10.6000,7,63.761636,38.614696,0.067649,0.075085
10.6000,8,62.531503,39.332260,0.157389,0.080115
10.6000,9,63.215756,38.955740,-0.070798,0.158248
10.6200,0,114.315452,38.152490,-0.067182,0.757216
10.6200,1,113.769282,38.184567,0.159418,0.349015
10.6200,2,115.706024,38.094462,0.199202,0.127598
10.6200,3,113.266070,38.230898,0.000000,0.000000
10.6200,4,114.915364,38.122306,-0.129291,1.316419
10.6200,5,64.299947,38.413672,0.000000,0.000000
10.6200,6,64.940950,37.934849,-0.545606,-0.648369
10.6200,7,63.757719,38.607876,-0.140460,-0.218554
10.6200,8,62.529853,39.327295,-0.018095,-0.055434
10.6200,9,63.205284,38.941145,-0.958665,-1.587275
10.6400,0,114.312524,38.147817,-0.189198,-0.535701
10.6400,1,113.771953,38.171248,0.096578,-1.656378
10.6400,2,115.709792,38.091667,0.199634,0.171847
10.6400,3,113.266070,38.230898,0.000000,0.000000
10.6400,4,114.912986,38.141363,-0.132104,-0.011761
10.6400,5,64.299947,38.413672,0.000000,0.000000
10.6400,6,64.935982,37.927373,0.024558,-0.124417
10.6400,7,63.762782,38.617590,0.303722,0.603605
10.6400,8,62.530740,39.329879,-0.189233,-0.197617
10.6400,9,63.190415,38.914705,-0.224318,-0.529924
10.6600,0,114.308755,38.143587,-0.200140,-0.485824
10.6600,1,113.774234,38.157263,0.118477,0.205854
10.6600,2,115.708383,38.089976,-0.299298,0.240489
10.6600,3,113.266070,38.230898,0.000000,0.000000
10.6600,4,114.915207,38.122993,0.331144,-1.802515
10.6600,5,64.299947,38.413672,0.000000,0.000000
10.6600,6,64.939587,37.930826,0.118901,-0.144587
10.6600,7,63.763889,38.621795,0.127808,0.354997
10.6600,8,62.528509,39.329877,-0.331565,-0.318612
10.6600,9,63.195362,38.918601,0.700707,0.899390
10.6800,0,114.305615,38.140787,-0.129019,-0.413839
10.6800,1,113.776366,38.178702,0.065034,1.263888
10.6800,2,115.702778,38.089556,-0.233015,0.298914
10.6800,3,113.266070,38.230898,0.000000,0.000000
10.6800,4,114.921615,38.095150,0.323468,-0.383385
10.6800,5,64.299947,38.413672,0.000000,0.000000
10.6800,6,64.936890,37.925189,-0.069731,0.117943
10.6800,7,63.761749,38.620995,-0.027177,0.089390
10.6800,8,62.523558,39.327360,-0.464015,-0.454468
10.6800,9,63.217872,38.950158,1.212504,1.689180
10.7000,0,114.304914,38.151818,0.033323,0.830613
10.7000,1,113.775890,38.183320,-0.108847,-0.765604
10.7000,2,115.698685,38.090358,-0.149289,0.358870
10.7000,3,113.266070,38.230898,0.000000,0.000000
10.7000,4,114.927790,38.106204,0.282934,1.459813
10.7000,5,64.299947,38.413672,0.000000,0.000000
10.7000,6,64.938703,37.933248,0.034705,0.073537
10.7000,7,63.756491,38.614257,-0.184342,-0.236999
10.7000,8,62.522404,39.332752,0.336005,0.964896
10.7000,9,63.231320,38.965167,0.155145,-0.140593
10.7200,0,114.305887,38.148975,0.060749,-1.079650
10.7200,1,113.772684,38.161662,-0.181957,-0.809816
10.7200,2,115.696367,38.092056,-0.058286,0.382762
10.7200,3,113.266070,38.230898,0.000000,0.000000
10.7200,4,114.932142,38.139832,0.127196,1.323995
10.7200,5,64.299947,38.413672,0.000000,0.000000
10.7200,6,64.938371,37.928768,0.147065,0.094099
10.7200,7,63.754337,38.611245,-0.340747,-0.587793
10.7200,8,62.528613,39.341333,0.290939,-0.064917
10.7200,9,63.220042,38.948103,-1.256855,-1.555531
10.7400,0,114.308190,38.134582,0.158388,-0.395530
10.7400,1,113.769489,38.163777,-0.127510,0.989798
10.7400,2,115.695842,38.093932,0.028775,0.384009
10.7400,3,113.266070,38.230898,0.000000,0.000000
10.7400,4,114.932419,38.147596,-0.093550,-0.510156
10.7400,5,64.299947,38.413672,0.000000,0.000000
10.7400,6,64.936210,37.927665,-0.044098,0.332865
10.7400,7,63.756058,38.613393,0.498222,0.786831
10.7400,8,62.529841,39.333683,0.133419,-0.178099
10.7400,9,63.199054,38.922905,-0.527292,-0.436440
10.7600,0,114.312249,38.145146,0.234911,1.439348
10.7600,1,113.767072,38.175174,-0.104632,0.175658
10.7600,2,115.696958,38.095891,0.105195,0.397449
10.7600,3,113.266070,38.230898,0.000000,0.000000
10.7600,4,114.928692,38.120454,-0.242919,-1.549806
10.7600,5,64.299947,38.413672,0.000000,0.000000
10.7600,6,64.934188,37.927450,-0.148994,-0.321169
10.7600,7,63.760766,38.620264,-0.012087,-0.070462
10.7600,8,62.534015,39.334456,0.270333,0.233276
10.7600,9,63.198210,38.928933,0.431021,1.012220
10.7800,0,114.316095,38.166761,0.115955,0.120024
10.7800,1,113.765615,38.170983,-0.013767,0.013217
10.7800,2,115.698913,38.086119,0.114268,-0.728120
10.7800,3,113.266070,38.230898,0.000000,0.000000
10.7800,4,114.924054,38.109367,-0.214429,0.400107
10.7800,5,64.299947,38.413672,0.000000,0.000000
10.7800,6,64.936327,37.925712,-0.052698,-0.318803
10.7800,7,63.755784,38.611020,-0.178616,-0.331743
10.7800,8,62.534574,39.332633,0.085696,0.097629
10.7800,9,63.209441,38.951469,0.397930,0.733538
10.8000,0,114.316699,38.151148,-0.059147,-1.679199
10.8000,1,113.766617,38.175495,0.087741,-0.160143
10.8000,2,115.702399,38.090539,0.203086,0.519088
10.8000,3,113.266070,38.230898,0.000000,0.000000
10.8000,4,114.920397,38.135302,-0.170706,1.539429
10.8000,5,64.299947,38.413672,0.000000,0.000000
10.8000,6,64.936368,37.927043,-0.150603,-0.171030
10.8000,7,63.760062,38.618107,0.260610,0.449648
10.8000,8,62.531493,39.328082,-0.089377,-0.034662
10.8000,9,63.207928,38.947738,-0.534278,-1.075282
10.8200,0,114.314875,38.125060,-0.094056,-0.312843
10.8200,1,113.768859,38.165428,0.150504,-0.235419
10.8200,2,115.706391,38.095081,0.217273,0.514234
10.8200,3,113.266070,38.230898,0.000000,0.000000
10.8200,4,114.916438,38.147074,-0.218858,-0.318583
10.8200,5,64.299947,38.413672,0.000000,0.000000
10.8200,6,64.936647,37.929606,-0.038574,-0.187807
10.8200,7,63.760270,38.618813,0.079791,0.160127
10.8200,8,62.530955,39.330983,-0.260745,-0.189010
10.8200,9,63.201127,38.931179,-0.165861,-0.605701
10.8400,0,114.313073,38.136943,-0.084702,1.480402
10.8400,1,113.772302,38.165986,0.159450,-0.324410
10.8400,2,115.709969,38.087282,0.165556,-0.645436
10.8400,3,113.266070,38.230898,0.000000,0.000000
10.8400,4,114.911834,38.123720,-0.236364,-2.001791
10.8400,5,64.299947,38.413672,0.000000,0.000000
10.8400,6,64.939259,37.932493,0.289528,0.445160
10.8400,7,63.757206,38.614017,-0.068545,-0.108120
10.8400,8,62.527300,39.330960,-0.401742,-0.329416
10.8400,9,63.207292,38.934240,0.765061,0.893777
10.8600,0,114.310707,38.159310,-0.136494,0.796183
10.8600,1,113.775245,38.164204,0.100917,-0.469648
10.8600,2,115.708380,38.081167,-0.332845,-0.545999
10.8600,3,113.266070,38.230898,0.000000,0.000000
10.8600,4,114.913223,38.091826,0.376335,-0.594060
10.8600,5,64.299947,38.413672,0.000000,0.000000
10.8600,6,64.937192,37.923554,-0.152733,-0.733705
10.8600,7,63.757304,38.614024,-0.230572,-0.420130
10.8600,8,62.521002,39.328016,-0.524802,-0.480765
10.8600,9,63.218307,38.944400,0.346881,0.151869
10.8800,0,114.307705,38.157179,-0.151905,-0.986273
10.8800,1,113.777065,38.172418,0.048261,0.607134
10.8800,2,115.703107,38.089268,-0.192262,1.323510
10.8800,3,113.266070,38.230898,0.000000,0.000000
10.8800,4,114.921121,38.098371,0.401527,1.219859
10.8800,5,64.299947,38.413672,0.000000,0.000000
10.8800,6,64.941999,37.928454,0.286271,0.618357
10.8800,7,63.754402,38.607900,-0.373154,-0.719950
10.8800,8,62.523304,39.330537,0.728575,0.717945
10.8800,9,63.210469,38.932495,-0.772295,-0.764510
10.9000,0,114.305990,38.145276,-0.018992,-0.246427
10.9000,1,113.776638,38.176938,-0.063401,0.464097
10.9000,2,115.699745,38.108867,-0.166492,0.046188
10.9000,3,113.266070,38.230898,0.000000,0.000000
10.9000,4,114.928814,38.139964,0.330880,2.287282
10.9000,5,64.299947,38.413672,0.000000,0.000000
10.9000,6,64.942476,37.937306,0.080884,0.804711
10.9000,7,63.755365,38.607547,0.451352,0.663396
10.9000,8,62.532542,39.337278,0.211659,-0.011519
10.9000,9,63.204981,38.932935,0.212312,0.777370
10.9200,0,114.306928,38.145780,0.083316,-0.314267
10.9200,1,113.774281,38.178974,-0.139669,0.349847
10.9200,2,115.696555,38.092090,-0.151584,-1.700583
10.9200,3,113.266070,38.230898,0.000000,0.000000
10.9200,4,114.933122,38.165864,0.100742,0.347776
10.9200,5,64.299947,38.413672,0.000000,0.000000
10.9200,6,64.938486,37.933731,-0.470349,-1.129448
10.9200,7,63.765086,38.622415,0.211886,0.312578
10.9200,8,62.532064,39.330701,0.042780,-0.126096
10.9200,9,63.205743,38.940536,-0.119963,0.002973
10.9400,0,114.309579,38.144712,0.145928,-0.391046
10.9400,1,113.770418,38.165623,-0.208916,-1.007799
10.9400,2,115.694679,38.065754,-0.012381,-0.350670
10.9400,3,113.266070,38.230898,0.000000,0.000000
10.9400,4,114.932986,38.155586,-0.108509,-1.351701
10.9400,5,64.299947,38.413672,0.000000,0.000000
10.9400,6,64.932909,37.918742,-0.101367,-0.403453
10.9400,7,63.757564,38.609343,-0.609574,-1.017538
10.9400,8,62.534052,39.331881,-0.140175,-0.266168
10.9400,9,63.200560,38.933626,-0.090497,-0.164228
10.9600,0,114.312857,38.143046,0.145187,-0.369405
10.9600,1,113.767322,38.163879,-0.092816,0.792585
10.9600,2,115.695406,38.065272,0.085396,0.274059
10.9600,3,113.266070,38.230898,0.000000,0.000000
10.9600,4,114.929049,38.112606,-0.250942,-2.298390
10.9600,5,64.299947,38.413672,0.000000,0.000000
10.9600,6,64.938697,37.929918,0.333221,0.915953
10.9600,7,63.753671,38.603518,0.203713,0.400859
10.9600,8,62.532848,39.330930,0.007226,0.145389
10.9600,9,63.202033,38.933953,-0.071720,-0.328211
10.9800,0,114.315523,38.142339,0.089444,-0.297971
10.9800,1,113.766008,38.171134,-0.033945,-0.045623
10.9800,2,115.698031,38.077091,0.175402,0.883515
10.9800,3,113.266070,38.230898,0.000000,0.000000
10.9800,4,114.924301,38.087588,-0.216413,-0.259716
10.9800,5,64.299947,38.413672,0.000000,0.000000
10.9800,6,64.937481,37.929917,-0.444827,-0.882027
10.9800,7,63.765352,38.624729,0.621621,1.137025
10.9800,8,62.528166,39.326906,-0.457913,-0.523481
10.9800,9,63.203667,38.931118,-0.079254,-0.483655
11.0000,0,114.316716,38.143217,0.000580,-0.235609
11.0000,1,113.766624,38.175118,0.069569,-0.169387
11.0000,2,115.702190,38.100104,0.212161,0.838328
11.0000,3,113.266070,38.230898,0.000000,0.000000
11.0000,4,114.920714,38.100741,-0.140355,1.537462
11.0000,5,64.299947,38.413672,0.000000,0.000000
11.0000,6,64.930406,37.921122,-0.171933,-0.109830
11.0000,7,63.765996,38.627613,-0.533780,-0.815740
11.0000,8,62.527147,39.331374,0.343863,0.942772
11.0000,9,63.211339,38.936414,0.497246,0.427535
11.0200,0,114.316000,38.144925,-0.096686,-0.208076
11.0200,1,113.768532,38.164604,0.136786,-0.283374
11.0200,2,115.705898,38.098764,0.156756,-0.949359
11.0200,3,113.266070,38.230898,0.000000,0.000000
11.0200,4,114.918248,38.135674,-0.126468,1.371125
11.0200,5,64.299947,38.413672,0.000000,0.000000
11.0200,6,64.938898,37.934739,0.663569,0.874896
11.0200,7,63.751400,38.604111,-0.610261,-1.016781
11.0200,8,62.529086,39.342317,-0.128638,0.181632
11.0200,9,63.217296,38.938053,0.411578,0.285046
11.0400,0,114.313593,38.146760,-0.164030,-0.224984
11.0400,1,113.772273,38.176796,0.199855,0.815653
11.0400,2,115.708902,38.075422,0.135290,-1.423417
11.0400,3,113.266070,38.230898,0.000000,0.000000
11.0400,4,114.915294,38.144005,-0.163915,-0.500785
11.0400,5,64.299947,38.413672,0.000000,0.000000
11.0400,6,64.943868,37.934059,-0.249959,-0.838633
11.0400,7,63.747950,38.597486,0.248112,0.329459
11.0400,8,62.526841,39.336677,0.193912,-0.218027
11.0400,9,63.217266,38.940156,-0.085423,0.452278
11.0600,0,114.310250,38.148032,-0.181956,-0.244086
11.0600,1,113.775114,38.172272,0.075086,-1.241709
11.0600,2,115.709935,38.066614,-0.030196,0.512816
11.0600,3,113.266070,38.230898,0.000000,0.000000
11.0600,4,114.914257,38.116571,0.077538,-1.589122
11.0600,5,64.299947,38.413672,0.000000,0.000000
11.0600,6,64.940483,37.926085,-0.102042,0.007750
11.0600,7,63.760616,38.616650,0.672283,1.013648
11.0600,8,62.526174,39.326012,0.040166,-0.327741
11.0600,9,63.205908,38.931452,-0.703304,-0.739609
11.0800,0,114.307224,38.150145,-0.137146,-0.146876
11.0800,1,113.775947,38.153365,0.029302,-0.029235
11.0800,2,115.710291,38.094606,0.039441,1.646249
11.0800,3,113.266070,38.230898,0.000000,0.000000
11.0800,4,114.916586,38.104968,0.147104,0.379400
11.0800,5,64.299947,38.413672,0.000000,0.000000
11.0800,6,64.939581,37.933617,-0.194396,0.123469
11.0800,7,63.762049,38.616853,-0.511100,-0.955133
11.0800,8,62.534597,39.334245,0.469039,0.581582
11.0800,9,63.201861,38.931947,0.284338,0.756980
11.1000,0,114.305547,38.154646,-0.029456,0.562183
11.1000,1,113.776061,38.169951,-0.014381,1.664116
11.1000,2,115.710523,38.108654,-0.014385,-0.211855
11.1000,3,113.266070,38.230898,0.000000,0.000000
11.1000,4,114.919942,38.130610,0.157007,1.516647
11.1000,5,64.299947,38.413672,0.000000,0.000000
11.1000,6,64.934908,37.930080,-0.058226,0.138241
11.1000,7,63.753632,38.601338,-0.010879,-0.046612
11.1000,8,62.532563,39.328081,-0.334463,-0.619330
11.1000,9,63.204190,38.939098,-0.034140,-0.012929
11.1200,0,114.304930,38.146116,-0.006078,-0.742890
11.1200,1,113.774628,38.194354,-0.146938,0.164013
11.1200,2,115.709777,38.087158,-0.033315,-1.297845
11.1200,3,113.266070,38.230898,0.000000,0.000000
11.1200,4,114.921746,38.141298,0.024374,-0.402904
11.1200,5,64.299947,38.413672,0.000000,0.000000
11.1200,6,64.932816,37.926794,0.064073,0.149674
11.1200,7,63.760962,38.613802,0.730549,1.275113
11.1200,8,62.533688,39.330766,0.432750,0.859640
11.1200,9,63.206892,38.942478,-0.006558,-0.177282
11.1400,0,114.306138,38.149996,0.093315,0.464062
11.1400,1,113.770677,38.178473,-0.240919,-1.737783
11.1400,2,115.710180,38.080545,0.071907,0.606914
11.1400,3,113.266070,38.230898,0.000000,0.000000
11.1400,4,114.920994,38.115915,-0.070052,-1.477166
11.1400,5,64.299947,38.413672,0.000000,0.000000
11.1400,6,64.941113,37.932429,0.339504,-0.043431
11.1400,7,63.769671,38.630064,-0.167002,-0.180392
11.1400,8,62.537356,39.340818,0.242937,0.669137
11.1400,9,63.203808,38.932122,0.000574,-0.329661
11.1600,0,114.307947,38.153674,0.107265,0.526162
11.1600,1,113.766265,38.150236,-0.167150,-0.467229
11.1600,2,115.712059,38.098112,0.090219,0.573700
11.1600,3,113.266070,38.230898,0.000000,0.000000
11.1600,4,114.920052,38.106338,-0.022805,0.478454
11.1600,5,64.299947,38.413672,0.000000,0.000000
11.1600,6,64.942602,37.928711,0.128593,0.208879
11.1600,7,63.755197,38.607794,-0.929254,-1.464358
11.1600,8,62.531208,39.336348,-0.838415,-1.089249
11.1600,9,63.213013,38.940246,0.577031,0.567524
11.1800,0,114.309053,38.146018,0.027092,-0.624546
11.1800,1,113.764194,38.157705,-0.036044,1.194665
11.1800,2,115.713252,38.091750,0.029200,-1.184358
11.1800,3,113.266070,38.230898,0.000000,0.000000
11.1800,4,114.920146,38.133784,0.007474,1.611370
11.1800,5,64.299947,38.413672,0.000000,0.000000
11.1800,6,64.940081,37.929791,-0.061500,0.436550
11.1800,7,63.745447,38.592837,-0.059869,-0.069653
11.1800,8,62.516929,39.319469,-0.282566,-0.079237
11.1800,9,63.214332,38.933797,-0.429733,-1.174118
11.2000,0,114.309408,38.139790,-0.020923,-0.637873
11.2000,1,113.764525,38.184864,0.050782,0.939615
11.2000,2,115.714221,38.075559,0.091008,0.144735
11.2000,3,113.266070,38.230898,0.000000,0.000000
11.2000,4,114.919440,38.146785,-0.074188,-0.273754
11.2000,5,64.299947,38.413672,0.000000,0.000000
11.2000,6,64.938009,37.932110,0.162751,0.341062
11.2000,7,63.752522,38.604260,0.753157,1.201052
11.2000,8,62.523839,39.329632,0.947446,1.080902
11.2000,9,63.204520,38.918779,-0.226501,0.192892
11.2200,0,114.309243,38.145505,0.005134,1.189188
11.2200,1,113.765726,38.183414,0.065158,-1.051866
11.2200,2,115.716799,38.096288,0.139117,1.288831
11.2200,3,113.266070,38.230898,0.000000,0.000000
11.2200,4,114.917297,38.124143,-0.137704,-1.976094
11.2200,5,64.299947,38.413672,0.000000,0.000000
11.2200,6,64.940112,37.932710,0.262902,0.334971
11.2200,7,63.762056,38.618609,0.213812,0.267758
11.2200,8,62.537298,39.343338,0.413915,0.320792
11.2200,9,63.209119,38.937075,0.351460,1.049303
11.2400,0,114.308755,38.162433,-0.041895,0.563893
11.2400,1,113.767265,38.155970,0.100731,-1.108148
11.2400,2,115.713697,38.103553,-0.430584,-0.527386
11.2400,3,113.266070,38.230898,0.000000,0.000000
11.2400,4,114.920121,38.092621,0.421815,-0.580182
11.2400,5,64.299947,38.413672,0.000000,0.000000
11.2400,6,64.940153,37.936170,0.060477,0.548643
11.2400,7,63.761311,38.615755,0.025643,-0.015380
11.2400,8,62.534325,39.332194,-0.695123,-1.405441
11.2400,9,63.206148,38.939019,-0.623503,-0.819014
11.2600,0,114.307488,38.156276,-0.075097,-1.153390
11.2600,1,113.769908,38.151125,0.155581,0.591039
11.2600,2,115.705099,38.076465,-0.397362,-1.542426
11.2600,3,113.266070,38.230898,0.000000,0.000000
11.2600,4,114.928460,38.099315,0.397681,1.227155
11.2600,5,64.299947,38.413672,0.000000,0.000000
11.2600,6,64.935760,37.927703,-0.261171,-0.711881
11.2600,7,63.756922,38.607605,-0.149796,-0.267448
11.2600,8,62.522569,39.309585,-0.176878,-0.336054
11.2600,9,63.197678,38.927322,-0.234483,-0.370451
11.2800,0,114.307129,38.141553,0.040617,-0.383009
11.2800,1,113.773225,38.179527,0.146399,1.588581
11.2800,2,115.699017,38.065378,-0.240183,-0.222242
11.2800,3,113.266070,38.230898,0.000000,0.000000
11.2800,4,114.935626,38.141450,0.288067,2.338421
11.2800,5,64.299947,38.413672,0.000000,0.000000
11.2800,6,64.933923,37.919993,-0.141823,-0.675348
11.2800,7,63.761855,38.616324,0.295903,0.546193
11.2800,8,62.526668,39.317663,0.574074,1.118095
11.2800,9,63.202951,38.934928,0.743890,1.105464
11.3000,0,114.309634,38.151997,0.178854,0.733806
11.3000,1,113.774852,38.190406,0.019505,-0.456242
11.3000,2,115.695428,38.067227,-0.119378,0.366294
11.3000,3,113.266070,38.230898,0.000000,0.000000
11.3000,4,114.938860,38.168892,0.039680,0.453182
11.3000,5,64.299947,38.413672,0.000000,0.000000
11.3000,6,64.938940,37.926005,0.630067,1.243180
11.3000,7,63.762521,38.618754,0.090992,0.235776
11.3000,8,62.538685,39.342347,0.334631,0.840754
11.3000,9,63.213995,38.948794,0.373016,0.313072
11.3200,0,114.313593,38.159121,0.236160,0.612919
11.3200,1,113.774037,38.161950,-0.072813,-1.721286
11.3200,2,115.694754,38.091751,0.024690,1.445807
11.3200,3,113.266070,38.230898,0.000000,0.000000
11.3200,4,114.937376,38.160668,-0.182649,-1.251963
11.3200,5,64.299947,38.413672,0.000000,0.000000
11.3200,6,64.947742,37.944622,0.030946,0.002183
11.3200,7,63.759407,38.615121,-0.080887,-0.062503
11.3200,8,62.534199,39.341008,-0.761308,-0.943680
11.3200,9,63.211489,38.936968,-0.610939,-1.461155
11.3400,0,114.317524,38.152507,0.147830,-1.222736
11.3400,1,113.773078,38.145778,-0.020891,0.057634
11.3400,2,115.695381,38.101510,0.037158,-0.428255
11.3400,3,113.266070,38.230898,0.000000,0.000000
11.3400,4,114.931885,38.119126,-0.330002,-2.254586
11.3400,5,64.299947,38.413672,0.000000,0.000000
11.3400,6,64.938706,37.928856,-0.916105,-1.556354
11.3400,7,63.759457,38.616421,-0.220939,-0.333898
11.3400,8,62.521509,39.327100,-0.519334,-0.473674
11.3400,9,63.202565,38.913178,0.022539,-0.385149
11.3600,0,114.320279,38.136654,0.119098,-0.397572
11.3600,1,113.773341,38.163662,0.051894,1.719691
11.3600,2,115.696672,38.088415,0.112864,-0.299618
11.3600,3,113.266070,38.230898,0.000000,0.000000
11.3600,4,114.925673,38.094839,-0.280894,-0.216800
11.3600,5,64.299947,38.413672,0.000000,0.000000
11.3600,6,64.922677,37.907264,-0.367691,-0.065421
11.3600,7,63.757382,38.612893,-0.003078,-0.036394
11.3600,8,62.523973,39.329849,0.737326,0.730237
11.3600,9,63.207263,38.923308,0.448547,1.363349
11.3800,0,114.322431,38.148149,0.089916,1.512607
11.3800,1,113.774407,38.189160,0.030626,0.209994
11.3800,2,115.699705,38.088899,0.161822,-0.236012
11.3800,3,113.266070,38.230898,0.000000,0.000000
11.3800,4,114.920975,38.109077,-0.185605,1.608274
11.3800,5,64.299947,38.413672,0.000000,0.000000
11.3800,6,64.925471,37.923236,0.727478,1.556201
11.3800,7,63.758795,38.614372,-0.170909,-0.341379
11.3800,8,62.533352,39.336763,0.216422,-0.007263
11.3800,9,63.212050,38.942192,0.053338,0.551763
11.4000,0,114.322137,38.158028,-0.116150,-0.477082
11.4000,1,113.774585,38.173439,-0.017458,-1.768791
11.4000,2,115.703488,38.090334,0.188280,-0.202993
11.4000,3,113.266070,38.230898,0.000000,0.000000
11.4000,4,114.917362,38.133370,-0.169104,0.852865
11.4000,5,64.299947,38.413672,0.000000,0.000000
11.4000,6,64.940160,37.944680,0.419129,0.052390
11.4000,7,63.756759,38.610057,-0.345738,-0.618163
11.4000,8,62.532950,39.330241,0.045691,-0.124574
11.4000,9,63.203510,38.934887,-0.559371,-0.692347
11.4200,0,114.318515,38.143596,-0.214055,-0.364734
11.4200,1,113.774462,38.144295,0.024196,-0.515769
11.4200,2,115.707617,38.092856,0.220731,0.426276
11.4200,3,113.266070,38.230898,0.000000,0.000000
11.4200,4,114.913869,38.131618,-0.177492,-0.989013
11.4200,5,64.299947,38.413672,0.000000,0.000000
11.4200,6,64.940545,37.928362,-0.466732,-1.580962
11.4200,7,63.758026,38.611934,0.457599,0.783235
11.4200,8,62.535011,39.331497,-0.138146,-0.263016
11.4200,9,63.202502,38.936363,0.441506,0.810109
11.4400,0,114.313845,38.143448,-0.271168,-0.264349
11.4400,1,113.775217,38.150914,0.047060,1.148490
11.4400,2,115.711736,38.095859,0.084026,0.461982
11.4400,3,113.266070,38.230898,0.000000,0.000000
11.4400,4,114.911366,38.119490,0.054429,-0.267503
11.4400,5,64.299947,38.413672,0.000000,0.000000
11.4400,6,64.933040,37.906309,0.035719,-0.086755
11.4400,7,63.761507,38.618446,-0.088770,-0.102156
11.4400,8,62.533774,39.330523,0.003754,0.142934
11.4400,9,63.207826,38.944496,0.105264,0.033684
11.4600,0,114.308683,38.144689,-0.256353,-0.245948
11.4600,1,113.776225,38.190200,0.026735,2.124112
11.4600,2,115.707780,38.087402,-0.318125,-0.669721
11.4600,3,113.266070,38.230898,0.000000,0.000000
11.4600,4,114.917945,38.120260,0.432514,-0.253961
11.4600,5,64.299947,38.413672,0.000000,0.000000
11.4600,6,64.941415,37.923528,0.788780,1.775696
11.4600,7,63.754971,38.608457,-0.244561,-0.363221
11.4600,8,62.529238,39.326893,-0.151116,0.013824
11.4600,9,63.207012,38.938521,0.122693,-0.091137
11.4800,0,114.304458,38.145032,-0.183442,-0.345145
11.4800,1,113.775448,38.212064,-0.100339,0.116629
11.4800,2,115.702353,38.080583,-0.245978,-0.597209
11.4800,3,113.266070,38.230898,0.000000,0.000000
11.4800,4,114.925982,38.121547,0.333915,-0.221112
11.4800,5,64.299947,38.413672,0.000000,0.000000
11.4800,6,64.951105,37.953784,-0.026559,0.627485
11.4800,7,63.758293,38.615006,0.569148,1.003153
11.4800,8,62.527630,39.330639,-0.303868,-0.150884
11.4800,9,63.206302,38.930268,0.106699,-0.207157
11.5000,0,114.302102,38.143117,-0.072228,-0.452170
11.5000,1,113.772398,38.196385,-0.203446,-1.675391
11.5000,2,115.699064,38.087366,-0.082558,1.241548
11.5000,3,113.266070,38.230898,0.000000,0.000000
11.5000,4,114.931454,38.123614,0.181831,-0.175454
11.5000,5,64.299947,38.413672,0.000000,0.000000
11.5000,6,64.945212,37.946915,-0.554088,-1.282440
11.5000,7,63.764391,38.625857,0.060148,0.108906
11.5000,8,62.523265,39.331195,-0.430299,-0.310779
11.5000,9,63.210750,38.929779,0.026048,-0.365284
11.5200,0,114.302731,38.153078,0.103076,0.790588
11.5200,1,113.767927,38.158192,-0.218262,-1.580483
11.5200,2,115.698028,38.105283,-0.046086,-0.036316
11.5200,3,113.266070,38.230898,0.000000,0.000000
11.5200,4,114.933665,38.126938,0.038351,0.480313
11.5200,5,64.299947,38.413672,0.000000,0.000000
11.5200,6,64.933737,37.916698,-0.381838,-1.126420
11.5200,7,63.754591,38.608694,-0.694531,-1.233776
11.5200,8,62.527394,39.336992,0.496006,0.325601
11.5200,9,63.209027,38.929058,-0.487467,-0.239459
11.5400,0,114.304847,38.150125,0.100431,-1.044288
11.5400,1,113.764401,38.144549,-0.128283,0.169679
11.5400,2,115.697240,38.087171,-0.007296,-1.130737
11.5400,3,113.266070,38.230898,0.000000,0.000000
11.5400,4,114.932588,38.130544,-0.115152,0.484756
11.5400,5,64.299947,38.413672,0.000000,0.000000
11.5400,6,64.934191,37.914156,0.413297,0.838333
11.5400,7,63.749460,38.598432,0.159106,0.174672
11.5400,8,62.532519,39.336806,0.317154,0.175573
11.5400,9,63.208969,38.939556,0.147304,0.702694
11.5600,0,114.307491,38.137120,0.152631,-0.296023
11.5600,1,113.763087,38.164411,0.005091,1.806925
11.5600,2,115.698627,38.083757,0.141526,0.757673
11.5600,3,113.266070,38.230898,0.000000,0.000000
11.5600,4,114.928320,38.122029,-0.301668,-1.308911
11.5600,5,64.299947,38.413672,0.000000,0.000000
11.5600,6,64.943076,37.937479,0.270184,0.873644
11.5600,7,63.760208,38.614867,0.903665,1.462819
11.5600,8,62.534042,39.333790,0.137671,0.043407
11.5600,9,63.208962,38.946526,0.164070,0.523350
11.5800,0,114.310995,38.150076,0.160594,0.911794
11.5800,1,113.763965,38.191507,0.059547,0.283804
11.5800,2,115.701696,38.092469,0.162829,0.145051
11.5800,3,113.266070,38.230898,0.000000,0.000000
11.5800,4,114.922536,38.116051,-0.268618,0.669645
11.5800,5,64.299947,38.413672,0.000000,0.000000
11.5800,6,64.940706,37.936692,-0.497352,-0.918503
11.5800,7,63.772172,38.634635,-0.018744,-0.015920
11.5800,8,62.532021,39.328252,-0.036145,-0.077678
11.5800,9,63.202706,38.938362,-0.444510,-0.747613
11.6000,0,114.312598,38.148296,-0.001603,-1.046154
11.6000,1,113.765482,38.177326,0.085870,-1.681496
11.6000,2,115.705006,38.090081,0.189114,0.197131
11.6000,3,113.266070,38.230898,0.000000,0.000000
11.6000,4,114.916857,38.122624,-0.289315,0.017990
11.6000,5,64.299947,38.413672,0.000000,0.000000
11.6000,6,64.934624,37.925710,-0.123770,-0.213666
11.6000,7,63.760398,38.615837,-1.141298,-1.847519
11.6000,8,62.532481,39.330371,-0.214981,-0.224198
11.6000,9,63.203804,38.938378,0.537338,0.728007
11.6200,0,114.312543,38.147623,-0.003810,0.941848
11.6200,1,113.768027,38.150188,0.183835,-0.413007
11.6200,2,115.708621,38.088661,0.193369,0.237607
11.6200,3,113.266070,38.230898,0.000000,0.000000
11.6200,4,114.911812,38.129168,-0.234254,0.042128
11.6200,5,64.299947,38.413672,0.000000,0.000000
11.6200,6,64.935410,37.927460,-0.014958,-0.226845
11.6200,7,63.739974,38.582866,-0.581611,-0.917866
11.6200,8,62.529538,39.329572,-0.375703,-0.370031
11.6200,9,63.211109,38.945348,0.207824,0.005107
11.6400,0,114.311425,38.160211,-0.094767,0.348789
11.6400,1,113.772326,38.158676,0.234465,1.243429
11.6400,2,115.707075,38.087627,-0.330737,-0.310146
11.6400,3,113.266070,38.230898,0.000000,0.000000
11.6400,4,114.912718,38.124145,0.328944,0.056224
11.6400,5,64.299947,38.413672,0.000000,0.000000
11.6400,6,64.938265,37.928964,0.083030,-0.237474
11.6400,7,63.736507,38.577410,0.225649,0.347800
11.6400,8,62.523644,39.325930,-0.509293,-0.507780
11.6400,9,63.212513,38.939646,0.235380,-0.042381
11.6600,0,114.308745,38.148685,-0.161890,-1.495095
11.6600,1,113.776531,38.186571,0.158578,0.974802
11.6600,2,115.701309,38.087669,-0.267432,-0.264346
11.6600,3,113.266070,38.230898,0.000000,0.000000
11.6600,4,114.918776,38.119469,0.292631,0.075960
11.6600,5,64.299947,38.413672,0.000000,0.000000
11.6600,6,64.941212,37.932409,0.198692,0.549038
11.6600,7,63.748571,38.596094,0.975379,1.518132
11.6600,8,62.521725,39.330515,0.307407,0.942231
11.6600,9,63.214086,38.933143,0.219885,-0.082397
11.6800,0,114.306386,38.125743,-0.041834,-0.192968
11.6800,1,113.778046,38.186255,-0.008411,-0.966474
11.6800,2,115.696982,38.088548,-0.187986,-0.232507
11.6800,3,113.266070,38.230898,0.000000,0.000000
11.6800,4,114.924068,38.127262,0.204392,0.108147
11.6800,5,64.299947,38.413672,0.000000,0.000000
11.6800,6,64.935435,37.926921,-0.329158,-0.571949
11.6800,7,63.768507,38.626720,0.713221,1.054383
11.6800,8,62.527438,39.338764,0.270653,-0.075545
11.6800,9,63.210034,38.927479,-0.603059,-0.486436
11.7000,0,114.307232,38.139946,0.125783,1.618348
11.7000,1,113.776641,38.161775,-0.110217,-0.903287
11.7000,2,115.694339,38.090014,-0.100389,-0.199406
11.7000,3,113.266070,38.230898,0.000000,0.000000
11.7000,4,114.926803,38.124383,0.093024,0.193654
11.7000,5,64.299947,38.413672,0.000000,0.000000
11.7000,6,64.932313,37.921862,-0.201604,-0.550394
11.7000,7,63.770866,38.628211,-0.460912,-0.867758
11.7000,8,62.528335,39.330943,0.119080,-0.187628
11.7000,9,63.207462,38.932685,0.337261,0.980289
11.7200,0,114.310139,38.164963,0.132431,0.277140
11.7200,1,113.774307,38.161675,-0.115947,0.854926
11.7200,2,115.693480,38.092703,0.012179,0.441605
11.7200,3,113.266070,38.230898,0.000000,0.000000
11.7200,4,114.927274,38.122587,-0.018396,0.217961
11.7200,5,64.299947,38.413672,0.000000,0.000000
11.7200,6,64.938269,37.928653,0.543130,0.553553
11.7200,7,63.757138,38.604012,-0.601037,-1.033312
11.7200,8,62.531859,39.330790,-0.065981,-0.339417
11.7200,9,63.210550,38.944119,-0.003863,0.200492
11.7400,0,114.312247,38.152235,0.069969,-1.540213
11.7400,1,113.771929,38.182077,-0.132895,0.604121
11.7400,2,115.694273,38.095971,0.089723,0.468342
11.7400,3,113.266070,38.230898,0.000000,0.000000
11.7400,4,114.925704,38.120925,-0.107815,0.219684
11.7400,5,64.299947,38.413672,0.000000,0.000000
11.7400,6,64.943629,37.936272,0.312569,0.746246
11.7400,7,63.753147,38.597575,0.189346,0.363655
11.7400,8,62.531780,39.327818,-0.239539,-0.469428
11.7400,9,63.207858,38.941526,0.043160,0.070646
11.7600,0,114.313613,38.128844,0.085144,-0.175468
11.7600,1,113.768921,38.174025,-0.160257,-1.378795
11.7600,2,115.695944,38.087420,0.101928,-0.675674
11.7600,3,113.266070,38.230898,0.000000,0.000000
11.7600,4,114.922699,38.119265,-0.185069,-0.358520
11.7600,5,64.299947,38.413672,0.000000,0.000000
11.7600,6,64.942031,37.933082,-0.462397,-1.031541
11.7600,7,63.764255,38.617844,0.582185,1.087569
11.7600,8,62.528383,39.322399,-0.397105,-0.585212
11.7600,9,63.206007,38.936355,0.073083,-0.064375
11.7800,0,114.315351,38.144206,0.083945,1.690052
11.7800,1,113.766684,38.152994,-0.035959,-0.108295
11.7800,2,115.698715,38.080494,0.147214,-0.601462
11.7800,3,113.266070,38.230898,0.000000,0.000000
11.7800,4,114.919099,38.118847,-0.194524,-0.290386
11.7800,5,64.299947,38.413672,0.000000,0.000000
11.7800,6,64.934616,37.921446,-0.292988,-0.165825
11.7800,7,63.763768,38.619462,-0.609059,-0.895715
11.7800,8,62.528381,39.325641,0.383575,0.880911
11.7800,9,63.210364,38.938576,0.051136,-0.236962
11.8000,0,114.315748,38.171042,-0.069946,0.371176
11.8000,1,113.767399,38.167475,0.106799,1.536110
11.8000,2,115.702717,38.087244,0.248497,1.243156
11.8000,3,113.266070,38.230898,0.000000,0.000000
11.8000,4,114.915624,38.119162,-0.174275,-0.283386
11.8000,5,64.299947,38.413672,0.000000,0.000000
11.8000,6,64.932172,37.924107,-0.169139,-0.184294
11.8000,7,63.753791,38.605112,-0.396389,-0.560528
11.8000,8,62.530949,39.335484,-0.104342,0.135761
11.8000,9,63.208151,38.927539,0.030174,-0.336232
11.8200,0,114.312784,38.160202,-0.220440,-1.439560
11.8200,1,113.769798,38.188619,0.100168,-0.034614
11.8200,2,115.707479,38.105200,0.200344,-0.032205
11.8200,3,113.266070,38.230898,0.000000,0.000000
11.8200,4,114.912731,38.119160,-0.137578,-0.312908
11.8200,5,64.299947,38.413672,0.000000,0.000000
11.8200,6,64.933918,37.924955,-0.071369,-0.196500
11.8200,7,63.754398,38.607654,0.443874,0.787552
11.8200,8,62.524695,39.331658,-0.217239,-0.003345
11.8200,9,63.217785,38.936273,0.587855,0.628266
11.8400,0,114.308275,38.139194,-0.224193,-0.695527
11.8400,1,113.771179,38.168329,0.055379,-1.315316
11.8400,2,115.710692,38.087271,0.016420,-1.113001
11.8400,3,113.266070,38.230898,0.000000,0.000000
11.8400,4,114.910705,38.119062,0.039746,-0.298873
11.8400,5,64.299947,38.413672,0.000000,0.000000
11.8400,6,64.935698,37.927031,0.031883,-0.211243
11.8400,7,63.764438,38.624568,0.250920,0.393932
11.8400,8,62.526483,39.332325,0.083992,-0.434318
11.8400,9,63.214329,38.933364,-0.905729,-0.910399
11.8600,0,114.304808,38.144925,-0.109420,1.238571
11.8600,1,113.772570,38.161077,0.073947,0.546736
11.8600,2,115.706965,38.084557,-0.256621,0.800967
11.8600,3,113.266070,38.230898,0.000000,0.000000
11.8600,4,114.916831,38.119407,0.403817,-0.262425
11.8600,5,64.299947,38.413672,0.000000,0.000000
11.8600,6,64.939437,37.928837,0.124497,-0.222631
11.8600,7,63.758140,38.612955,-0.531631,-0.953265
11.8600,8,62.529499,39.327503,-0.083442,-0.559257
11.8600,9,63.206068,38.930820,0.068746,0.624348
11.8800,0,114.303203,38.162609,-0.042922,0.545500
11.8800,1,113.773417,38.175698,-0.012096,0.321172
11.8800,2,115.702203,38.094071,-0.215166,0.178337
11.8800,3,113.266070,38.230898,0.000000,0.000000
11.8800,4,114.924236,38.120238,0.301807,-0.253281
11.8800,5,64.299947,38.413672,0.000000,0.000000
11.8800,6,64.936842,37.921724,-0.065024,0.048322
11.8800,7,63.755935,38.608313,0.287966,0.454700
11.8800,8,62.535495,39.331286,0.346553,0.362580
11.8800,9,63.210348,38.946355,0.060571,0.407640
11.9000,0,114.302768,38.154751,0.000038,-1.302020
11.9000,1,113.772121,38.174327,-0.089043,0.159755
11.9000,2,115.698493,38.092336,-0.129834,0.225160
11.9000,3,113.266070,38.230898,0.000000,0.000000
11.9000,4,114.929116,38.121186,0.157357,-0.245977
11.9000,5,64.299947,38.413672,0.000000,0.000000
11.9000,6,64.936646,37.930033,-0.161197,0.160001
11.9000,7,63.762451,38.619136,0.056429,0.112797
11.9000,8,62.537414,39.331843,0.149969,0.214782
11.9000,9,63.202233,38.936234,-0.530531,-0.835406
11.9200,0,114.304158,38.136377,0.130389,-0.567804
11.9200,1,113.769637,38.170351,-0.127366,0.054664
11.9200,2,115.696554,38.091460,-0.039851,0.264441
11.9200,3,113.266070,38.230898,0.000000,0.000000
11.9200,4,114.930998,38.122724,0.007112,-0.196194
11.9200,5,64.299947,38.413672,0.000000,0.000000
11.9200,6,64.932590,37.927172,-0.029224,0.170028
11.9200,7,63.758700,38.613550,-0.114000,-0.137641
11.9200,8,62.535644,39.329749,-0.022597,0.094217
11.9200,9,63.201799,38.934777,0.472670,0.670409
11.9400,0,114.308109,38.144113,0.252390,1.299093
11.9400,1,113.767493,38.176582,-0.101390,-0.040803
11.9400,2,115.696375,38.091372,0.044426,0.303403
11.9400,3,113.266070,38.230898,0.000000,0.000000
11.9400,4,114.930083,38.125856,-0.093882,0.484692
11.9400,5,64.299947,38.413672,0.000000,0.000000
11.9400,6,64.939131,37.933180,0.362810,-0.103418
11.9400,7,63.757687,38.613227,-0.295299,-0.422577
11.9400,8,62.530562,39.325219,-0.180275,-0.029259
11.9400,9,63.207684,38.940298,0.127867,-0.088448
11.9600,0,114.312738,38.162690,0.202595,0.608777
11.9600,1,113.765815,38.168356,-0.038410,-0.177244
11.9600,2,115.697746,38.091948,0.114449,0.335868
11.9600,3,113.266070,38.230898,0.000000,0.000000
11.9600,4,114.927007,38.129588,-0.180095,0.489816
11.9600,5,64.299947,38.413672,0.000000,0.000000
11.9600,6,64.943044,37.926833,0.243542,0.084265
11.9600,7,63.753394,38.607362,-0.441101,-0.693767
11.9600,8,62.528342,39.328150,-0.335969,-0.189542
11.9600,9,63.207101,38.932044,0.114312,-0.209276
11.9800,0,114.315323,38.156101,0.050929,-1.242974
11.9800,1,113.766136,38.169043,0.046460,-0.360843
11.9800,2,115.700325,38.093115,0.164747,0.362777
11.9800,3,113.266070,38.230898,0.000000,0.000000
11.9800,4,114.922179,38.120537,-0.265859,-0.724140
11.9800,5,64.299947,38.413672,0.000000,0.000000
11.9800,6,64.942701,37.925555,0.041335,0.325255
11.9800,7,63.753121,38.607354,0.398884,0.663192
11.9800,8,62.523310,39.327965,-0.464884,-0.346654
11.9800,9,63.211962,38.931930,0.059387,-0.326485
12.0000,0,114.315716,38.139195,-0.014999,-0.489672
12.0000,1,113.768081,38.166771,0.118370,-0.478974
12.0000,2,115.703705,38.094920,0.194461,0.397314
12.0000,3,113.266070,38.230898,0.000000,0.000000
12.0000,4,114.917212,38.112771,-0.249352,-0.654978
12.0000,5,64.299947,38.413672,0.000000,0.000000
12.0000,6,64.938522,37.928852,-0.140225,0.541880
12.0000,7,63.762339,38.621975,0.214988,0.280233
12.0000,8,62.522342,39.335600,0.468464,1.019158
12.0000,9,63.215423,38.929668,-0.143038,-0.370460
12.0200,0,114.315291,38.149032,-0.053267,0.787435
12.0200,1,113.771606,38.175515,0.197522,0.664549
12.0200,2,115.706961,38.085180,0.155617,-0.728106
12.0200,3,113.266070,38.230898,0.000000,0.000000
12.0200,4,114.913492,38.118980,-0.119916,1.243357
12.0200,5,64.299947,38.413672,0.000000,0.000000
12.0200,6,64.934973,37.933148,0.093718,0.433579
12.0200,7,63.762137,38.619360,0.074247,-0.004594
12.0200,8,62.531031,39.345427,0.304013,0.060287
12.0200,9,63.210564,38.928849,-0.529881,-0.304971
12.0400,0,114.313277,38.158141,-0.115234,0.742261
12.0400,1,113.775127,38.181136,0.170491,0.522291
12.0400,2,115.710831,38.089463,0.098009,1.129749
12.0400,3,113.266070,38.230898,0.000000,0.000000
12.0400,4,114.911430,38.136688,0.046624,0.556627
12.0400,5,64.299947,38.413672,0.000000,0.000000
12.0400,6,64.937882,37.933871,0.503875,0.183974
12.0400,7,63.758987,38.611353,-0.079346,-0.263257
12.0400,8,62.526210,39.329274,-0.452963,-1.099772
12.0400,9,63.209468,38.937821,0.087594,0.618313
12.0600,0,114.310007,38.153426,-0.195912,-1.176926
12.0600,1,113.777023,38.170891,0.011890,-1.518404
12.0600,2,115.707139,38.093678,-0.331820,-0.682901
12.0600,3,113.266070,38.230898,0.000000,0.000000
12.0600,4,114.916858,38.128812,0.354319,-1.306553
12.0600,5,64.299947,38.413672,0.000000,0.000000
12.0600,6,64.944485,37.932970,0.371412,0.342085
12.0600,7,63.758557,38.608589,-0.277223,-0.539640
12.0600,8,62.525232,39.322701,0.339586,0.417717
12.0600,9,63.208190,38.943084,0.097749,0.437586
12.0800,0,114.307011,38.137801,-0.096656,-0.412890
12.0800,1,113.776966,38.159808,-0.022272,0.364391
12.0800,2,115.701469,38.087266,-0.233112,0.010695
12.0800,3,113.266070,38.230898,0.000000,0.000000
12.0800,4,114.923588,38.110674,0.306791,-0.543384
12.0800,5,64.299947,38.413672,0.000000,0.000000
12.0800,6,64.939904,37.925135,-0.475459,-0.528495
12.0800,7,63.760820,38.611879,0.491130,0.850220
12.0800,8,62.532843,39.334074,0.125590,0.210620
12.0800,9,63.207384,38.944882,0.129003,0.269128
12.1000,0,114.306880,38.149001,0.082569,1.492175
12.1000,1,113.775652,38.171446,-0.125803,0.195826
12.1000,2,115.697899,38.093506,-0.146654,0.031630
12.1000,3,113.266070,38.230898,0.000000,0.000000
12.1000,4,114.929312,38.119082,0.258839,1.348352
12.1000,5,64.299947,38.413672,0.000000,0.000000
12.1000,6,64.931910,37.922488,-0.532227,-0.360400
12.1000,7,63.764766,38.619839,-0.073449,-0.021674
12.1000,8,62.530651,39.331726,-0.039440,0.074768
12.1000,9,63.207068,38.943187,0.148482,0.097595
12.1200,0,114.308573,38.158751,0.082328,-0.466952
12.1200,1,113.772224,38.167631,-0.183175,0.027874
12.1200,2,115.695661,38.088862,-0.052498,0.082102
12.1200,3,113.266070,38.230898,0.000000,0.000000
12.1200,4,114.932727,38.138757,0.056913,0.014610
12.1200,5,64.299947,38.413672,0.000000,0.000000
12.1200,6,64.933561,37.931327,0.443071,0.568282
12.1200,7,63.758409,38.611594,-0.240740,-0.269216
12.1200,8,62.531134,39.336643,-0.206949,-0.094465
12.1200,9,63.207000,38.938301,0.150660,-0.050170
12.1400,0,114.310462,38.144095,0.121844,-0.405359
12.1400,1,113.768828,38.172676,-0.167696,-0.115688
12.1400,2,115.695749,38.096193,0.035331,0.074474
12.1400,3,113.266070,38.230898,0.000000,0.000000
12.1400,4,114.931735,38.121106,-0.123878,-1.112033
12.1400,5,64.299947,38.413672,0.000000,0.000000
12.1400,6,64.941016,37.936210,0.517659,0.537426
12.1400,7,63.755080,38.608705,-0.397786,-0.547708
12.1400,8,62.522801,39.328471,-0.320706,-0.204379
12.1400,9,63.206738,38.930747,0.126748,-0.172810
12.1600,0,114.313079,38.142489,0.104939,-0.373895
12.1600,1,113.766347,38.175651,-0.071615,0.396495
12.1600,2,115.697014,38.092531,0.112937,0.139098
12.1600,3,113.266070,38.230898,0.000000,0.000000
12.1600,4,114.929052,38.118740,-0.139240,0.838853
12.1600,5,64.299947,38.413672,0.000000,0.000000
12.1600,6,64.941209,37.930591,-0.478235,-1.074175
12.1600,7,63.755635,38.611622,0.439782,0.811081
12.1600,8,62.524531,39.338874,0.162451,0.670410
12.1600,9,63.211723,38.931320,0.059078,-0.294660
12.1800,0,114.314853,38.141044,0.041461,-0.372932
12.1800,1,113.765657,38.176187,0.028196,0.268186
12.1800,2,115.699635,38.089971,0.170261,0.185414
12.1800,3,113.266070,38.230898,0.000000,0.000000
12.1800,4,114.925377,38.128859,-0.219512,0.201112
12.1800,5,64.299947,38.413672,0.000000,0.000000
12.1800,6,64.933491,37.918152,-0.307425,-0.203607
12.1800,7,63.759379,38.618435,-0.051558,-0.102386
12.1800,8,62.527830,39.342523,0.456575,0.220794
12.1800,9,63.210647,38.932063,-0.455656,-0.164456
12.2000,0,114.315653,38.152664,0.009134,0.868670
12.2000,1,113.766940,38.174303,0.119064,0.152529
12.2000,2,115.703184,38.088295,0.205711,0.229089
12.2000,3,113.266070,38.230898,0.000000,0.000000
12.2000,4,114.920609,38.127510,-0.225123,0.259696
12.2000,5,64.299947,38.413672,0.000000,0.000000
12.2000,6,64.935368,37.933121,0.252681,1.016291
12.2000,7,63.753910,38.608327,-0.185779,-0.378302
12.2000,8,62.525865,39.329375,-0.319890,-0.959355
12.2000,9,63.204467,38.932581,-0.459752,-0.307549
12.2200,0,114.314201,38.150682,-0.149347,-1.021535
12.2200,1,113.769614,38.169708,0.163017,0.000617
12.2200,2,115.707202,38.086898,0.194098,-0.338166
12.2200,3,113.266070,38.230898,0.000000,0.000000
12.2200,4,114.916103,38.126889,-0.195216,0.279503
12.2200,5,64.299947,38.413672,0.000000,0.000000
12.2200,6,64.934664,37.933483,-0.312819,-0.946169
12.2200,7,63.758353,38.614631,0.613035,0.989393
12.2200,8,62.527425,39.325559,0.459292,0.551423
12.2200,9,63.205235,38.941612,0.195917,0.619145
12.2400,0,114.310976,38.137539,-0.168510,-0.329607
12.2400,1,113.773144,38.174695,0.156313,-0.107863
12.2400,2,115.711320,38.086365,0.190395,-0.294190
12.2400,3,113.266070,38.230898,0.000000,0.000000
12.2400,4,114.912451,38.126977,-0.142053,0.325394
12.2400,5,64.299947,38.413672,0.000000,0.000000
12.2400,6,64.934052,37.920437,0.133265,-0.312761
12.2400,7,63.764890,38.625261,0.060618,0.108436
12.2400,8,62.537294,39.339546,0.231795,0.338492
12.2400,9,63.206104,38.946519,0.200353,0.401488
12.2600,0,114.308291,38.149909,-0.115785,0.904397
12.2600,1,113.775398,38.165699,0.083099,-0.191297
12.2600,2,115.710192,38.086904,-0.311531,-0.231695
12.2600,3,113.266070,38.230898,0.000000,0.000000
12.2600,4,114.914997,38.127753,0.398697,0.345961
12.2600,5,64.299947,38.413672,0.000000,0.000000
12.2600,6,64.937621,37.921895,-0.088339,-0.086755
12.2600,7,63.754504,38.608181,-0.745772,-1.221051
12.2600,8,62.530707,39.328762,-0.551912,-0.839674
12.2600,9,63.200550,38.935988,-0.409651,-0.855690
12.2800,0,114.305750,38.148522,-0.127901,-1.013873
12.2800,1,113.776237,38.166455,-0.025860,-0.342643
12.2800,2,115.704765,38.088380,-0.252372,-0.199863
12.2800,3,113.266070,38.230898,0.000000,0.000000
12.2800,4,114.922182,38.128900,0.334974,0.367027
12.2800,5,64.299947,38.413672,0.000000,0.000000
12.2800,6,64.936980,37.927641,-0.183094,0.038752
12.2800,7,63.748167,38.598311,0.097564,0.200025
12.2800,8,62.527775,39.327316,0.245967,0.667852
12.2800,9,63.202497,38.934521,0.586427,0.687502
12.3000,0,114.305078,38.148211,0.060372,0.945040
12.3000,1,113.774868,38.164563,-0.131221,-0.459065
12.3000,2,115.700706,38.090443,-0.176073,-0.173003
12.3000,3,113.266070,38.230898,0.000000,0.000000
12.3000,4,114.927011,38.117865,0.170646,-0.805795
12.3000,5,64.299947,38.413672,0.000000,0.000000
12.3000,6,64.938618,37.932684,0.024030,-0.071525
12.3000,7,63.757840,38.615147,0.862465,1.474751
12.3000,8,62.527639,39.333086,-0.238914,-0.061937
12.3000,9,63.210483,38.940710,0.221411,-0.040879
12.3200,0,114.306972,38.160562,0.124739,0.315565
12.3200,1,113.772306,38.173099,-0.143590,0.628708
12.3200,2,115.698300,38.093712,-0.065234,0.470133
12.3200,3,113.266070,38.230898,0.000000,0.000000
12.3200,4,114.929905,38.121107,0.116813,1.095834
12.3200,5,64.299947,38.413672,0.000000,0.000000
12.3200,6,64.936101,37.926938,0.041193,0.031697
12.3200,7,63.769474,38.635022,-0.006538,-0.016069
12.3200,8,62.524490,39.335303,-0.370428,-0.228796
12.3200,9,63.211279,38.933256,0.159052,-0.176382
12.3400,0,114.309217,38.148015,0.119483,-0.889185
12.3400,1,113.769081,38.177606,-0.143056,0.448752
12.3400,2,115.697586,38.097417,0.017393,0.481159
12.3400,3,113.266070,38.230898,0.000000,0.000000
12.3400,4,114.930662,38.135880,-0.035867,0.419408
12.3400,5,64.299947,38.413672,0.000000,0.000000
12.3400,6,64.940027,37.933357,0.134881,-0.003969
12.3400,7,63.758452,38.615816,-1.085751,-1.889894
12.3400,8,62.523376,39.331710,-0.055060,-0.638680
12.3400,9,63.212076,38.936007,-0.367461,-0.078161
12.3600,0,114.311846,38.136616,0.108307,-0.860623
12.3600,1,113.766554,38.179271,-0.077387,0.334263
12.3600,2,115.697914,38.089017,0.040588,-0.674695
12.3600,3,113.266070,38.230898,0.000000,0.000000
12.3600,4,114.928160,38.125983,-0.206669,-1.380992
12.3600,5,64.299947,38.413672,0.000000,0.000000
12.3600,6,64.937636,37.930382,-0.054950,0.243715
12.3600,7,63.745900,38.593189,-0.196067,-0.418885
12.3600,8,62.530109,39.333913,0.392008,0.286231
12.3600,9,63.208089,38.938885,-0.032676,0.348873
12.3800,0,114.314244,38.138772,0.124898,1.051998
12.3800,1,113.765213,38.165855,-0.028033,-0.993032
12.3800,2,115.699594,38.082183,0.099777,-0.590490
12.3800,3,113.266070,38.230898,0.000000,0.000000
12.3800,4,114.923787,38.106520,-0.197979,0.035913
12.3800,5,64.299947,38.413672,0.000000,0.000000
12.3800,6,64.935694,37.929015,0.169175,0.165250
12.3800,7,63.749873,38.597966,0.580048,0.882643
12.3800,8,62.533064,39.333007,0.207078,0.145221
12.3800,9,63.204728,38.939247,0.007908,0.216236
12.4000,0,114.315606,38.153024,0.010829,0.400155
12.4000,1,113.766332,38.164227,0.134581,0.796776
12.4000,2,115.702791,38.089251,0.215236,1.262614
12.4000,3,113.266070,38.230898,0.000000,0.000000
12.4000,4,114.920447,38.125754,-0.157886,1.224031
12.4000,5,64.299947,38.413672,0.000000,0.000000
12.4000,6,64.937567,37.925691,-0.065233,-0.393723
12.4000,7,63.768591,38.628214,0.951316,1.576725
12.4000,8,62.532424,39.329489,0.033336,0.023869
12.4000,9,63.202140,38.936687,0.038394,0.050147
12.4200,0,114.314706,38.154967,-0.071570,0.406184
12.4200,1,113.769328,38.171345,0.156679,-0.051305
12.4200,2,115.707007,38.107486,0.178669,-0.022498
12.4200,3,113.266070,38.230898,0.000000,0.000000
12.4200,4,114.916664,38.130770,-0.214378,-0.683644
12.4200,5,64.299947,38.413672,0.000000,0.000000
12.4200,6,64.937367,37.925601,-0.267008,-0.160715
12.4200,7,63.775246,38.639799,-0.263104,-0.379204
12.4200,8,62.534204,39.333506,-0.153757,-0.138122
12.4200,9,63.205821,38.940585,0.017535,-0.189037
12.4400,0,114.311871,38.144149,-0.177056,-0.806760
12.4400,1,113.772797,38.175007,0.156987,-0.183586
12.4400,2,115.709883,38.089726,0.107645,-1.720489
12.4400,3,113.266070,38.230898,0.000000,0.000000
12.4400,4,114.912593,38.112037,-0.165424,-0.594393
12.4400,5,64.299947,38.413672,0.000000,0.000000
12.4400,6,64.935427,37.928364,-0.144304,-0.178472
12.4400,7,63.758945,38.614164,-1.012780,-1.596185
12.4400,8,62.526740,39.324577,-0.286675,-0.235601
12.4400,9,63.203045,38.929860,0.013507,-0.341936
12.4600,0,114.308984,38.147965,-0.100163,1.165460
12.4600,1,113.775138,38.164439,0.090742,-0.269793
12.4600,2,115.706644,38.051621,-0.387422,-1.448795
12.4600,3,113.266070,38.230898,0.000000,0.000000
12.4600,4,114.915694,38.119232,0.450599,1.286195
12.4600,5,64.299947,38.413672,0.000000,0.000000
12.4600,6,64.937662,37.929343,-0.047726,-0.189918
12.4600,7,63.747713,38.597251,-0.127552,-0.140195
12.4600,8,62.528976,39.334511,0.179348,0.654907
12.4600,9,63.212683,38.938296,0.605976,0.606835
12.4800,0,114.307219,38.164264,-0.093425,-0.163642
12.4800,1,113.776739,38.176622,0.038793,0.807497
12.4800,2,115.700489,38.042042,-0.226722,0.455562
12.4800,3,113.266070,38.230898,0.000000,0.000000
12.4800,4,114.923827,38.138015,0.327034,-0.010767
12.4800,5,64.299947,38.413672,0.000000,0.000000
12.4800,6,64.938130,37.933688,0.187608,0.514482
12.4800,7,63.753279,38.607309,0.675324,1.130360
12.4800,8,62.528062,39.340457,0.035954,0.458894
12.4800,9,63.214429,38.932567,-0.091555,-0.584579
12.5000,0,114.305574,38.142414,-0.040142,-1.345494
12.5000,1,113.775648,38.171646,-0.143558,-1.261608
12.5000,2,115.697635,38.068584,-0.060079,2.172991
12.5000,3,113.266070,38.230898,0.000000,0.000000
12.5000,4,114.928485,38.120122,0.160195,-1.113156
12.5000,5,64.299947,38.413672,0.000000,0.000000
12.5000,6,64.934055,37.926138,-0.345262,-0.593695
12.5000,7,63.761493,38.620064,0.161651,0.180604
12.5000,8,62.528951,39.340094,0.342092,0.031100
12.5000,9,63.210471,38.927875,-0.595830,-0.422642
12.5200,0,114.306625,38.135880,0.138505,0.654398
12.5200,1,113.772251,38.152722,-0.161077,-0.001169
12.5200,2,115.696985,38.104140,-0.028984,0.803842
12.5200,3,113.266070,38.230898,0.000000,0.000000
12.5200,4,114.931113,38.117955,0.100521,0.859557
12.5200,5,64.299947,38.413672,0.000000,0.000000
12.5200,6,64.930507,37.920741,-0.320512,-0.491887
12.5200,7,63.760134,38.615628,0.013603,-0.087787
12.5200,8,62.531201,39.334316,0.182906,-0.089467
12.5200,9,63.208078,38.934610,0.351812,1.074485
12.5400,0,114.310202,38.154501,0.184354,0.608086
12.5400,1,113.769499,38.169807,-0.100720,1.680355
12.5400,2,115.696508,38.102016,-0.018770,-0.984623
12.5400,3,113.266070,38.230898,0.000000,0.000000
12.5400,4,114.931477,38.128298,-0.059768,0.194603
12.5400,5,64.299947,38.413672,0.000000,0.000000
12.5400,6,64.934215,37.928628,0.771403,1.175720
12.5400,7,63.761830,38.616562,0.142707,0.172299
12.5400,8,62.530154,39.326176,0.013659,-0.205599
12.5400,9,63.211546,38.948094,0.015035,0.300435
12.5600,0,114.313018,38.147138,0.116633,-0.661764
12.5600,1,113.767747,38.194373,-0.091116,0.163026
12.5600,2,115.696721,38.078132,0.061838,-0.826087
12.5600,3,113.266070,38.230898,0.000000,0.000000
12.5600,4,114.929002,38.126530,-0.155145,0.234703
12.5600,5,64.299947,38.413672,0.000000,0.000000
12.5600,6,64.949683,37.942972,0.348191,-0.199855
12.5600,7,63.759505,38.611779,-0.057186,-0.111262
12.5600,8,62.531505,39.325700,-0.176021,-0.352911
12.5600,9,63.202575,38.936004,-0.566728,-0.918178
12.5800,0,114.314992,38.139898,0.049946,-0.664509
12.5800,1,113.766228,38.178249,-0.060384,-1.761030
12.5800,2,115.699342,38.080525,0.195711,1.035682
12.5800,3,113.266070,38.230898,0.000000,0.000000
12.5800,4,114.925080,38.125823,-0.204341,0.290104
12.5800,5,64.299947,38.413672,0.000000,0.000000
12.5800,6,64.944657,37.924832,-0.830466,-1.589263
12.5800,7,63.759497,38.612169,-0.253340,-0.377325
12.5800,8,62.535687,39.333538,0.263093,0.565407
12.5800,9,63.201480,38.933072,0.435594,0.592769
12.6000,0,114.315952,38.146213,0.043715,1.277608
12.6000,1,113.766211,38.149789,0.078919,-0.471659
12.6000,2,115.703346,38.094435,0.202741,0.388805
12.6000,3,113.266070,38.230898,0.000000,0.000000
12.6000,4,114.920620,38.126136,-0.209501,0.337605
12.6000,5,64.299947,38.413672,0.000000,0.000000
12.6000,6,64.930234,37.902634,-0.292682,-0.093227
12.6000,7,63.755739,38.607259,-0.431083,-0.645346
12.6000,8,62.536126,39.337999,0.087393,0.400976
12.6000,9,63.206597,38.937058,0.087622,-0.164963
12.6200,0,114.315595,38.165239,-0.102294,0.007799
12.6200,1,113.769049,38.157060,0.195806,1.175321
12.6200,2,115.707343,38.096690,0.218426,0.418941
12.6200,3,113.266070,38.230898,0.000000,0.000000
12.6200,4,114.916411,38.126894,-0.181316,0.337574
12.6200,5,64.299947,38.413672,0.000000,0.000000
12.6200,6,64.932378,37.919734,0.493732,1.770178
12.6200,7,63.755367,38.608289,0.380023,0.718934
12.6200,8,62.526948,39.328347,-0.667450,-0.793801
12.6200,9,63.211210,38.937605,0.063024,-0.301570
12.6400,0,114.312142,38.147366,-0.208599,-1.140528
12.6400,1,113.773195,38.183390,0.189228,0.887771
12.6400,2,115.710950,38.087244,0.167154,-0.717401
12.6400,3,113.266070,38.230898,0.000000,0.000000
12.6400,4,114.913003,38.127537,-0.131251,0.334359
12.6400,5,64.299947,38.413672,0.000000,0.000000
12.6400,6,64.940622,37.946827,0.111769,0.322683
12.6400,7,63.764055,38.624202,0.182265,0.352034
12.6400,8,62.522018,39.327573,0.161086,0.686337
12.6400,9,63.215299,38.936133,0.324355,0.129754
12.6600,0,114.308582,38.144078,-0.135561,0.778072
12.6600,1,113.775769,38.180866,0.060681,-1.103004
12.6600,2,115.709388,38.079752,-0.331661,-0.613185
12.6600,3,113.266070,38.230898,0.000000,0.000000
12.6600,4,114.915752,38.128391,0.407853,0.352421
12.6600,5,64.299947,38.413672,0.000000,0.000000
12.6600,6,64.937331,37.934049,-0.433856,-1.567708
12.6600,7,63.756526,38.611579,-0.583872,-1.012133
12.6600,8,62.530978,39.341335,0.426263,0.189784
12.6600,9,63.213365,38.934782,-0.193042,0.256270
12.6800,0,114.306159,38.152629,-0.095600,0.107751
12.6800,1,113.776291,38.165114,-0.013206,-0.500541
12.6800,2,115.704119,38.086209,-0.192910,1.229064
12.6800,3,113.266070,38.230898,0.000000,0.000000
12.6800,4,114.923072,38.129780,0.339237,0.388140
12.6800,5,64.299947,38.413672,0.000000,0.000000
12.6800,6,64.932451,37.910736,0.160769,-0.147288
12.6800,7,63.753519,38.605654,0.266493,0.396482
12.6800,8,62.528392,39.327625,-0.349300,-0.980902
12.6800,9,63.206359,38.933253,-0.191649,0.120654
12.7000,0,114.305078,38.149077,0.015264,0.141541
12.7000,1,113.775677,38.173164,-0.072494,0.628309
12.7000,2,115.700726,38.103791,-0.168914,-0.052087
12.7000,3,113.266070,38.230898,0.000000,0.000000
12.7000,4,114.927922,38.119008,0.168461,-0.793704
12.7000,5,64.299947,38.413672,0.000000,0.000000
12.7000,6,64.943206,37.926794,0.568240,1.148463
12.7000,7,63.759814,38.615281,0.049201,0.043848
12.7000,8,62.529335,39.323378,0.426411,0.528133
12.7000,9,63.205686,38.939189,-0.182496,-0.059621
12.7200,0,114.306195,38.145954,0.117152,0.155430
12.7200,1,113.773175,38.178143,-0.143208,0.498204
12.7200,2,115.697470,38.085480,-0.128930,-1.137232
12.7200,3,113.266070,38.230898,0.000000,0.000000
12.7200,4,114.930728,38.122588,0.110290,1.128146
12.7200,5,64.299947,38.413672,0.000000,0.000000
12.7200,6,64.942363,37.934279,-0.631615,-0.373972
12.7200,7,63.755890,38.608108,-0.129726,-0.232059
12.7200,8,62.538588,39.336992,0.200703,0.320429
12.7200,9,63.205612,38.941966,0.165949,0.318743
12.7400,0,114.309410,38.154726,0.169153,0.124325
12.7400,1,113.769350,38.167496,-0.200683,-0.887540
12.7400,2,115.696556,38.081971,0.034900,0.752248
12.7400,3,113.266070,38.230898,0.000000,0.000000
12.7400,4,114.930797,38.126008,-0.098359,-0.757826
12.7400,5,64.299947,38.413672,0.000000,0.000000
12.7400,6,64.929450,37.921174,-0.352003,-0.391612
12.7400,7,63.761140,38.617242,0.310898,0.558663
12.7400,8,62.531413,39.325901,-0.579311,-0.852288
12.7400,9,63.206043,38.941309,0.184150,0.147409
12.7600,0,114.312577,38.151858,0.163579,0.193069
12.7600,1,113.766559,38.167975,-0.070888,0.910163
12.7600,2,115.698228,38.102211,0.105293,0.693319
12.7600,3,113.266070,38.230898,0.000000,0.000000
12.7600,4,114.928118,38.118120,-0.164345,-0.061656
12.7600,5,64.299947,38.413672,0.000000,0.000000
12.7600,6,64.934383,37.929499,0.729127,1.271159
12.7600,7,63.762233,38.620012,0.120999,0.262324
12.7600,8,62.527909,39.324129,0.217437,0.649920
12.7600,9,63.206692,38.937421,0.187203,-0.000730
12.7800,0,114.315035,38.149792,0.101327,0.204767
12.7800,1,113.765780,38.177587,-0.003164,0.087512
12.7800,2,115.700155,38.098039,0.085589,-1.082860
12.7800,3,113.266070,38.230898,0.000000,0.000000
12.7800,4,114.924505,38.122797,-0.214974,-0.062307
12.7800,5,64.299947,38.413672,0.000000,0.000000
12.7800,6,64.949071,37.945649,0.312293,-0.114637
12.7800,7,63.759835,38.617062,-0.038013,-0.016957
12.7800,8,62.533279,39.339916,0.027708,0.419892
12.7800,9,63.206857,38.930274,-0.164080,-0.688861
12.8000,0,114.315908,38.147994,0.010545,0.223888
12.8000,1,113.766466,38.172113,0.091872,-0.017991
12.8000,2,115.702585,38.084010,0.152518,-0.356118
12.8000,3,113.266070,38.230898,0.000000,0.000000
12.8000,4,114.920366,38.128223,-0.193907,0.587333
12.8000,5,64.299947,38.413672,0.000000,0.000000
12.8000,6,64.943370,37.929117,-0.862198,-1.513598
12.8000,7,63.754635,38.608659,-0.164935,-0.294380
12.8000,8,62.523159,39.330619,-0.701199,-0.775712
12.8000,9,63.212746,38.931988,0.738101,0.845987
12.8200,0,114.314899,38.146133,-0.107171,-0.380005
12.8200,1,113.768701,38.164127,0.147870,-0.162952
12.8200,2,115.706092,38.083073,0.170552,-0.317571
12.8200,3,113.266070,38.230898,0.000000,0.000000
12.8200,4,114.915943,38.121241,-0.215364,-0.612444
12.8200,5,64.299947,38.413672,0.000000,0.000000
12.8200,6,64.928353,37.908342,-0.320225,-0.026488
12.8200,7,63.759642,38.616188,0.315808,0.459294
12.8200,8,62.522138,39.327581,0.570885,0.453847
12.8200,9,63.218573,38.944039,-0.122493,0.378283
12.8400,0,114.312348,38.145160,-0.167832,-0.337084
12.8400,1,113.771995,38.165382,0.147516,-0.325552
12.8400,2,115.709792,38.082956,0.172301,-0.276193
12.8400,3,113.266070,38.230898,0.000000,0.000000
12.8400,4,114.912401,38.115639,-0.162532,-0.557294
12.8400,5,64.299947,38.413672,0.000000,0.000000
12.8400,6,64.929988,37.926692,0.574215,1.748115
12.8400,7,63.760963,38.616696,0.132426,0.137549
12.8400,8,62.534339,39.339504,0.351629,0.231769
12.8400,9,63.206443,38.933702,-0.742605,-0.827358
12.8600,0,114.309021,38.145060,-0.177625,-0.291377
12.8600,1,113.774683,38.163647,0.087841,-0.466279
12.8600,2,115.708337,38.083873,-0.326009,-0.215010
12.8600,3,113.266070,38.230898,0.000000,0.000000
12.8600,4,114.915591,38.123548,0.428819,0.673666
12.8600,5,64.299947,38.413672,0.000000,0.000000
12.8600,6,64.941798,37.951819,0.285697,0.228073
12.8600,7,63.758726,38.611437,-0.041614,-0.126363
12.8600,8,62.530221,39.326728,-0.427803,-0.932008
12.8600,9,63.201690,38.932537,0.257049,0.686867
12.8800,0,114.306279,38.145671,-0.112274,-0.259534
12.8800,1,113.776251,38.172361,0.037213,0.646607
12.8800,2,115.702691,38.085666,-0.259671,-0.186031
12.8800,3,113.266070,38.230898,0.000000,0.000000
12.8800,4,114.923292,38.131022,0.355873,0.670792
12.8800,5,64.299947,38.413672,0.000000,0.000000
12.8800,6,64.941851,37.937266,-0.274291,-1.649921
12.8800,7,63.758971,38.611363,-0.244577,-0.406397
12.8800,8,62.529587,39.323443,0.350575,0.578736
12.8800,9,63.203509,38.938374,-0.060663,-0.078999
12.9000,0,114.305317,38.146444,-0.007354,-0.266479
12.9000,1,113.775685,38.177643,-0.065831,0.496468
12.9000,2,115.698555,38.087928,-0.176379,-0.167870
12.9000,3,113.266070,38.230898,0.000000,0.000000
12.9000,4,114.928437,38.125860,0.153846,-1.163292
12.9000,5,64.299947,38.413672,0.000000,0.000000
12.9000,6,64.939994,37.912409,-0.030063,-0.792185
12.9000,7,63.762000,38.617342,0.199079,0.406963
12.9000,8,62.537367,39.337977,0.130720,0.361515
12.9000,9,63.205567,38.940313,-0.046029,-0.257384
12.9200,0,114.306470,38.147318,0.092375,-0.249073
12.9200,1,113.772822,38.167060,-0.184852,-0.875237
12.9200,2,115.696188,38.090720,-0.084589,-0.133711
12.9200,3,113.266070,38.230898,0.000000,0.000000
12.9200,4,114.930408,38.110292,0.041009,-0.434225
12.9200,5,64.299947,38.413672,0.000000,0.000000
12.9200,6,64.947106,37.916231,0.727883,1.140799
12.9200,7,63.760958,38.617286,0.013984,0.120316
12.9200,8,62.528963,39.327674,-0.633901,-0.819341
12.9200,9,63.207947,38.939211,0.271522,0.135135
12.9400,0,114.309252,38.149086,0.150314,-0.185197
12.9400,1,113.769669,38.167914,-0.121154,0.920712
12.9400,2,115.695672,38.094788,0.030311,0.509586
12.9400,3,113.266070,38.230898,0.000000,0.000000
12.9400,4,114.930670,38.120629,-0.012282,1.431479
12.9400,5,64.299947,38.413672,0.000000,0.000000
12.9400,6,64.955613,37.934467,-0.189568,0.137101
12.9400,7,63.756516,38.611525,-0.136503,-0.160757
12.9400,8,62.524548,39.326460,0.181360,0.672370
12.9400,9,63.210038,38.935267,0.244795,0.009828
12.9600,0,114.312569,38.151693,0.170128,0.428997
12.9600,1,113.767404,38.177945,-0.096188,0.102527
12.9600,2,115.696294,38.086928,0.056636,-0.651689
12.9600,3,113.266070,38.230898,0.000000,0.000000
12.9600,4,114.929061,38.142105,-0.167549,0.107465
12.9600,5,64.299947,38.413672,0.000000,0.000000
12.9600,6,64.940360,37.922750,-0.982246,-0.712241
12.9600,7,63.755358,38.610460,-0.285198,-0.470228
12.9600,8,62.529390,39.342580,0.010675,0.430525
12.9600,9,63.211043,38.928615,-0.141074,-0.657271
12.9800,0,114.315182,38.153834,0.110366,0.410721
12.9800,1,113.766076,38.172713,-0.010130,-0.011225
12.9800,2,115.698294,38.080246,0.115675,-0.596021
12.9800,3,113.266070,38.230898,0.000000,0.000000
12.9800,4,114.924368,38.126393,-0.292823,-1.652833
12.9800,5,64.299947,38.413672,0.000000,0.000000
12.9800,6,64.929415,37.928056,-0.022253,1.128579
12.9800,7,63.758286,38.614903,0.560411,0.894260
12.9800,8,62.523423,39.330759,-0.285017,-1.029356
12.9800,9,63.212785,38.933844,0.317381,1.146155
13.0000,0,114.316277,38.156509,0.022698,0.480951
13.0000,1,113.766499,38.164868,0.073028,-0.160465
13.0000,2,115.701806,38.087171,0.230798,1.259059
13.0000,3,113.266070,38.230898,0.000000,0.000000
13.0000,4,114.918727,38.101386,-0.238726,-0.245727
13.0000,5,64.299947,38.413672,0.000000,0.000000
13.0000,6,64.929905,37.941354,0.081810,0.233504
13.0000,7,63.764061,38.623413,0.032565,-0.009888
13.0000,8,62.525722,39.325381,0.497882,0.467164
13.0000,9,63.215205,38.948795,-0.050667,0.378536
13.0200,0,114.315029,38.147880,-0.145176,-1.329826
13.0200,1,113.768833,38.165888,0.129259,-0.342433
13.0200,2,115.706315,38.105600,0.192254,-0.001228
13.0200,3,113.266070,38.230898,0.000000,0.000000
13.0200,4,114.914977,38.114714,-0.131661,1.554998
13.0200,5,64.299947,38.413672,0.000000,0.000000
13.0200,6,64.926076,37.926734,-0.124701,-1.090719
13.0200,7,63.759871,38.615262,-0.136396,-0.268345
13.0200,8,62.536366,39.337623,0.269929,0.249725
13.0200,9,63.204748,38.938262,-0.647612,-0.842957
13.0400,0,114.312269,38.141542,-0.127105,0.646112
13.0400,1,113.771793,38.163904,0.133117,-0.464309
13.0400,2,115.709436,38.088184,0.144706,-1.099049
13.0400,3,113.266070,38.230898,0.000000,0.000000
13.0400,4,114.912544,38.138288,-0.134807,0.205949
13.0400,5,64.299947,38.413672,0.000000,0.000000
13.0400,6,64.937422,37.920157,1.130568,0.488711
13.0400,7,63.758726,38.612944,0.010174,0.023557
13.0400,8,62.530577,39.325214,-0.512254,-0.914139
13.0400,9,63.202081,38.936847,0.363567,0.671016
13.0600,0,114.309655,38.159857,-0.146722,0.593992
13.0600,1,113.774775,38.172541,0.128830,0.627935
13.0600,2,115.707975,38.085708,-0.275649,0.819777
13.0600,3,113.266070,38.230898,0.000000,0.000000
13.0600,4,114.914737,38.123991,0.330636,-1.620693
13.0600,5,64.299947,38.413672,0.000000,0.000000
13.0600,6,64.953594,37.925998,0.507836,0.121019
13.0600,7,63.759981,38.615734,-0.192966,-0.268764
13.0600,8,62.528281,39.322239,0.269785,0.591041
13.0600,9,63.206006,38.942432,0.040845,-0.087409
13.0800,0,114.306452,38.153153,-0.161509,-1.230549
13.0800,1,113.776183,38.177024,0.033152,0.445364
13.0800,2,115.702783,38.095699,-0.238698,0.211075
13.0800,3,113.266070,38.230898,0.000000,0.000000
13.0800,4,114.921077,38.099230,0.318153,-0.250418
13.0800,5,64.299947,38.413672,0.000000,0.000000
13.0800,6,64.951573,37.914004,-0.355859,-0.723704
13.0800,7,63.757779,38.613332,-0.033657,0.018106
13.0800,8,62.534560,39.336986,0.065481,0.375069
13.0800,9,63.203973,38.934134,0.054800,-0.220056
13.1000,0,114.304562,38.136391,-0.026175,-0.480973
13.1000,1,113.775610,38.178870,-0.063650,0.357223
13.1000,2,115.698571,38.094817,-0.155505,0.277643
13.1000,3,113.266070,38.230898,0.000000,0.000000
13.1000,4,114.927149,38.112855,0.282110,1.590326
13.1000,5,64.299947,38.413672,0.000000,0.000000
13.1000,6,64.952476,37.919131,0.432593,1.202806
13.1000,7,63.758499,38.616005,-0.204136,-0.282359
13.1000,8,62.531367,39.337807,-0.080235,0.222546
13.1000,9,63.207784,38.933380,0.012784,-0.380856
13.1200,0,114.305871,38.145476,0.152920,1.367133
13.1200,1,113.772819,38.166036,-0.181585,-0.961807
13.1200,2,115.696120,38.094919,-0.064523,0.310616
13.1200,3,113.266070,38.230898,0.000000,0.000000
13.1200,4,114.931049,38.137343,0.081380,0.256283
13.1200,5,64.299947,38.413672,0.000000,0.000000
13.1200,6,64.955371,37.938540,-0.455797,0.192350
13.1200,7,63.756424,38.613176,-0.014138,-0.019830
13.1200,8,62.525527,39.335631,-0.199353,0.075103
13.1200,9,63.210593,38.929870,-0.045614,-0.496085
13.1400,0,114.309293,38.165504,0.154153,0.025201
13.1400,1,113.769682,38.164879,-0.123711,0.808962
13.1400,2,115.695479,38.095544,0.023896,0.334420
13.1400,3,113.266070,38.230898,0.000000,0.000000
13.1400,4,114.930524,38.124164,-0.128818,-1.548372
13.1400,5,64.299947,38.413672,0.000000,0.000000
13.1400,6,64.935071,37.927857,-1.117440,-0.743249
13.1400,7,63.757857,38.614946,-0.157892,-0.330180
13.1400,8,62.527983,39.338367,0.418591,0.183030
13.1400,9,63.214150,38.938090,0.070933,0.714334
13.1600,0,114.311745,38.148038,0.082458,-1.746573
13.1600,1,113.767247,38.172004,-0.111687,-0.060627
13.1600,2,115.696508,38.096897,0.101164,0.382523
13.1600,3,113.266070,38.230898,0.000000,0.000000
13.1600,4,114.927172,38.100818,-0.173574,-0.177468
13.1600,5,64.299947,38.413672,0.000000,0.000000
13.1600,6,64.927585,37.927904,0.344828,0.720498
13.1600,7,63.756277,38.610772,-0.315211,-0.614819
13.1600,8,62.531585,39.335383,0.243165,0.040167
13.1600,9,63.212212,38.945295,0.051828,0.536352
13.1800,0,114.313816,38.134143,0.112370,0.295006
13.1800,1,113.766060,38.176115,0.000717,0.469542
13.1800,2,115.698381,38.086961,0.110371,-0.734591
13.1800,3,113.266070,38.230898,0.000000,0.000000
13.1800,4,114.923879,38.115866,-0.148534,1.663845
13.1800,5,64.299947,38.413672,0.000000,0.000000
13.1800,6,64.934998,37.933469,0.404443,-0.130074
13.1800,7,63.758071,38.612439,0.479883,0.762801
13.1800,8,62.531663,39.329730,0.067095,-0.084998
13.1800,9,63.203806,38.937843,-0.544142,-0.690295
13.2000,0,114.315970,38.158223,0.072063,1.447527
13.2000,1,113.766797,38.178215,0.094775,0.347209
13.2000,2,115.701788,38.091111,0.199341,0.501098
13.2000,3,113.266070,38.230898,0.000000,0.000000
13.2000,4,114.920450,38.141840,-0.213035,0.323145
13.2000,5,64.299947,38.413672,0.000000,0.000000
13.2000,6,64.939724,37.926592,0.282507,0.058870
13.2000,7,63.762057,38.618741,-0.063197,-0.103579
13.2000,8,62.534107,39.331708,-0.120891,-0.230131
13.2000,9,63.203061,38.939189,0.453773,0.797795
13.2200,0,114.315613,38.167207,-0.104223,-0.496146
13.2200,1,113.769149,38.177359,0.157730,0.178190
13.2200,2,115.705723,38.095326,0.215777,0.503499
13.2200,3,113.266070,38.230898,0.000000,0.000000
13.2200,4,114.915674,38.129858,-0.258817,-1.498251
13.2200,5,64.299947,38.413672,0.000000,0.000000
13.2200,6,64.939798,37.924253,-0.254878,-0.267787
13.2200,7,63.755858,38.608726,-0.239285,-0.366865
13.2200,8,62.533189,39.331332,0.018477,0.169867
13.2200,9,63.208742,38.947217,0.130813,0.039579
13.2400,0,114.312077,38.139686,-0.214600,-1.583169
13.2400,1,113.772219,38.173317,0.163138,0.044253
13.2400,2,115.709297,38.087566,0.166522,-0.633724
13.2400,3,113.266070,38.230898,0.000000,0.000000
13.2400,4,114.911317,38.107541,-0.148201,-0.120026
13.2400,5,64.299947,38.413672,0.000000,0.000000
13.2400,6,64.935992,37.926559,-0.333331,-0.124709
13.2400,7,63.759042,38.615174,0.549869,0.995917
13.2400,8,62.528931,39.328183,-0.137864,0.035133
13.2400,9,63.208529,38.941507,0.151996,-0.078506
13.2600,0,114.308356,38.128333,-0.145317,0.405520
13.2600,1,113.774794,38.167349,0.108449,-0.024397
13.2600,2,115.707735,38.081723,-0.331168,-0.536238
13.2600,3,113.266070,38.230898,0.000000,0.000000
13.2600,4,114.914822,38.123922,0.446276,1.098225
13.2600,5,64.299947,38.413672,0.000000,0.000000
13.2600,6,64.934768,37.928479,-0.112197,-0.220490
13.2600,7,63.764567,38.625907,0.028198,0.113119
13.2600,8,62.527579,39.332302,-0.291402,-0.134928
13.2600,9,63.208247,38.933275,0.121522,-0.214454
13.2800,0,114.306708,38.154373,-0.037807,1.523511
13.2800,1,113.776306,38.172026,0.014095,-0.127367
13.2800,2,115.702502,38.089651,-0.189938,1.297058
13.2800,3,113.266070,38.230898,0.000000,0.000000
13.2800,4,114.922356,38.127061,0.297947,-0.759849
13.2800,5,64.299947,38.413672,0.000000,0.000000
13.2800,6,64.937616,37.928656,-0.018684,-0.228028
13.2800,7,63.754015,38.608843,-0.732823,-1.232325
13.2800,8,62.523462,39.333128,-0.417917,-0.299596
13.2800,9,63.212992,38.932757,0.043305,-0.356449
13.3000,0,114.306115,38.165297,-0.016959,-0.399949
13.3000,1,113.775761,38.174375,-0.065321,0.344960
13.3000,2,115.698700,38.096923,-0.186738,-0.538623
13.3000,3,113.266070,38.230898,0.000000,0.000000
13.3000,4,114.927460,38.118919,0.205003,-0.088956
13.3000,5,64.299947,38.413672,0.000000,0.000000
13.3000,6,64.938634,37.932279,0.213178,0.480567
13.3000,7,63.748309,38.598370,0.139844,0.150707
13.3000,8,62.521448,39.328184,-0.097411,-0.702917
13.3000,9,63.211830,38.932680,-0.449081,-0.186375
13.3200,0,114.306055,38.139365,0.035211,-1.527646
13.3200,1,113.773371,38.173514,-0.141459,0.197278
13.3200,2,115.695657,38.081551,-0.093207,-0.424841
13.3200,3,113.266070,38.230898,0.000000,0.000000
13.3200,4,114.930406,38.123073,0.064392,-0.079471
13.3200,5,64.299947,38.413672,0.000000,0.000000
13.3200,6,64.941697,37.935534,0.308625,0.461034
13.3200,7,63.758982,38.614248,0.910920,1.427576
13.3200,8,62.527362,39.329099,0.671837,0.769639
13.3200,9,63.206024,38.933165,-0.437778,-0.302852
13.3400,0,114.308275,38.128770,0.176561,0.439207
13.3400,1,113.770056,38.170535,-0.156143,0.121938
13.3400,2,115.695461,38.091658,0.045005,0.793170
13.3400,3,113.266070,38.230898,0.000000,0.000000
13.3400,4,114.930127,38.116483,-0.062889,0.017501
13.3400,5,64.299947,38.413672,0.000000,0.000000
13.3400,6,64.938015,37.928376,-0.563244,-1.222343
13.3400,7,63.771335,38.633422,0.007892,-0.043629
13.3400,8,62.535381,39.336895,0.146640,0.040277
13.3400,9,63.200402,38.930557,-0.430866,-0.490213
13.3600,0,114.312611,38.155562,0.218586,1.580673
13.3600,1,113.767077,38.165538,-0.134748,-0.623492
13.3600,2,115.696364,38.089319,0.043897,-0.999426
13.3600,3,113.266070,38.230898,0.000000,0.000000
13.3600,4,114.928090,38.123064,-0.159627,0.034976
13.3600,5,64.299947,38.413672,0.000000,0.000000
13.3600,6,64.928687,37.913126,-0.049959,0.235179
13.3600,7,63.760122,38.614128,-0.780140,-1.296789
13.3600,8,62.533668,39.331479,-0.015766,-0.064381
13.3600,9,63.201596,38.935341,0.540361,0.952866
13.3800,0,114.315622,38.167756,0.078216,-0.312781
13.3800,1,113.765968,38.170677,0.027283,1.104245
13.3800,2,115.698661,38.088538,0.181196,0.891525
13.3800,3,113.266070,38.230898,0.000000,0.000000
13.3800,4,114.924040,38.117979,-0.213710,0.047864
13.3800,5,64.299947,38.413672,0.000000,0.000000
13.3800,6,64.937524,37.934835,0.681749,1.260319
13.3800,7,63.752933,38.602968,0.046000,0.145757
13.3800,8,62.528726,39.323899,-0.174772,-0.176484
13.3800,9,63.208925,38.946364,0.211662,0.188149
13.4000,0,114.315552,38.143498,-0.059487,-1.452564
13.4000,1,113.767198,38.183842,0.094346,0.258361
13.4000,2,115.702405,38.099785,0.190805,0.260817
13.4000,3,113.266070,38.230898,0.000000,0.000000
13.4000,4,114.919859,38.124519,-0.222039,0.019276
13.4000,5,64.299947,38.413672,0.000000,0.000000
13.4000,6,64.944966,37.939897,-0.031889,-0.641104
13.4000,7,63.761496,38.619041,0.470426,0.880451
13.4000,8,62.532910,39.334906,0.264228,0.707810
13.4000,9,63.203700,38.932295,-0.399181,-1.009913
13.4200,0,114.314237,38.134294,-0.070388,0.502411
13.4200,1,113.769076,38.169164,0.112664,-1.037902
13.4200,2,115.705667,38.087377,0.159652,-0.855069
13.4200,3,113.266070,38.230898,0.000000,0.000000
13.4200,4,114.915441,38.119537,-0.189421,0.084138
13.4200,5,64.299947,38.413672,0.000000,0.000000
13.4200,6,64.939402,37.924818,-0.205951,-0.330154
13.4200,7,63.759220,38.616732,-0.674455,-1.079063
13.4200,8,62.533553,39.342100,0.106900,0.531046
13.4200,9,63.205280,38.927559,0.535942,0.512146
13.4400,0,114.312378,38.149738,-0.135144,0.441521
13.4400,1,113.772234,38.167197,0.191155,0.792574
13.4400,2,115.709684,38.089320,0.237837,1.013850
13.4400,3,113.266070,38.230898,0.000000,0.000000
13.4400,4,114.912411,38.127376,-0.136828,0.092874
13.4400,5,64.299947,38.413672,0.000000,0.000000
13.4400,6,64.936526,37.925939,-0.393967,-0.103316
13.4400,7,63.748162,38.598554,-0.115571,-0.203861
13.4400,8,62.524937,39.334876,-0.631905,-0.682837
13.4400,9,63.218016,38.941063,0.432693,0.325376
13.4600,0,114.309153,38.152325,-0.147558,0.437477
13.4600,1,113.775290,38.174629,0.105753,-0.016153
13.4600,2,115.708482,38.091356,-0.340207,-0.776545
13.4600,3,113.266070,38.230898,0.000000,0.000000
13.4600,4,114.915082,38.123468,0.405556,0.117246
13.4600,5,64.299947,38.413672,0.000000,0.000000
13.4600,6,64.934145,37.928267,-0.062556,-0.278643
13.4600,7,63.754029,38.607332,0.688525,1.070551
13.4600,8,62.525228,39.333573,0.633696,0.536357
13.4600,9,63.211900,38.932695,-0.685514,-0.583444
13.4800,0,114.306494,38.155138,-0.081479,0.469880
13.4800,1,113.776172,38.167030,0.001535,-0.130994
13.4800,2,115.702586,38.083112,-0.247208,-0.077141
13.4800,3,113.266070,38.230898,0.000000,0.000000
13.4800,4,114.922357,38.120183,0.336800,0.154712
13.4800,5,64.299947,38.413672,0.000000,0.000000
13.4800,6,64.937934,37.927337,0.025698,-0.280395
13.4800,7,63.762262,38.619144,0.150510,0.147261
13.4800,8,62.532676,39.336853,0.126660,-0.177131
13.4800,9,63.207916,38.936423,0.277908,0.927413
13.5000,0,114.305091,38.145579,-0.027858,-0.761506
13.5000,1,113.775360,38.168966,-0.103576,-0.279507
13.5000,2,115.698682,38.087510,-0.165873,-0.067228
13.5000,3,113.266070,38.230898,0.000000,0.000000
13.5000,4,114.928179,38.129154,0.214015,0.147804
13.5000,5,64.299947,38.413672,0.000000,0.000000
13.5000,6,64.939462,37.929395,-0.184978,-0.059151
13.5000,7,63.760244,38.613930,-0.037811,-0.131123
13.5000,8,62.530553,39.327069,-0.037583,-0.282248
13.5000,9,63.209966,38.946981,-0.048580,0.163515
13.5200,0,114.306414,38.149924,0.125985,0.509822
13.5200,1,113.772762,38.168478,-0.172166,-0.383688
13.5200,2,115.696500,38.092090,-0.076623,-0.052585
13.5200,3,113.266070,38.230898,0.000000,0.000000
13.5200,4,114.930815,38.126765,0.074385,0.206607
13.5200,5,64.299947,38.413672,0.000000,0.000000
13.5200,6,64.930995,37.925380,-0.241203,0.113351
13.5200,7,63.760521,38.613794,-0.243714,-0.405853
13.5200,8,62.530937,39.325171,-0.221403,-0.418627
13.5200,9,63.199765,38.932181,-0.631548,-1.060905
13.5400,0,114.309307,38.153965,0.179874,0.506912
13.5400,1,113.769357,38.165688,-0.182180,-0.506611
13.5400,2,115.695624,38.085899,0.012469,0.014623
13.5400,3,113.266070,38.230898,0.000000,0.000000
13.5400,4,114.930717,38.125344,-0.054702,0.255015
13.5400,5,64.299947,38.413672,0.000000,0.000000
13.5400,6,64.933510,37.930273,0.172221,-0.159133
13.5400,7,63.757025,38.608680,-0.416287,-0.637699
13.5400,8,62.534279,39.331803,0.224726,0.510537
13.5400,9,63.197374,38.926411,0.370803,0.452608
13.5600,0,114.312129,38.145227,0.121675,-0.699061
13.5600,1,113.766907,38.173394,-0.082297,0.594372
13.5600,2,115.696893,38.092056,0.087148,0.023467
13.5600,3,113.266070,38.230898,0.000000,0.000000
13.5600,4,114.928337,38.124713,-0.151037,0.279479
13.5600,5,64.299947,38.413672,0.000000,0.000000
13.5600,6,64.941780,37.931611,0.238813,-0.172814
13.5600,7,63.756915,38.610156,0.389175,0.752703
13.5600,8,62.534027,39.335277,0.053526,0.351195
13.5600,9,63.214018,38.949651,0.952926,1.296739
13.5800,0,114.314862,38.150825,0.115953,0.583543
13.5800,1,113.765884,38.177621,0.008302,0.446741
13.5800,2,115.699015,38.087337,0.146407,0.085900
13.5800,3,113.266070,38.230898,0.000000,0.000000
13.5800,4,114.924477,38.124718,-0.201956,0.320543
13.5800,5,64.299947,38.413672,0.000000,0.000000
13.5800,6,64.941354,37.925439,0.037650,0.092791
13.5800,7,63.759083,38.615658,-0.152802,-0.178909
13.5800,8,62.530492,39.335422,-0.101930,0.179283
13.5800,9,63.222704,38.956797,-0.065410,-0.538416
13.6000,0,114.316035,38.156219,0.025451,0.579060
13.6000,1,113.766785,38.179019,0.103555,0.314154
13.6000,2,115.702584,38.094878,0.182347,0.090478
13.6000,3,113.266070,38.230898,0.000000,0.000000
13.6000,4,114.920059,38.125310,-0.207343,0.336665
13.6000,5,64.299947,38.413672,0.000000,0.000000
13.6000,6,64.936776,37.923747,-0.475483,-0.237101
13.6000,7,63.757769,38.614503,0.018320,0.056533
13.6000,8,62.524142,39.332228,-0.225504,0.022425
13.6000,9,63.211799,38.929347,-0.692525,-1.623046
13.6200,0,114.314809,38.148688,-0.143737,-1.294044
13.6200,1,113.769309,38.177797,0.165193,0.182306
13.6200,2,115.706200,38.091465,0.200878,0.149437
13.6200,3,113.266070,38.230898,0.000000,0.000000
13.6200,4,114.915906,38.126069,-0.177622,0.343609
13.6200,5,64.299947,38.413672,0.000000,0.000000
13.6200,6,64.930873,37.925052,-0.332457,-0.249100
13.6200,7,63.759925,38.617956,-0.114130,-0.229918
13.6200,8,62.525784,39.333409,0.079357,-0.406969
13.6200,9,63.202941,38.916023,-0.201062,0.239493
13.6400,0,114.311589,38.130132,-0.145288,0.067066
13.6400,1,113.772546,38.174587,0.171759,0.111262
13.6400,2,115.710006,38.089157,0.201822,0.200982
13.6400,3,113.266070,38.230898,0.000000,0.000000
13.6400,4,114.912598,38.127436,-0.125174,0.395868
13.6400,5,64.299947,38.413672,0.000000,0.000000
13.6400,6,64.931621,37.923060,0.085302,-0.485904
13.6400,7,63.759715,38.616492,0.075066,0.066203
13.6400,8,62.528787,39.329203,-0.082205,-0.528814
13.6400,9,63.208013,38.935242,0.700347,1.656009
13.6600,0,114.309202,38.149743,-0.107920,1.236091
13.6600,1,113.775258,38.169973,0.112851,0.028741
13.6600,2,115.708641,38.088063,-0.297361,0.269982
13.6600,3,113.266070,38.230898,0.000000,0.000000
13.6600,4,114.915481,38.129669,0.415438,0.423296
13.6600,5,64.299947,38.413672,0.000000,0.000000
13.6600,6,64.942913,37.931143,0.594182,0.769110
13.6600,7,63.756271,38.609450,-0.108022,-0.238271
13.6600,8,62.528392,39.322498,-0.258884,-0.656962
13.6600,9,63.218167,38.959884,0.013208,0.282510
13.6800,0,114.306726,38.154522,-0.128164,-0.725961
13.6800,1,113.776795,38.175202,0.013105,-0.113816
13.6800,2,115.703034,38.087415,-0.258592,-0.304980
13.6800,3,113.266070,38.230898,0.000000,0.000000
13.6800,4,114.922413,38.119478,0.295449,-0.774205
13.6800,5,64.299947,38.413672,0.000000,0.000000
13.6800,6,64.942564,37.931417,-0.608152,-0.716035
13.6800,7,63.761772,38.618176,0.313731,0.525342
13.6800,8,62.530853,39.324217,0.492162,0.806393
13.6800,9,63.209430,38.947921,-0.874997,-1.457830
13.7000,0,114.305509,38.147401,0.006942,-0.002842
13.7000,1,113.775684,38.165940,-0.098134,-0.212080
13.7000,2,115.698914,38.087573,-0.176008,-0.261160
13.7000,3,113.266070,38.230898,0.000000,0.000000
13.7000,4,114.928001,38.123552,0.228871,0.506056
13.7000,5,64.299947,38.413672,0.000000,0.000000
13.7000,6,64.932382,37.925773,-0.318702,0.039776
13.7000,7,63.762918,38.620460,0.121666,0.246578
13.7000,8,62.535310,39.332776,-0.026087,0.081243
13.7000,9,63.196146,38.923961,-0.143837,-0.401980
13.7200,0,114.306947,38.153556,0.106558,0.010130
13.7200,1,113.773111,38.166352,-0.174963,-0.367456
13.7200,2,115.696537,38.088496,-0.086010,-0.226328
13.7200,3,113.266070,38.230898,0.000000,0.000000
13.7200,4,114.930929,38.127756,0.088060,0.507332
13.7200,5,64.299947,38.413672,0.000000,0.000000
13.7200,6,64.933414,37.929282,0.101237,-0.224408
13.7200,7,63.760589,38.617638,-0.036854,0.003084
13.7200,8,62.530329,39.328167,-0.168434,-0.026759
13.7200,9,63.202763,38.930567,0.792146,1.049599
13.7400,0,114.309459,38.148132,0.160582,0.049278
13.7400,1,113.769599,38.163733,-0.189325,-0.500220
13.7400,2,115.695948,38.090039,0.001281,-0.198921
13.7400,3,113.266070,38.230898,0.000000,0.000000
13.7400,4,114.930565,38.119317,-0.092179,-0.680261
13.7400,5,64.299947,38.413672,0.000000,0.000000
13.7400,6,64.940326,37.929379,0.174090,-0.231626
13.7400,7,63.755160,38.609560,-0.188006,-0.281172
13.7400,8,62.528367,39.331099,-0.324044,-0.194924
13.7400,9,63.214463,38.943453,0.393985,0.278517
13.7600,0,114.312432,38.143209,0.127241,-0.530847
13.7600,1,113.766975,38.171509,-0.063062,1.263722
13.7600,2,115.697030,38.092781,0.103124,0.443064
13.7600,3,113.266070,38.230898,0.000000,0.000000
13.7600,4,114.927966,38.112338,-0.186852,-0.617643
13.7600,5,64.299947,38.413672,0.000000,0.000000
13.7600,6,64.938671,37.922095,-0.020579,0.040268
13.7600,7,63.759621,38.617468,0.291360,0.483042
13.7600,8,62.523561,39.330716,-0.452277,-0.357208
13.7600,9,63.212179,38.931315,-0.285238,-0.902436
13.7800,0,114.315220,38.151935,0.115775,0.720204
13.7800,1,113.766405,38.188407,-0.017223,-0.202991
13.7800,2,115.699458,38.096179,0.161135,0.476151
13.7800,3,113.266070,38.230898,0.000000,0.000000
13.7800,4,114.924454,38.119236,-0.158148,1.275768
13.7800,5,64.299947,38.413672,0.000000,0.000000
13.7800,6,64.939315,37.930253,-0.227026,0.230411
13.7800,7,63.760845,38.618619,0.145462,0.174130
13.7800,8,62.527267,39.335627,0.476611,0.285005
13.7800,9,63.211168,38.931780,0.185527,0.914008
13.8000,0,114.315813,38.146591,-0.028939,-0.560178
13.8000,1,113.766326,38.164577,0.031414,-1.506041
13.8000,2,115.702317,38.087740,0.148687,-0.675811
13.8000,3,113.266070,38.230898,0.000000,0.000000
13.8000,4,114.920840,38.137451,-0.222122,-0.056546
13.8000,5,64.299947,38.413672,0.000000,0.000000
13.8000,6,64.934101,37.928635,0.013842,0.153359
13.8000,7,63.758979,38.613792,-0.018667,-0.117836
13.8000,8,62.531953,39.334559,0.293771,0.130101
13.8000,9,63.211101,38.942235,-0.166733,0.162985
13.8200,0,114.314606,38.142116,-0.115513,-0.487497
13.8200,1,113.768353,38.153028,0.160715,0.303288
13.8200,2,115.705757,38.080690,0.167722,-0.608330
13.8200,3,113.266070,38.230898,0.000000,0.000000
13.8200,4,114.915871,38.118510,-0.242098,-1.180235
13.8200,5,64.299947,38.413672,0.000000,0.000000
13.8200,6,64.935135,37.923505,-0.005049,-0.554053
13.8200,7,63.759809,38.613865,-0.209296,-0.396557
13.8200,8,62.533018,39.330671,0.116200,0.003320
13.8200,9,63.204970,38.938714,-0.135971,0.010306
13.8400,0,114.312474,38.152338,-0.120432,0.819483
13.8400,1,113.772341,38.176026,0.203813,1.324977
13.8400,2,115.709931,38.087379,0.245778,1.246496
13.8400,3,113.266070,38.230898,0.000000,0.000000
13.8400,4,114.912350,38.114881,-0.109593,0.776471
13.8400,5,64.299947,38.413672,0.000000,0.000000
13.8400,6,64.936078,37.920376,-0.212840,-0.304434
13.8400,7,63.756877,38.608645,-0.399219,-0.662219
13.8400,8,62.530313,39.323910,-0.371487,-0.654971
13.8400,9,63.205539,38.942320,-0.113019,-0.173474
13.8600,0,114.308995,38.149139,-0.213258,-1.123990
13.8600,1,113.775184,38.181163,0.074390,-0.765795
13.8600,2,115.709377,38.105530,-0.309815,-0.019977
13.8600,3,113.266070,38.230898,0.000000,0.000000
13.8600,4,114.915990,38.135283,0.424687,0.676573
13.8600,5,64.299947,38.413672,0.000000,0.000000
13.8600,6,64.939746,37.933429,0.232623,1.004743
13.8600,7,63.756976,38.609585,0.399659,0.737692
13.8600,8,62.530725,39.325925,0.401901,0.834005
13.8600,9,63.200741,38.932411,-0.062968,-0.289999
13.8800,0,114.305585,38.133645,-0.091151,0.214299
13.8800,1,113.775564,38.159860,-0.018535,-0.773316
13.8800,2,115.703045,38.087670,-0.292719,-1.122944
13.8800,3,113.266070,38.230898,0.000000,0.000000
13.8800,4,114.923058,38.130352,0.273146,-1.136302
13.8800,5,64.299947,38.413672,0.000000,0.000000
13.8800,6,64.938619,37.933636,-0.335053,-0.950381
13.8800,7,63.759464,38.615286,-0.131592,-0.143951
13.8800,8,62.533529,39.335007,-0.102174,0.101469
13.8800,9,63.209042,38.941384,0.548961,0.607106
13.9000,0,114.305596,38.156798,0.065505,1.432307
13.9000,1,113.774845,38.162660,-0.051301,1.011487
13.9000,2,115.698797,38.084535,-0.131467,0.775826
13.9000,3,113.266070,38.230898,0.000000,0.000000
13.9000,4,114.927693,38.115664,0.183479,-0.373265
13.9000,5,64.299947,38.413672,0.000000,0.000000
13.9000,6,64.935610,37.922048,0.020787,-0.241709
13.9000,7,63.758244,38.614800,-0.298008,-0.434261
13.9000,8,62.527098,39.330521,-0.235499,-0.033022
13.9000,9,63.209844,38.935134,-0.127970,-0.635469
13.9200,0,114.307107,38.165955,0.081514,-0.476033
13.9200,1,113.772756,38.173651,-0.148088,0.113704
13.9200,2,115.696773,38.093596,-0.069422,0.158554
13.9200,3,113.266070,38.230898,0.000000,0.000000
13.9200,4,114.930739,38.126972,0.092401,0.835125
13.9200,5,64.299947,38.413672,0.000000,0.000000
13.9200,6,64.937044,37.924851,-0.189517,-0.023288
13.9200,7,63.754098,38.608686,-0.427649,-0.713948
13.9200,8,62.524040,39.333284,-0.366930,-0.206173
13.9200,9,63.209925,38.926786,-0.180488,-0.729923
13.9400,0,114.308595,38.138517,0.087119,-1.594660
13.9400,1,113.769337,38.168196,-0.160424,-0.035509
13.9400,2,115.696026,38.091390,0.017946,0.200696
13.9400,3,113.266070,38.230898,0.000000,0.000000
13.9400,4,114.930447,38.124597,-0.115741,-1.029258
13.9400,5,64.299947,38.413672,0.000000,0.000000
13.9400,6,64.936576,37.930226,-0.074092,-0.054300
13.9400,7,63.754323,38.608372,0.431623,0.658813
13.9400,8,62.523005,39.330132,-0.049533,-0.615358
13.9400,9,63.210941,38.930687,0.282728,1.083680
13.9600,0,114.311236,38.126736,0.165216,0.363739
13.9600,1,113.766856,38.172641,-0.101048,-0.121432
13.9600,2,115.696923,38.090127,0.093734,0.252299
13.9600,3,113.266070,38.230898,0.000000,0.000000
13.9600,4,114.927441,38.111895,-0.179489,-0.267316
13.9600,5,64.299947,38.413672,0.000000,0.000000
13.9600,6,64.934162,37.923303,0.047795,-0.022112
13.9600,7,63.763931,38.622954,0.217851,0.287896
13.9600,8,62.529806,39.332670,0.713934,0.846628
13.9600,9,63.212724,38.944491,-0.085996,0.314236
13.9800,0,114.314772,38.152342,0.153081,1.517950
13.9800,1,113.765959,38.175840,0.015097,0.417588
13.9800,2,115.699162,38.089856,0.151338,0.298150
13.9800,3,113.266070,38.230898,0.000000,0.000000
13.9800,4,114.924095,38.125766,-0.175886,0.981253
13.9800,5,64.299947,38.413672,0.000000,0.000000
13.9800,6,64.938198,37.928700,0.138593,-0.052728
13.9800,7,63.756632,38.609167,-0.596312,-1.064744
13.9800,8,62.538588,39.341870,0.182971,0.107429
13.9800,9,63.201444,38.932482,-0.693318,-0.923820
14.0000,0,114.316114,38.162709,-0.019598,-0.432364
14.0000,1,113.766928,38.176342,0.103489,0.244150
14.0000,2,115.702343,38.090306,0.187909,0.326961
14.0000,3,113.266070,38.230898,0.000000,0.000000
14.0000,4,114.919651,38.126127,-0.260436,-0.914504
14.0000,5,64.299947,38.413672,0.000000,0.000000
14.0000,6,64.935875,37.924810,-0.051874,0.200902
14.0000,7,63.753100,38.602493,0.227043,0.368812
14.0000,8,62.531215,39.326842,-0.584008,-1.034201
14.0000,9,63.197834,38.929432,0.318259,0.593761
14.0200,0,114.314068,38.136217,-0.153729,-1.547402
14.0200,1,113.769373,38.173598,0.157207,0.108494
14.0200,2,115.706059,38.091440,0.205153,0.365977
14.0200,3,113.266070,38.230898,0.000000,0.000000
14.0200,4,114.915007,38.115070,-0.200214,-0.211368
14.0200,5,64.299947,38.413672,0.000000,0.000000
14.0200,6,64.938034,37.934439,0.051855,0.147523
14.0200,7,63.765120,38.623087,0.627213,1.102863
14.0200,8,62.527612,39.321672,0.207234,0.485015
14.0200,9,63.207101,38.944170,0.300700,0.357267
14.0400,0,114.311183,38.125240,-0.127568,0.408316
14.0400,1,113.772389,38.168920,0.157711,0.041645
14.0400,2,115.709943,38.093331,0.205297,0.400942
14.0400,3,113.266070,38.230898,0.000000,0.000000
14.0400,4,114.912317,38.130109,-0.095277,1.055635
14.0400,5,64.299947,38.413672,0.000000,0.000000
14.0400,6,64.938049,37.931354,0.164230,0.159780
14.0400,7,63.765557,38.625143,-0.558349,-0.859097
14.0400,8,62.532674,39.334341,0.005050,0.271634
14.0400,9,63.209929,38.944140,0.285484,0.169763
14.0600,0,114.309173,38.151026,-0.091254,1.495264
14.0600,1,113.775344,38.175015,0.104936,-0.049355
14.0600,2,115.708644,38.096019,-0.294324,0.446820
14.0600,3,113.266070,38.230898,0.000000,0.000000
14.0600,4,114.915221,38.132264,0.363928,-0.813641
14.0600,5,64.299947,38.413672,0.000000,0.000000
14.0600,6,64.938190,37.929999,0.167719,0.240329
14.0600,7,63.750187,38.600776,-0.661621,-1.058618
14.0600,8,62.528280,39.333096,-0.137904,0.123175
14.0600,9,63.212344,38.940846,0.268057,0.047909
14.0800,0,114.307012,38.161064,-0.112255,-0.425829
14.0800,1,113.776219,38.166618,0.002337,-0.189672
14.0800,2,115.702603,38.087114,-0.278786,-0.687629
14.0800,3,113.266070,38.230898,0.000000,0.000000
14.0800,4,114.921712,38.111128,0.298398,-0.713872
14.0800,5,64.299947,38.413672,0.000000,0.000000
14.0800,6,64.936424,37.931667,-0.025139,0.463950
14.0800,7,63.745531,38.593364,0.185317,0.289802
14.0800,8,62.527065,39.338817,-0.277803,-0.063105
14.0800,9,63.214341,38.935713,0.235004,-0.028126
14.1000,0,114.305569,38.147908,-0.005534,-0.303236
14.1000,1,113.775424,38.167382,-0.102174,-0.329968
14.1000,2,115.698104,38.080069,-0.193807,-0.600614
14.1000,3,113.266070,38.230898,0.000000,0.000000
14.1000,4,114.927338,38.115986,0.257857,1.177190
14.1000,5,64.299947,38.413672,0.000000,0.000000
14.1000,6,64.937050,37.932982,0.394720,0.212186
14.1000,7,63.757150,38.611604,0.965971,1.533770
14.1000,8,62.521979,39.328541,0.058848,-0.436984
14.1000,9,63.210989,38.931776,-0.247758,0.151089
14.1200,0,114.306728,38.148201,0.090819,-0.282798
14.1200,1,113.772827,38.165640,-0.174025,-0.464557
14.1200,2,115.695905,38.086741,-0.026932,1.236256
14.1200,3,113.266070,38.230898,0.000000,0.000000
14.1200,4,114.930816,38.132531,0.090282,0.505560
14.1200,5,64.299947,38.413672,0.000000,0.000000
14.1200,6,64.943559,37.931136,0.471337,0.219477
14.1200,7,63.770654,38.632530,0.065667,0.025486
14.1200,8,62.530857,39.334520,0.493041,0.463047
14.1200,9,63.208810,38.938219,-0.273196,-0.038838
14.1400,0,114.309424,38.148886,0.143710,-0.258634
14.1400,1,113.769903,38.174354,-0.135742,0.643540
14.1400,2,115.695951,38.104406,0.005724,-0.051271
14.1400,3,113.266070,38.230898,0.000000,0.000000
14.1400,4,114.930498,38.124114,-0.117460,-1.324114
14.1400,5,64.299947,38.413672,0.000000,0.000000
14.1400,6,64.940873,37.920979,-0.385798,-0.638162
14.1400,7,63.760573,38.614358,-1.062915,-1.827667
14.1400,8,62.535769,39.337012,0.299669,0.304413
14.1400,9,63.206657,38.941139,0.053225,0.317049
14.1600,0,114.312602,38.150558,0.163794,0.411925
14.1600,1,113.767374,38.179659,-0.083408,0.499252
14.1600,2,115.696110,38.086160,0.035004,-1.130132
14.1600,3,113.266070,38.230898,0.000000,0.000000
14.1600,4,114.927447,38.105371,-0.156014,0.050399
14.1600,5,64.299947,38.413672,0.000000,0.000000
14.1600,6,64.941244,37.927700,0.075670,0.705011
14.1600,7,63.748016,38.593040,-0.209896,-0.343963
14.1600,8,62.536907,39.336530,0.118737,0.168598
14.1600,9,63.204948,38.940536,0.090199,0.161843
14.1800,0,114.315104,38.152835,0.105261,0.424958
14.1800,1,113.765794,38.169019,-0.043548,-0.871548
14.1800,2,115.698247,38.082987,0.173953,0.775939
14.1800,3,113.266070,38.230898,0.000000,0.000000
14.1800,4,114.924493,38.124858,-0.159530,1.239950
14.1800,5,64.299947,38.413672,0.000000,0.000000
14.1800,6,64.937725,37.938197,-0.004388,0.802368
14.1800,7,63.751558,38.599396,0.555132,0.964954
14.1800,8,62.534591,39.333489,-0.044852,0.047473
14.1800,9,63.204086,38.937135,0.129610,0.029845
14.2000,0,114.316077,38.155436,0.015825,0.443904
14.2000,1,113.766638,38.169851,0.124122,0.928037
14.2000,2,115.701855,38.091913,0.184581,0.146250
14.2000,3,113.266070,38.230898,0.000000,0.000000
14.2000,4,114.920336,38.130274,-0.247732,-0.658316
14.2000,5,64.299947,38.413672,0.000000,0.000000
14.2000,6,64.932187,37.934493,-0.539918,-1.140246
14.2000,7,63.763137,38.619761,0.296125,0.555578
14.2000,8,62.529178,39.328059,-0.193302,-0.076800
14.2000,9,63.209675,38.941284,0.114846,-0.143418
14.2200,0,114.314667,38.145245,-0.124247,-0.770085
14.2200,1,113.769525,38.179788,0.157261,0.101307
14.2200,2,115.705529,38.089557,0.204392,0.202803
14.2200,3,113.266070,38.230898,0.000000,0.000000
14.2200,4,114.915400,38.112155,-0.216274,-0.559349
14.2200,5,64.299947,38.413672,0.000000,0.000000
14.2200,6,64.929325,37.916095,0.457470,-0.073207
14.2200,7,63.764067,38.622548,0.120978,0.267991
14.2200,8,62.526782,39.330039,-0.340635,-0.236957
14.2200,9,63.208708,38.931902,0.091046,-0.263380
14.2400,0,114.312346,38.149645,-0.130290,0.530800
14.2400,1,113.772593,38.174931,0.162702,0.022323
14.2400,2,115.709418,38.088381,0.206464,0.257936
14.2400,3,113.266070,38.230898,0.000000,0.000000
14.2400,4,114.912364,38.120152,-0.086210,1.330367
14.2400,5,64.299947,38.413672,0.000000,0.000000
14.2400,6,64.945727,37.933544,0.836516,1.213671
14.2400,7,63.761883,38.619850,-0.022345,-0.007300
14.2400,8,62.521730,39.328914,-0.462474,-0.392975
14.2400,9,63.212883,38.930488,0.016080,-0.398404
14.2600,0,114.309248,38.153912,-0.139845,0.516252
14.2600,1,113.775077,38.168115,0.099922,-0.090636
14.2600,2,115.708121,38.087762,-0.318728,-0.292804
14.2600,3,113.266070,38.230898,0.000000,0.000000
14.2600,4,114.915949,38.139226,0.395638,-0.020998
14.2600,5,64.299947,38.413672,0.000000,0.000000
14.2600,6,64.949979,37.942254,-0.389981,-0.316504
14.2600,7,63.757097,38.611603,-0.145656,-0.287011
14.2600,8,62.525250,39.333137,0.786326,0.797320
14.2600,9,63.211022,38.929322,-0.490677,-0.250384
14.2800,0,114.306171,38.144935,-0.129463,-0.736100
14.2800,1,113.776356,38.170923,0.000731,-0.231551
14.2800,2,115.702608,38.087988,-0.253596,-0.262867
14.2800,3,113.266070,38.230898,0.000000,0.000000
14.2800,4,114.922497,38.120829,0.276792,-1.155178
14.2800,5,64.299947,38.413672,0.000000,0.000000
14.2800,6,64.930940,37.921895,-1.160848,-1.123073
14.2800,7,63.755792,38.608284,-0.301929,-0.575806
14.2800,8,62.535622,39.341385,0.266401,0.058748
14.2800,9,63.210726,38.939452,0.122461,0.670219
14.3000,0,114.305438,38.149875,0.029221,0.539931
14.3000,1,113.775575,38.171532,-0.100321,-0.320733
14.3000,2,115.698593,38.088963,-0.170547,-0.220220
14.3000,3,113.266070,38.230898,0.000000,0.000000
14.3000,4,114.927721,38.117689,0.238263,0.802066
14.3000,5,64.299947,38.413672,0.000000,0.000000
14.3000,6,64.922548,37.914695,0.295844,0.375247
14.3000,7,63.757853,38.610678,0.493035,0.796258
14.3000,8,62.529834,39.325225,-0.509895,-1.097560
14.3000,9,63.210108,38.945720,0.130999,0.490139
14.3200,0,114.306795,38.154559,0.126806,0.535533
14.3200,1,113.772999,38.170432,-0.147069,0.198901
14.3200,2,115.696326,38.090646,-0.080481,-0.191396
14.3200,3,113.266070,38.230898,0.000000,0.000000
14.3200,4,114.930790,38.126955,0.069568,0.154342
14.3200,5,64.299947,38.413672,0.000000,0.000000
14.3200,6,64.941853,37.935961,1.175682,1.237277
14.3200,7,63.761953,38.617363,-0.063054,-0.095505
14.3200,8,62.527593,39.318709,0.271511,0.420698
14.3200,9,63.203305,38.937212,-0.464653,-0.747124
14.3400,0,114.309141,38.146063,0.127867,-0.688821
14.3400,1,113.769583,38.166366,-0.186034,-0.588252
14.3400,2,115.695873,38.093465,0.032517,0.446782
14.3400,3,113.266070,38.230898,0.000000,0.000000
14.3400,4,114.930605,38.124466,-0.058626,0.193444
14.3400,5,64.299947,38.413672,0.000000,0.000000
14.3400,6,64.952554,37.945109,-0.083887,-0.296056
14.3400,7,63.755859,38.607656,-0.229940,-0.345279
14.3400,8,62.540249,39.341202,0.664964,1.260271
14.3400,9,63.204182,38.937636,0.535783,0.766051
14.3600,0,114.312022,38.139042,0.124462,-0.626444
14.3600,1,113.767042,38.172809,-0.087721,0.541568
14.3600,2,115.697056,38.096817,0.107958,0.471615
14.3600,3,113.266070,38.230898,0.000000,0.000000
14.3600,4,114.928161,38.122770,-0.153834,0.234079
14.3600,5,64.299947,38.413672,0.000000,0.000000
14.3600,6,64.939323,37.925138,-0.885809,-1.104696
14.3600,7,63.759179,38.614463,0.552226,1.007556
14.3600,8,62.541975,39.347959,-0.470056,-0.552277
14.3600,9,63.211259,38.945038,0.182669,0.002776
14.3800,0,114.314783,38.145827,0.143924,1.285623
14.3800,1,113.765909,38.176148,0.002541,0.408740
14.3800,2,115.699052,38.088387,0.115822,-0.667743
14.3800,3,113.266070,38.230898,0.000000,0.000000
14.3800,4,114.924257,38.121889,-0.203505,0.275006
14.3800,5,64.299947,38.413672,0.000000,0.000000
14.3800,6,64.930210,37.922990,0.063150,0.775543
14.3800,7,63.764678,38.625324,0.023252,0.113907
14.3800,8,62.522209,39.320199,-1.168837,-1.650642
14.3800,9,63.211581,38.938356,0.156093,-0.133179
14.4000,0,114.316447,38.164185,-0.005222,-0.055591
14.4000,1,113.766688,38.176534,0.096793,0.245401
14.4000,2,115.702035,38.081552,0.154328,-0.595392
14.4000,3,113.266070,38.230898,0.000000,0.000000
14.4000,4,114.919793,38.120983,-0.235365,-0.343955
14.4000,5,64.299947,38.413672,0.000000,0.000000
14.4000,6,64.938522,37.940473,0.450232,0.439551
14.4000,7,63.754010,38.608263,-0.733781,-1.223386
14.4000,8,62.507675,39.303020,-0.297460,-0.095467
14.4000,9,63.211198,38.929444,0.112824,-0.218690
14.4200,0,114.314647,38.144919,-0.143523,-1.197728
14.4200,1,113.769060,38.173704,0.156481,0.094950
14.4200,2,115.706105,38.088409,0.248068,1.247965
14.4200,3,113.266070,38.230898,0.000000,0.000000
14.4200,4,114.915592,38.120275,-0.205034,-0.321411
14.4200,5,64.299947,38.413672,0.000000,0.000000
14.4200,6,64.941576,37.929936,-0.240879,-1.381189
14.4200,7,63.748292,38.597993,0.139200,0.161314
14.4200,8,62.514279,39.312871,0.930199,1.062927
14.4200,9,63.211388,38.932029,-0.382779,-0.057184
14.4400,0,114.311939,38.141015,-0.121969,0.772851
14.4400,1,113.772076,38.168432,0.158167,-0.008258
14.4400,2,115.710781,38.106457,0.192282,-0.027576
14.4400,3,113.266070,38.230898,0.000000,0.000000
14.4400,4,114.912257,38.120224,-0.151948,-0.282645
14.4400,5,64.299947,38.413672,0.000000,0.000000
14.4400,6,64.938359,37.911674,-0.094611,-0.479014
14.4400,7,63.758934,38.614064,0.908159,1.435742
14.4400,8,62.539667,39.347323,1.277057,1.817522
14.4400,9,63.206897,38.934986,-0.374982,-0.189341
14.4600,0,114.308958,38.149449,-0.162872,0.083957
14.4600,1,113.775015,38.172951,0.104488,-0.141277
14.4600,2,115.708713,38.088748,-0.355477,-1.103618
14.4600,3,113.266070,38.230898,0.000000,0.000000
14.4600,4,114.915115,38.120546,0.388069,-0.278626
14.4600,5,64.299947,38.413672,0.000000,0.000000
14.4600,6,64.944251,37.921438,0.670572,1.422219
14.4600,7,63.771204,38.633343,0.002232,-0.041786
14.4600,8,62.553201,39.364769,0.096262,-0.038083
14.4600,9,63.202406,38.934389,-0.382386,-0.405296
14.4800,0,114.306007,38.145348,-0.095341,0.117484
14.4800,1,113.775870,38.162982,0.000937,-0.241673
14.4800,2,115.703020,38.085976,-0.211923,0.790764
14.4800,3,113.266070,38.230898,0.000000,0.000000
14.4800,4,114.922542,38.121361,0.318312,-0.232676
14.4800,5,64.299947,38.413672,0.000000,0.000000
14.4800,6,64.951686,37.944996,-0.239520,0.387998
14.4800,7,63.759850,38.613996,-0.788940,-1.304316
14.4800,8,62.544285,39.347113,-0.972734,-1.701057
14.4800,9,63.204419,38.940615,0.245818,0.448814
14.5000,0,114.305397,38.153846,0.010667,0.119297
14.5000,1,113.775566,38.175933,-0.055700,0.845546
14.5000,2,115.699291,38.095271,-0.157854,0.166527
14.5000,3,113.266070,38.230898,0.000000,0.000000
14.5000,4,114.928012,38.122961,0.197356,-0.212276
14.5000,5,64.299947,38.413672,0.000000,0.000000
14.5000,6,64.939632,37.935013,-0.956788,-1.353247
14.5000,7,63.752547,38.602746,0.044593,0.145987
14.5000,8,62.521192,39.308550,-1.037026,-1.644338
14.5000,9,63.206406,38.942447,0.267863,0.281103
14.5200,0,114.306406,38.150368,0.111454,0.134261
14.5200,1,113.772884,38.171908,-0.202776,-1.207584
14.5200,2,115.696792,38.093350,-0.067355,0.217468
14.5200,3,113.266070,38.230898,0.000000,0.000000
14.5200,4,114.930832,38.125445,0.082959,0.444478
14.5200,5,64.299947,38.413672,0.000000,0.000000
14.5200,6,64.926770,37.914255,-0.114560,-0.106828
14.5200,7,63.761133,38.618864,0.473527,0.884095
14.5200,8,62.508867,39.291514,-0.209034,-0.088190
14.5200,9,63.208924,38.941598,0.287820,0.165973
14.5400,0,114.309030,38.147448,0.167471,0.184663
14.5400,1,113.768850,38.153640,-0.163469,0.015107
14.5400,2,115.696090,38.092307,0.020600,0.259603
14.5400,3,113.266070,38.230898,0.000000,0.000000
14.5400,4,114.930896,38.128557,-0.046843,0.474332
14.5400,5,64.299947,38.413672,0.000000,0.000000
14.5400,6,64.934381,37.929457,0.956428,1.522578
14.5400,7,63.758817,38.616389,-0.680123,-1.096447
14.5400,8,62.512341,39.303908,0.547151,1.305880
14.5400,9,63.211460,38.938509,0.269463,0.056794
14.5600,0,114.312137,38.145107,0.133936,-0.406490
14.5600,1,113.766659,38.170769,-0.043795,1.694319
14.5600,2,115.697040,38.092024,0.096465,0.293710
14.5600,3,113.266070,38.230898,0.000000,0.000000
14.5600,4,114.928127,38.119454,-0.194749,-0.709502
14.5600,5,64.299947,38.413672,0.000000,0.000000
14.5600,6,64.953394,37.950400,0.517767,0.113533
14.5600,7,63.747634,38.597810,-0.114710,-0.214266
14.5600,8,62.530414,39.342893,0.935803,2.029333
14.5600,9,63.213419,38.933547,0.227653,-0.025059
14.5800,0,114.314507,38.143046,0.069982,-0.416277
14.5800,1,113.766482,38.195895,0.004174,0.197574
14.5800,2,115.699337,38.092505,0.154532,0.333649
14.5800,3,113.266070,38.230898,0.000000,0.000000
14.5800,4,114.923925,38.111964,-0.243573,-0.645506
14.5800,5,64.299947,38.413672,0.000000,0.000000
14.5800,6,64.951592,37.938193,-0.677444,-1.308977
14.5800,7,63.753562,38.606427,0.695085,1.068207
14.5800,8,62.542005,39.361412,0.233863,-0.131204
14.5800,9,63.209604,38.929151,-0.585143,-0.408548
14.6000,0,114.315220,38.140628,-0.024862,-0.430901
14.6000,1,113.766964,38.180589,0.038199,-1.714880
14.6000,2,115.702591,38.093830,0.192076,0.377990
14.6000,3,113.266070,38.230898,0.000000,0.000000
14.6000,4,114.919739,38.118296,-0.169727,1.246314
14.6000,5,64.299947,38.413672,0.000000,0.000000
14.6000,6,64.933752,37.910448,-0.788862,-0.929810
14.6000,7,63.761922,38.618209,0.155896,0.145741
14.6000,8,62.535913,39.341772,-0.829873,-1.804471
14.6000,9,63.207396,38.935971,0.357548,1.065070
14.6200,0,114.314657,38.151296,-0.056836,0.823572
14.6200,1,113.768627,38.153125,0.143850,-0.419029
14.6200,2,115.706387,38.095829,0.209026,0.401779
14.6200,3,113.266070,38.230898,0.000000,0.000000
14.6200,4,114.916280,38.136193,-0.170063,0.575206
14.6200,5,64.299947,38.413672,0.000000,0.000000
14.6200,6,64.926474,37.911651,0.046827,1.016192
14.6200,7,63.759968,38.612933,-0.037370,-0.136553
14.6200,8,62.521637,39.311404,-0.296306,-0.713163
14.6200,9,63.211023,38.949214,0.030199,0.295258
14.6400,0,114.312038,38.148685,-0.197033,-1.054847
14.6400,1,113.772225,38.161796,0.206348,1.266581
14.6400,2,115.709821,38.085944,0.159246,-0.744747
14.6400,3,113.266070,38.230898,0.000000,0.000000
14.6400,4,114.912573,38.129067,-0.196978,-1.257254
14.6400,5,64.299947,38.413672,0.000000,0.000000
14.6400,6,64.939148,37.946641,0.970237,1.809338
14.6400,7,63.760179,38.612613,-0.250970,-0.419907
14.6400,8,62.523376,39.312074,0.457388,0.757414
14.6400,9,63.202494,38.937200,-0.541635,-0.911576
14.6600,0,114.308167,38.134940,-0.178228,-0.352628
14.6600,1,113.775544,38.178424,0.118885,0.434209
14.6600,2,115.708636,38.090218,-0.288686,0.525473
14.6600,3,113.266070,38.230898,0.000000,0.000000
14.6600,4,114.914606,38.111769,0.374954,-0.508264
14.6600,5,64.299947,38.413672,0.000000,0.000000
14.6600,6,64.952261,37.962137,0.353229,-0.221788
14.6600,7,63.756445,38.607081,-0.433109,-0.666605
14.6600,8,62.539541,39.340939,0.831429,1.562659
14.6600,9,63.201966,38.934493,0.465586,0.607252
14.6800,0,114.305933,38.146768,-0.035096,1.513890
14.6800,1,113.776220,38.167079,-0.028354,-0.888410
14.6800,2,115.703224,38.095186,-0.224417,0.550198
14.6800,3,113.266070,38.230898,0.000000,0.000000
14.6800,4,114.922329,38.120904,0.385366,1.390477
14.6800,5,64.299947,38.413672,0.000000,0.000000
14.6800,6,64.951460,37.940687,-0.521728,-1.822920
14.6800,7,63.755868,38.607781,0.365354,0.713274
14.6800,8,62.544473,39.353490,-0.314407,-0.273826
14.6800,9,63.207670,38.938781,0.114704,-0.149825
14.7000,0,114.305936,38.169704,0.011596,0.164387
14.7000,1,113.775349,38.167399,-0.057216,0.883947
14.7000,2,115.698756,38.088125,-0.192988,-0.612497
14.7000,3,113.266070,38.230898,0.000000,0.000000
14.7000,4,114.928567,38.141258,0.206988,0.040226
14.7000,5,64.299947,38.413672,0.000000,0.000000
14.7000,6,64.942900,37.914023,-0.348485,-0.877929
14.7000,7,63.764101,38.623664,0.156629,0.365032
14.7000,8,62.527771,39.331134,-1.017253,-1.387322
14.7000,9,63.206618,38.929103,0.080753,-0.291988
14.7200,0,114.306416,38.154444,0.033388,-1.661418
14.7200,1,113.773133,38.176070,-0.156126,0.019922
14.7200,2,115.696042,38.082208,-0.102410,-0.558597
14.7200,3,113.266070,38.230898,0.000000,0.000000
14.7200,4,114.930539,38.123906,-0.009504,-1.747808
14.7200,5,64.299947,38.413672,0.000000,0.000000
14.7200,6,64.943962,37.916214,0.441072,1.063309
14.7200,7,63.756000,38.611464,-0.613873,-0.993557
14.7200,8,62.516223,39.319087,-0.152409,0.150548
14.7200,9,63.217155,38.938380,0.629368,0.643755
14.7400,0,114.308076,38.129386,0.149829,-0.219234
14.7400,1,113.769565,38.169564,-0.167143,-0.058244
14.7400,2,115.695667,38.089881,0.062526,1.296783
14.7400,3,113.266070,38.230898,0.000000,0.000000
14.7400,4,114.929426,38.097343,-0.072757,-0.307543
14.7400,5,64.299947,38.413672,0.000000,0.000000
14.7400,6,64.947032,37.932972,-0.113284,0.638368
14.7400,7,63.752519,38.605598,0.247593,0.379637
14.7400,8,62.525601,39.333592,1.064588,1.286239
14.7400,9,63.214665,38.935970,-0.845003,-0.864640
14.7600,0,114.311910,38.144001,0.222523,1.647743
14.7600,1,113.766946,38.173666,-0.110122,-0.147209
14.7600,2,115.696894,38.097349,0.059159,-0.519713
14.7600,3,113.266070,38.230898,0.000000,0.000000
14.7600,4,114.927858,38.110045,-0.082631,1.543671
14.7600,5,64.299947,38.413672,0.000000,0.000000
14.7600,6,64.933248,37.930759,-1.140584,-0.914071
14.7600,7,63.758754,38.614878,0.063575,0.031777
14.7600,8,62.541303,39.351185,0.204146,-0.039482
14.7600,9,63.201305,38.923630,-0.177147,0.155931
14.7800,0,114.315518,38.169487,0.104800,0.297984
14.7800,1,113.765330,38.163109,-0.024240,-0.308969
14.7800,2,115.698491,38.082323,0.121799,-0.407368
14.7800,3,113.266070,38.230898,0.000000,0.000000
14.7800,4,114.925235,38.133123,-0.170550,0.802539
14.7800,5,64.299947,38.413672,0.000000,0.000000
14.7800,6,64.918971,37.916622,0.022359,0.045219
14.7800,7,63.761387,38.618066,-0.116082,-0.241960
14.7800,8,62.534480,39.333361,-0.873362,-1.717012
14.7800,9,63.207079,38.940937,0.417280,0.988156
14.8000,0,114.315940,38.157296,-0.063070,-1.498905
14.8000,1,113.766561,38.174015,0.116558,0.724140
14.8000,2,115.702116,38.092619,0.210095,0.792292
14.8000,3,113.266070,38.230898,0.000000,0.000000
14.8000,4,114.920836,38.130128,-0.261283,-1.068708
14.8000,5,64.299947,38.413672,0.000000,0.000000
14.8000,6,64.933134,37.931541,1.038118,0.853324
14.8000,7,63.754250,38.605344,-0.284219,-0.501724
14.8000,8,62.519264,39.304676,-0.345538,-0.633311
14.8000,9,63.205742,38.941971,-0.526063,-0.843882
14.8200,0,114.314118,38.135336,-0.118066,-0.735415
14.8200,1,113.769334,38.180797,0.178665,0.582137
14.8200,2,115.705759,38.090298,0.152325,-0.993526
14.8200,3,113.266070,38.230898,0.000000,0.000000
14.8200,4,114.916129,38.116451,-0.205881,-0.329640
14.8200,5,64.299947,38.413672,0.000000,0.000000
14.8200,6,64.945214,37.930422,0.086785,-0.859472
14.8200,7,63.756601,38.609279,0.506009,0.873305
14.8200,8,62.520091,39.306985,0.415280,0.838470
14.8200,9,63.199374,38.930166,-0.129108,-0.363596
14.8400,0,114.311867,38.139669,-0.101217,1.137250
14.8400,1,113.772363,38.172377,0.113158,-1.397650
14.8400,2,115.709155,38.077953,0.183303,-0.275140
14.8400,3,113.266070,38.230898,0.000000,0.000000
14.8400,4,114.912726,38.116470,-0.157654,-0.270564
14.8400,5,64.299947,38.413672,0.000000,0.000000
14.8400,6,64.948212,37.922066,0.199878,-0.009471
14.8400,7,63.761138,38.617638,-0.032768,-0.010554
14.8400,8,62.535482,39.337353,0.795844,1.629746
14.8400,9,63.206499,38.937836,0.822658,1.106809
14.8600,0,114.309297,38.155526,-0.140761,0.480337
14.8600,1,113.774372,38.150391,0.104073,-0.176833
14.8600,2,115.708436,38.091181,-0.266324,0.950137
14.8600,3,113.266070,38.230898,0.000000,0.000000
14.8600,4,114.915437,38.117012,0.379404,-0.276226
14.8600,5,64.299947,38.413672,0.000000,0.000000
14.8600,6,64.947022,37.919030,0.000198,0.242893
14.8600,7,63.755644,38.609203,-0.198992,-0.303546
14.8600,8,62.539749,39.351014,-0.346126,-0.231399
14.8600,9,63.218859,38.951835,0.100674,-0.231675
14.8800,0,114.306220,38.146903,-0.127431,-0.675396
14.8800,1,113.776162,38.163609,0.070328,1.487225
14.8800,2,115.702942,38.091877,-0.278411,-0.851560
14.8800,3,113.266070,38.230898,0.000000,0.000000
14.8800,4,114.922650,38.117496,0.306397,-0.271553
14.8800,5,64.299947,38.413672,0.000000,0.000000
14.8800,6,64.948038,37.931052,-0.210339,0.414405
14.8800,7,63.759771,38.616618,0.271228,0.458723
14.8800,8,62.522448,39.329225,-1.045005,-1.372498
14.8800,9,63.211054,38.929974,-0.544703,-1.364241
14.9000,0,114.304978,38.139861,-0.020856,-0.651993
14.9000,1,113.776194,38.184479,-0.061748,0.639736
14.9000,2,115.698477,38.082211,-0.167464,-0.149404
14.9000,3,113.266070,38.230898,0.000000,0.000000
14.9000,4,114.927886,38.118436,0.186018,-0.236160
14.9000,5,64.299947,38.413672,0.000000,0.000000
14.9000,6,64.932405,37.924594,-0.896241,-0.542955
14.9000,7,63.760600,38.617382,0.127882,0.161934
14.9000,8,62.514896,39.314867,0.260670,-0.082564
14.9000,9,63.205103,38.921587,-0.050269,0.489490
14.9200,0,114.306350,38.145696,0.153081,1.205857
14.9200,1,113.773505,38.177415,-0.199706,-1.321738
14.9200,2,115.696267,38.085261,-0.077929,-0.128856
14.9200,3,113.266070,38.230898,0.000000,0.000000
14.9200,4,114.930480,38.120229,0.047263,-0.187941
14.9200,5,64.299947,38.413672,0.000000,0.000000
14.9200,6,64.929104,37.928435,0.542755,0.900768
14.9200,7,63.758498,38.612529,-0.029499,-0.117112
14.9200,8,62.527579,39.327578,0.991360,1.329414
14.9200,9,63.213294,38.945809,0.537885,1.351839
14.9400,0,114.309730,38.162815,0.149873,-0.114660
14.9400,1,113.769526,38.157006,-0.162344,-0.096447
14.9400,2,115.695833,38.088696,0.008485,-0.110792
14.9400,3,113.266070,38.230898,0.000000,0.000000
14.9400,4,114.930354,38.122605,-0.081465,-0.176492
14.9400,5,64.299947,38.413672,0.000000,0.000000
14.9400,6,64.940272,37.937462,0.582546,0.036759
14.9400,7,63.758968,38.612358,-0.237726,-0.429063
14.9400,8,62.541560,39.345861,0.105751,-0.015695
14.9400,9,63.214126,38.953843,-0.434364,-0.519513
14.9600,0,114.312001,38.142801,0.096558,-1.230799
14.9600,1,113.767327,38.171980,-0.047604,1.588760
14.9600,2,115.697020,38.092545,0.082845,-0.088043
14.9600,3,113.266070,38.230898,0.000000,0.000000
14.9600,4,114.927981,38.125623,-0.150011,0.458312
14.9600,5,64.299947,38.413672,0.000000,0.000000
14.9600,6,64.941704,37.922335,-0.190228,-0.874425
14.9600,7,63.755417,38.606325,-0.425111,-0.698959
14.9600,8,62.532617,39.328342,-0.661371,-1.156682
14.9600,9,63.196573,38.926062,-0.982364,-1.676452
14.9800,0,114.314228,38.137832,0.116605,0.692648
14.9800,1,113.766425,38.182347,-0.034862,-0.500064
14.9800,2,115.699047,38.085685,0.141145,-0.017699
14.9800,3,113.266070,38.230898,0.000000,0.000000
14.9800,4,114.924170,38.129207,-0.197687,0.505659
14.9800,5,64.299947,38.413672,0.000000,0.000000
14.9800,6,64.945785,37.924571,0.251171,0.492668
14.9800,7,63.755232,38.606799,0.396102,0.726695
14.9800,8,62.527666,39.321034,0.153642,0.400424
14.9800,9,63.187420,38.908557,0.044219,-0.107330
15.0000,0,114.315898,38.156701,0.022287,0.619548
15.0000,1,113.766463,38.165847,0.057515,-0.568221
15.0000,2,115.702499,38.091185,0.176071,-0.010941
15.0000,3,113.266070,38.230898,0.000000,0.000000
15.0000,4,114.919327,38.120831,-0.252210,-0.690613
15.0000,5,64.299947,38.413672,0.000000,0.000000
15.0000,6,64.945581,37.931054,0.047825,0.693232
15.0000,7,63.764187,38.623438,0.191797,0.417811
15.0000,8,62.531918,39.332407,-0.025050,0.221850
15.0000,9,63.197452,38.920541,0.937344,1.276835
